batch_size,repetition,iteration,batch_latency_ms,latency_ms_per_sample,throughput_samples_per_second,estimated_joules_per_sample
1,1,1,19.72557,19.72557,50.69561994913201,0.345197475
1,1,2,19.730959,19.730959,50.681773754636055,0.3452917825
1,1,3,19.91436,19.91436,50.215020718717554,0.34850129999999996
1,1,4,19.732619,19.732619,50.677510167302174,0.3453208325
1,1,5,19.663942,19.663942,50.85450313065407,0.34411898499999993
1,1,6,19.596874,19.596874,51.02854669576382,0.342945295
1,1,7,19.553391,19.553391,51.142024419191536,0.3421843425
1,1,8,19.759067,19.759067,50.60967706622989,0.3457836725
1,1,9,19.623718,19.623718,50.95874288450333,0.343415065
1,1,10,20.257919,20.257919,49.36341190820241,0.35451358250000004
1,1,11,19.683895,19.683895,50.80295337889173,0.3444681625
1,1,12,19.652404,19.652404,50.88435999992672,0.34391707000000005
1,1,13,19.627687,19.627687,50.94843829535288,0.3434845225
1,1,14,19.456879,19.456879,51.39570431619583,0.3404953825
1,1,15,19.238135,19.238135,51.98009058570386,0.33666736249999996
1,1,16,19.345676,19.345676,51.6911375958121,0.33854933
1,1,17,19.173428,19.173428,52.155514392105566,0.33553499
1,1,18,19.411072,19.411072,51.51698989113017,0.33969376
1,1,19,19.442373,19.442373,51.43405077147733,0.34024152750000003
1,1,20,19.369144,19.369144,51.62850769244114,0.33896002
1,1,21,19.325784,19.325784,51.744343204912155,0.33820121999999997
1,1,22,19.475708,19.475708,51.3460152514096,0.34082489000000005
1,1,23,19.64576,19.64576,50.90156858273745,0.34380079999999996
1,1,24,20.001956,20.001956,49.99511047819523,0.35003423
1,1,25,20.21215,20.21215,49.47519190190059,0.353712625
1,1,26,19.748541,19.748541,50.6366520949573,0.3455994675
1,1,27,19.701385,19.701385,50.75785281085569,0.34477423749999997
1,1,28,19.675789,19.675789,50.82388309815682,0.34432630750000004
1,1,29,19.769017,19.769017,50.58420456616532,0.34595779750000005
1,1,30,19.730794,19.730794,50.682197584141825,0.345288895
1,1,31,20.051168,20.051168,49.87240643537573,0.35089544
1,1,32,20.476307,20.476307,48.83693138611372,0.35833537249999997
1,1,33,20.320934,20.320934,49.21033649339149,0.355616345
1,1,34,19.999435,19.999435,50.00141253990425,0.34999011249999995
1,1,35,19.882532,19.882532,50.29540503191444,0.34794431000000003
1,1,36,19.995965,19.995965,50.0100895355638,0.3499293875
1,1,37,19.942999,19.942999,50.14290980007571,0.3490024825
1,1,38,20.161459,20.161459,49.599585030031804,0.3528255325
1,1,39,19.810167,19.810167,50.47913023650936,0.3466779225
1,1,40,19.980476,19.980476,50.04885769488174,0.34965832999999996
1,1,41,19.765536,19.765536,50.593113184484345,0.34589688
1,1,42,19.738006,19.738006,50.663678995740504,0.345415105
1,1,43,19.782663,19.782663,50.549311788812254,0.3461966025
1,1,44,19.64985,19.64985,50.89097372244572,0.343872375
1,1,45,19.580379,19.580379,51.07153441718365,0.3426566325
1,1,46,19.34189,19.34189,51.70125566839642,0.33848307499999997
1,1,47,19.527574,19.527574,51.20963822746235,0.341732545
1,1,48,19.968552,19.968552,50.0787438167775,0.34944966
1,1,49,19.325404,19.325404,51.745360666198756,0.33819456999999997
1,1,50,19.458834,19.458834,51.390540666516806,0.34052959499999996
1,1,51,19.677656,19.677656,50.819060969456935,0.34435898
1,1,52,19.737852,19.737852,50.66407428731353,0.34541241
1,1,53,19.447149,19.447149,51.42141914992269,0.3403251075
1,1,54,19.290087,19.290087,51.84009797363796,0.33757652250000003
1,1,55,19.603343,19.603343,51.0117075439633,0.3430585025
1,1,56,19.219406,19.219406,52.03074434246304,0.336339605
1,1,57,19.527829,19.527829,51.2089695172976,0.3417370075
1,1,58,19.106856,19.106856,52.3372343414322,0.33436998
1,1,59,19.171165,19.171165,52.161670926101785,0.3354953875
1,1,60,19.035052,19.035052,52.534660793151495,0.33311341
1,1,61,19.20836,19.20836,52.06066525200485,0.3361463
1,1,62,19.143743,19.143743,52.23638867278985,0.3350155025
1,1,63,18.961659,18.961659,52.738001458627636,0.33182903250000007
1,1,64,19.359948,19.359948,51.65303129946424,0.33879908999999997
1,1,65,19.336578,19.336578,51.715458650439594,0.338390115
1,1,66,19.113562,19.113562,52.318871804219434,0.33448733500000005
1,1,67,19.390854,19.390854,51.57070441559716,0.339339945
1,1,68,19.268679,19.268679,51.89769366130392,0.33720188249999994
1,1,69,19.419537,19.419537,51.4945335720414,0.33984189749999993
1,1,70,19.176562,19.176562,52.1469906858174,0.335589835
1,1,71,19.084392,19.084392,52.398839847766695,0.33397686000000004
1,1,72,19.273796,19.273796,51.88391534288316,0.33729143
1,1,73,19.35909,19.35909,51.65532057550226,0.33878407499999996
1,1,74,19.34891,19.34891,51.6824978771414,0.33860592500000003
1,1,75,19.534494,19.534494,51.191497460850535,0.341853645
1,1,76,19.275861,19.275861,51.87835708091068,0.3373275675
1,1,77,19.60845,19.60845,50.99842159885151,0.343147875
1,1,78,19.554042,19.554042,51.140321781041486,0.34219573499999995
1,1,79,19.612162,19.612162,50.9887691117379,0.34321283500000005
1,1,80,19.473467,19.473467,51.35192413348892,0.34078567249999997
1,1,81,19.448471,19.448471,51.417923804909904,0.3403482425
1,1,82,19.826203,19.826203,50.43830127231119,0.3469585525
1,1,83,19.578231,19.578231,51.07713766376544,0.34261904249999997
1,1,84,19.528769,19.528769,51.20650461890352,0.3417534575
1,1,85,19.303532,19.303532,51.80399110380421,0.33781181000000005
1,1,86,19.270397,19.270397,51.893066863126904,0.33723194749999996
1,1,87,19.346769,19.346769,51.68821729354395,0.3385684575
1,1,88,19.385175,19.385175,51.58581235402827,0.3392405625
1,1,89,19.460206,19.460206,51.386917486896074,0.340553605
1,1,90,19.244197,19.244197,51.963716646633785,0.3367734475
1,1,91,19.116054,19.116054,52.312051430698,0.33453094499999997
1,1,92,19.435506,19.435506,51.452223574729665,0.340121355
1,1,93,19.052983,19.052983,52.485219768474046,0.3334272025
1,1,94,19.221724,19.221724,52.02446981342569,0.33638017
1,1,95,19.527177,19.527177,51.21067935216647,0.3417255975
1,1,96,19.119038,19.119038,52.30388683782102,0.334583165
1,1,97,19.504129,19.504129,51.271194935185264,0.3413222575
1,1,98,19.33729,19.33729,51.7135544846253,0.33840257500000004
1,1,99,19.282881,19.282881,51.85947058429703,0.3374504175
1,1,100,19.195948,19.195948,52.09432740701319,0.33592909000000004
1,1,101,18.943574,18.943574,52.788349231248546,0.33151254500000005
1,1,102,19.112764,19.112764,52.321056232369116,0.33447337
1,1,103,19.050769,19.050769,52.491319379285954,0.33338845749999996
1,1,104,19.336753,19.336753,51.71499061915927,0.33839317750000003
1,1,105,19.012993,19.012993,52.59561185343096,0.33272737750000003
1,1,106,19.049803,19.049803,52.493981171353845,0.3333715525
1,1,107,19.396354,19.396354,51.556081106789456,0.339436195
1,1,108,19.189859,19.189859,52.11085709384316,0.3358225325
1,1,109,19.002328,19.002328,52.625130983951024,0.33254073999999995
1,1,110,18.886272,18.886272,52.94851201973581,0.33050976000000004
1,1,111,18.836241,18.836241,53.08914873195772,0.32963421750000005
1,1,112,19.366903,19.366903,51.63448177542893,0.33892080250000006
1,1,113,19.203435,19.203435,52.074016966235476,0.3360601125
1,1,114,18.983747,18.983747,52.67663965391026,0.3322155725
1,1,115,19.282907,19.282907,51.85940065986938,0.3374508725
1,1,116,19.502952,19.502952,51.274289143510174,0.34130166
1,1,117,19.116933,19.116933,52.30964611321283,0.3345463275
1,1,118,19.041083,19.041083,52.518021165077634,0.3332189525
1,1,119,19.018349,19.018349,52.580799731879985,0.33282110750000005
1,1,120,18.847329,18.847329,53.05791605802605,0.32982825749999994
1,1,121,19.153934,19.153934,52.2085958947128,0.335193845
1,1,122,19.773225,19.773225,50.573439588129915,0.3460314375
1,1,123,19.586356,19.586356,51.05594935576582,0.34276123
1,1,124,19.560913,19.560913,51.122358143507924,0.3423159775
1,1,125,19.40079,19.40079,51.544292783953644,0.339513825
1,1,126,19.210203,19.210203,52.05567062461547,0.3361785525
1,1,127,19.665212,19.665212,50.85121889354663,0.34414121
1,1,128,19.255845,19.255845,51.93228341835946,0.3369772875
1,1,129,19.481812,19.481812,51.32992762685524,0.34093171
1,1,130,18.87845,18.87845,52.97045043422526,0.330372875
1,1,131,19.274307,19.274307,51.88253979766951,0.3373003725
1,1,132,19.264748,19.264748,51.90828346158486,0.33713309
1,1,133,19.185112,19.185112,52.12375095855578,0.33573946
1,1,134,19.338271,19.338271,51.71093113753552,0.3384197425
1,1,135,18.977924,18.977924,52.692802437189656,0.33211367
1,1,136,18.923202,18.923202,52.84517916153936,0.33115603499999996
1,1,137,19.520724,19.520724,51.22760815633683,0.34161267000000006
1,1,138,19.009255,19.009255,52.60595431015051,0.3326619625
1,1,139,18.733259,18.733259,53.38099473241682,0.32783203250000004
1,1,140,18.852366,18.852366,53.0437399740701,0.329916405
1,1,141,19.001672,19.001672,52.62694777596413,0.33252925999999994
1,1,142,19.400888,19.400888,51.54403241748523,0.33951554
1,1,143,19.155584,19.155584,52.2040988152593,0.33522272000000003
1,1,144,18.883602,18.883602,52.95599854307457,0.330463035
1,1,145,19.012706,19.012706,52.596405793052284,0.332722355
1,1,146,18.933342,18.933342,52.81687723171113,0.331333485
1,1,147,19.36872,19.36872,51.6296378903717,0.3389526
1,1,148,19.369749,19.369749,51.62689511361247,0.33897060749999997
1,1,149,18.873846,18.873846,52.9833718045596,0.330292305
1,1,150,19.012344,19.012344,52.59740724236843,0.33271601999999995
1,1,151,19.159745,19.159745,52.1927614381089,0.3352955375
1,1,152,19.377771,19.377771,51.60552263725276,0.3391109925
1,1,153,18.986512,18.986512,52.66896837080976,0.33226396
1,1,154,19.109041,19.109041,52.331249904168395,0.33440821750000005
1,1,155,19.247947,19.247947,51.95359276498423,0.3368390725
1,1,156,19.137725,19.137725,52.252814793816924,0.3349101875
1,1,157,19.166741,19.166741,52.17371070021764,0.33541796749999997
1,1,158,18.99939,18.99939,52.63326875231258,0.33248932499999995
1,1,159,19.193606,19.193606,52.100683946518444,0.335888105
1,1,160,19.137364,19.137364,52.253800471162066,0.33490387000000005
1,1,161,19.290585,19.290585,51.83875968510027,0.3375852375
1,1,162,19.683577,19.683577,50.80377413109416,0.3444625975
1,1,163,19.354999,19.354999,51.66623878409914,0.33871248249999997
1,1,164,19.251017,19.251017,51.945307616735256,0.3368927975
1,1,165,19.316551,19.316551,51.76907616685815,0.3380396425
1,1,166,19.196275,19.196275,52.09344000333398,0.3359348125
1,1,167,19.127619,19.127619,52.28042235680249,0.3347333325
1,1,168,19.095579,19.095579,52.368142385208635,0.3341726325
1,1,169,18.925707,18.925707,52.83818459199437,0.3311998725
1,1,170,19.055286,19.055286,52.47887646503968,0.33346750499999994
1,1,171,19.027695,19.027695,52.55497315886133,0.33298466250000003
1,1,172,19.078716,19.078716,52.414428727803276,0.33387753
1,1,173,19.207186,19.207186,52.063847353797684,0.336125755
1,1,174,19.125127,19.125127,52.2872344847697,0.33468972249999995
1,1,175,19.192239,19.192239,52.10439490671203,0.33586418250000005
1,1,176,18.88037,18.88037,52.96506371432339,0.330406475
1,1,177,19.145061,19.145061,52.23279257245512,0.3350385675
1,1,178,19.352359,19.352359,51.6732869620701,0.3386662825
1,1,179,19.060123,19.060123,52.465558590571526,0.33355215250000003
1,1,180,19.080058,19.080058,52.41074214763917,0.333901015
1,1,181,18.943004,18.943004,52.78993764663725,0.33150257
1,1,182,19.257668,19.257668,51.92736732194158,0.33700919
1,1,183,19.278618,19.278618,51.87093805167984,0.337375815
1,1,184,19.011209,19.011209,52.6005473928565,0.33269615750000003
1,1,185,18.798195,18.798195,53.19659680091626,0.3289684125
1,1,186,18.770781,18.770781,53.27428837404261,0.3284886675
1,1,187,19.525016,19.525016,51.21634727469622,0.34168778000000005
1,1,188,19.243162,19.243162,51.966511532772,0.336755335
1,1,189,18.94441,18.94441,52.786019728247005,0.331527175
1,1,190,18.750626,18.750626,53.33155277055817,0.32813595500000003
1,1,191,18.791529,18.791529,53.21546745876825,0.3288517575
1,1,192,19.170971,19.170971,52.16219877438654,0.33549199250000006
1,1,193,19.137933,19.137933,52.25224688580528,0.33491382750000004
1,1,194,18.828024,18.828024,53.11231810624418,0.32949041999999995
1,1,195,18.834055,18.834055,53.095310595620546,0.3295959625
1,1,196,19.29944,19.29944,51.81497494227811,0.3377402
1,1,197,19.103467,19.103467,52.34651908996415,0.33431067249999996
1,1,198,19.503024,19.503024,51.274099852412625,0.34130291999999995
1,1,199,19.086357,19.086357,52.39344522372709,0.33401124749999994
1,1,200,18.92827,18.92827,52.83102998847755,0.331244725
1,1,201,18.870529,18.870529,52.992685048733925,0.3302342575
1,1,202,18.886596,18.886596,52.94760368676282,0.33051543000000005
1,1,203,19.110313,19.110313,52.32776668807047,0.33443047750000005
1,1,204,19.153543,19.153543,52.20966167982603,0.3351870025
1,1,205,18.997908,18.997908,52.63737459935063,0.33246339
1,1,206,18.994622,18.994622,52.64648067226608,0.332405885
1,1,207,19.260069,19.260069,51.92089394902998,0.3370512075
1,1,208,18.927711,18.927711,52.83259026936749,0.33123494249999996
1,1,209,18.957713,18.957713,52.748978740209864,0.33175997749999997
1,1,210,18.64399,18.64399,53.63658744721489,0.32626982499999996
1,1,211,19.01612,19.01612,52.586963060813666,0.3327821
1,1,212,19.047281,19.047281,52.500931760286406,0.3333274175
1,1,213,18.961885,18.961885,52.73737289304308,0.3318329875
1,1,214,18.913662,18.913662,52.87183412709818,0.330989085
1,1,215,19.171489,19.171489,52.160789388868025,0.3355010575
1,1,216,18.974504,18.974504,52.702299886205196,0.33205382
1,1,217,19.155648,19.155648,52.20392439869431,0.33522384
1,1,218,19.141134,19.141134,52.243508665683024,0.33496984500000004
1,1,219,19.086419,19.086419,52.39327502974759,0.3340123325
1,1,220,19.593717,19.593717,51.03676857229284,0.3428900475
1,1,221,19.370451,19.370451,51.625024115339386,0.33898289249999997
1,1,222,19.317909,19.317909,51.76543693212345,0.33806340749999997
1,1,223,19.216377,19.216377,52.03894573883516,0.3362865975
1,1,224,19.310065,19.310065,51.78646472707368,0.33792613750000006
1,1,225,19.118535,19.118535,52.30526292940332,0.3345743625
1,1,226,19.244554,19.244554,51.96275268317468,0.336779695
1,1,227,19.487898,19.487898,51.31389747626963,0.34103821500000003
1,1,228,19.819253,19.819253,50.45598842701085,0.3468369275
1,1,229,19.649915,19.649915,50.89080538007416,0.3438735125
1,1,230,19.425403,19.425403,51.47898347334158,0.3399445525
1,1,231,19.413062,19.413062,51.5117089720313,0.339728585
1,1,232,19.330584,19.330584,51.73149450632221,0.33828522000000005
1,1,233,19.668181,19.668181,50.843542674332724,0.3441931675
1,1,234,19.44802,19.44802,51.41911618766332,0.34034035
1,1,235,19.49656,19.49656,51.291099558075885,0.3411898
1,1,236,19.673401,19.673401,50.83005221110473,0.3442845175
1,1,237,19.709562,19.709562,50.736794658349076,0.344917335
1,1,238,19.731895,19.731895,50.67936961959304,0.3453081625
1,1,239,19.206889,19.206889,52.06465242757429,0.33612055750000003
1,1,240,19.403624,19.403624,51.536764472451125,0.33956342
1,1,241,19.552547,19.552547,51.14423200210182,0.3421695725
1,1,242,19.305576,19.305576,51.79850629683362,0.33784758
1,1,243,19.472016,19.472016,51.35575073479808,0.34076028
1,1,244,19.086569,19.086569,52.39286327469332,0.33401495750000004
1,1,245,19.143377,19.143377,52.23738737423392,0.3350090975
1,1,246,19.273743,19.273743,51.884058016131064,0.3372905025
1,1,247,19.531239,19.531239,51.200028835856244,0.34179668249999995
1,1,248,19.878901,19.878901,50.30459178804704,0.34788076749999997
1,1,249,19.221753,19.221753,52.02439132372578,0.3363806775
1,1,250,19.332244,19.332244,51.727052482888176,0.33831427
1,1,251,19.171647,19.171647,52.16035951423474,0.3355038225
1,1,252,19.16446,19.16446,52.17992054041701,0.33537805
1,1,253,19.40717,19.40717,51.52734788225176,0.339625475
1,1,254,19.223326,19.223326,52.02013428893627,0.336408205
1,1,255,19.330749,19.330749,51.731052945749795,0.33828810750000005
1,1,256,19.354683,19.354683,51.667082328343994,0.3387069525
1,1,257,19.552185,19.552185,51.14517891478624,0.34216323750000005
1,1,258,19.364308,19.364308,51.64140128322685,0.33887539000000005
1,1,259,19.421874,19.421874,51.48833732522413,0.33988279499999996
1,1,260,19.67092,19.67092,50.83646316491553,0.34424109999999997
1,1,261,19.205447,19.205447,52.06856159088617,0.3360953225
1,1,262,19.081454,19.081454,52.40690777547665,0.33392544500000004
1,1,263,19.333003,19.333003,51.72502171545724,0.3383275525
1,1,264,19.221709,19.221709,52.024510411639255,0.3363799075
1,1,265,19.043652,19.043652,52.51093645273501,0.33326391
1,1,266,19.087022,19.087022,52.39161981371426,0.33402288500000005
1,1,267,19.039051,19.039051,52.52362630889533,0.3331833925
1,1,268,19.199538,19.199538,52.08458661869884,0.33599191500000003
1,1,269,19.053772,19.053772,52.483046401520916,0.3334410099999999
1,1,270,19.233133,19.233133,51.993609153537285,0.3365798275
1,1,271,19.179137,19.179137,52.139989406196946,0.33563489750000003
1,1,272,19.195225,19.195225,52.096289572015955,0.33591643750000005
1,1,273,19.46751,19.46751,51.36763766912153,0.340681425
1,1,274,19.227169,19.227169,52.00973684685458,0.3364754575
1,1,275,19.185061,19.185061,52.12388952008023,0.33573856750000003
1,1,276,19.077569,19.077569,52.41758003863071,0.3338574575
1,1,277,20.141928,20.141928,49.64768020221302,0.35248374
1,1,278,19.306391,19.306391,51.79631967466109,0.3378618425
1,1,279,19.220572,19.220572,52.02758794067106,0.33636001
1,1,280,19.056248,19.056248,52.476227219544995,0.33348434
1,1,281,18.780367,18.780367,53.2470957569679,0.3286564225
1,1,282,19.074009,19.074009,52.42736332985897,0.3337951575
1,1,283,19.669464,19.669464,50.84022625120847,0.34421562
1,1,284,19.392474,19.392474,51.56639632467729,0.339368295
1,1,285,19.260814,19.260814,51.918885671187105,0.337064245
1,1,286,19.228152,19.228152,52.007077955281396,0.33649266
1,1,287,19.239748,19.239748,51.975732738287434,0.33669559
1,1,288,19.164974,19.164974,52.17852108747969,0.335387045
1,1,289,18.966675,18.966675,52.724054163420845,0.3319168125
1,1,290,19.182343,19.182343,52.1312751002315,0.33569100249999995
1,1,291,19.083391,19.083391,52.40158837598622,0.3339593425
1,1,292,19.482633,19.482633,51.327764578843116,0.3409460775
1,1,293,19.124567,19.124567,52.288765544338865,0.33467992249999995
1,1,294,19.102903,19.102903,52.348064584738765,0.33430080250000005
1,1,295,19.139849,19.139849,52.24701615984536,0.3349473575
1,1,296,19.306104,19.306104,51.79708966656349,0.33785682
1,1,297,19.176409,19.176409,52.147406743358474,0.3355871575
1,1,298,19.625032,19.625032,50.95533092633938,0.34343806
1,1,299,19.186984,19.186984,52.11866544528312,0.33577222
1,1,300,19.013875,19.013875,52.59317209143323,0.33274281249999993
1,1,301,19.411929,19.411929,51.51471551333203,0.3397087575
1,1,302,19.175274,19.175274,52.15049339060291,0.33556729500000004
1,1,303,18.964057,18.964057,52.7313327522692,0.3318709975
1,1,304,19.070116,19.070116,52.43806592471698,0.33372703
1,1,305,19.392792,19.392792,51.565550746896065,0.33937385999999997
1,1,306,19.184185,19.184185,52.12626963303367,0.3357232375
1,1,307,19.418899,19.418899,51.49622540392223,0.3398307325
1,1,308,19.67083,19.67083,50.836695757118534,0.34423952499999994
1,1,309,18.937806,18.937806,52.804427292158344,0.33141160499999994
1,1,310,19.222216,19.222216,52.02313822714301,0.33638878
1,1,311,19.094846,19.094846,52.37015265794759,0.33415980500000003
1,1,312,19.040401,19.040401,52.51990228567141,0.3332070175
1,1,313,18.972131,18.972131,52.70889179502292,0.33201229250000003
1,1,314,19.106406,19.106406,52.33846700420791,0.33436210499999997
1,1,315,19.037503,19.037503,52.52789717222894,0.33315630250000006
1,1,316,19.206007,19.206007,52.06704339949475,0.3361051225
1,1,317,19.092131,19.092131,52.37759996513748,0.33411229249999996
1,1,318,19.205302,19.205302,52.06895470844457,0.336092785
1,1,319,18.937452,18.937452,52.80541437147933,0.33140541
1,1,320,19.234258,19.234258,51.99056807910136,0.336599515
1,1,321,19.099402,19.099402,52.35766020318332,0.33423953500000003
1,1,322,18.839364,18.839364,53.080348147633856,0.32968887
1,1,323,18.679593,18.679593,53.53435698518699,0.3268928775
1,1,324,19.036139,19.036139,52.53166096339179,0.3331324325
1,1,325,19.101228,19.101228,52.35265502301738,0.33427148999999995
1,1,326,18.861878,18.861878,53.016990142763085,0.330082865
1,1,327,19.056279,19.056279,52.47614185329676,0.3334848825
1,1,328,19.011108,19.011108,52.600826842917314,0.33269439
1,1,329,19.305602,19.305602,51.798436536710945,0.337848035
1,1,330,18.921423,18.921423,52.8501476870952,0.33112490250000004
1,1,331,19.096101,19.096101,52.366710879880664,0.33418176750000006
1,1,332,19.17623,19.17623,52.147893511915534,0.335584025
1,1,333,19.309585,19.309585,51.78775204127899,0.3379177375
1,1,334,18.916195,18.916195,52.86475424893855,0.3310334125
1,1,335,18.830329,18.830329,53.10581668541214,0.3295307575
1,1,336,18.966981,18.966981,52.7232035504227,0.3319221675
1,1,337,19.084643,19.084643,52.39815070158766,0.3339812525
1,1,338,19.383733,19.383733,51.589649939978024,0.3392153275
1,1,339,18.922467,18.922467,52.847231811792824,0.33114317249999997
1,1,340,18.928653,18.928653,52.82996101201707,0.33125142750000003
1,1,341,18.955385,18.955385,52.75545709042576,0.33171923750000004
1,1,342,19.081913,19.081913,52.40564716965223,0.33393347749999996
1,1,343,19.082759,19.082759,52.403323858987065,0.3339482825
1,1,344,18.72751,18.72751,53.3973817127851,0.327731425
1,1,345,18.987634,18.987634,52.66585610403065,0.332283595
1,1,346,18.904781,18.904781,52.89667201117009,0.3308336675
1,1,347,19.11031,19.11031,52.32777490265726,0.334430425
1,1,348,19.21269,19.21269,52.048932242179525,0.33622207499999995
1,1,349,19.041235,19.041235,52.51760193075712,0.3332216125
1,1,350,19.307904,19.307904,51.79226082748288,0.33788832
1,1,351,19.050883,19.050883,52.49100527256401,0.3333904525
1,1,352,18.847173,18.847173,53.058355223884234,0.32982552750000005
1,1,353,18.981605,18.981605,52.68258400698993,0.33217808749999994
1,1,354,18.907466,18.907466,52.88916029255322,0.33088065499999997
1,1,355,19.080489,19.080489,52.40955826656225,0.33390855750000004
1,1,356,19.08656,19.08656,52.39288797981407,0.3340148
1,1,357,19.068092,19.068092,52.443632011005604,0.33369161
1,1,358,19.511079,19.511079,51.25293173176123,0.34144388249999996
1,1,359,19.566138,19.566138,51.10870627611847,0.34240741499999994
1,1,360,19.19031,19.19031,52.10963241344199,0.335830425
1,1,361,19.232626,19.232626,51.994979780712214,0.33657095499999995
1,1,362,19.075365,19.075365,52.42363645466286,0.3338188875
1,1,363,19.442159,19.442159,51.43461690648657,0.3402377825
1,1,364,19.385433,19.385433,51.58512580038836,0.3392450775
1,1,365,19.431497,19.431497,51.46283891560182,0.3400511975
1,1,366,19.479894,19.479894,51.33498159692245,0.340898145
1,1,367,19.346401,19.346401,51.689200487470515,0.33856201750000003
1,1,368,19.622327,19.622327,50.96235528028863,0.34339072249999997
1,1,369,19.168936,19.168936,52.167736383490464,0.33545637999999994
1,1,370,19.157497,19.157497,52.19888589829872,0.33525619749999996
1,1,371,19.206749,19.206749,52.065031932265065,0.33611810749999993
1,1,372,18.971321,18.971321,52.71114225519668,0.33199811749999997
1,1,373,19.359823,19.359823,51.65336480607287,0.3387969025
1,1,374,19.61191,19.61191,50.98942428350935,0.34320842500000004
1,1,375,19.312384,19.312384,51.78024629170588,0.33796672
1,1,376,19.502756,19.502756,51.27480444302333,0.34129823000000004
1,1,377,19.650778,19.650778,50.888570416906646,0.34388861499999995
1,1,378,19.901796,19.901796,50.246721451672,0.34828143
1,1,379,19.49666,19.49666,51.29083648173585,0.34119154999999995
1,1,380,18.804161,18.804161,53.17971910578728,0.3290728175
1,1,381,19.035719,19.035719,52.53282001063369,0.3331250825
1,1,382,18.751888,18.751888,53.3279635629223,0.32815804000000004
1,1,383,19.086353,19.086353,52.393456204021795,0.3340111775
1,1,384,19.008543,19.008543,52.60792476309205,0.33264950249999997
1,1,385,19.133276,19.133276,52.26496497515638,0.33483232999999996
1,1,386,19.114458,19.114458,52.31641933033101,0.334503015
1,1,387,18.830052,18.830052,53.10659789999518,0.32952591
1,1,388,19.270265,19.270265,51.89342232709307,0.33722963749999996
1,1,389,19.062506,19.062506,52.458999881757414,0.33359385499999994
1,1,390,18.805869,18.805869,53.174889179542824,0.32910270750000004
1,1,391,18.868829,18.868829,52.99745946078583,0.3302045075
1,1,392,19.063884,19.063884,52.45520797335946,0.33361797000000004
1,1,393,19.289882,19.289882,51.84064889562311,0.33757293499999996
1,1,394,19.112378,19.112378,52.32211292597918,0.33446661499999997
1,1,395,19.049699,19.049699,52.49426775719658,0.3333697325
1,1,396,19.03558,19.03558,52.53320361134255,0.33312264999999996
1,1,397,18.83723,18.83723,53.086361423627565,0.32965152500000006
1,1,398,19.168113,19.168113,52.16997625170511,0.3354419775
1,1,399,19.560104,19.560104,51.12447254881672,0.34230182
1,1,400,19.037352,19.037352,52.528313811710795,0.33315365999999996
1,1,401,19.086748,19.086748,52.392371922131524,0.33401809000000005
1,1,402,18.965692,18.965692,52.726786873898405,0.33189961
1,1,403,19.169031,19.169031,52.16747784486342,0.33545804250000005
1,1,404,18.983995,18.983995,52.67595150546553,0.33221991250000005
1,1,405,19.1084,19.1084,52.33300537983295,0.334397
1,1,406,19.563042,19.563042,51.116794617115275,0.342353235
1,1,407,19.609709,19.609709,50.99514735277306,0.3431699075
1,1,408,19.633351,19.633351,50.93374024637974,0.3435836425
1,1,409,19.398543,19.398543,51.550263336787715,0.33947450250000005
1,1,410,19.262953,19.262953,51.91312048573238,0.3371016775
1,1,411,19.33985,19.33985,51.70670920405278,0.33844737499999994
1,1,412,19.422096,19.422096,51.48774879909975,0.33988668
1,1,413,19.538623,19.538623,51.180679416353954,0.3419259025
1,1,414,19.246458,19.246458,51.9576121486873,0.336813015
1,1,415,19.213877,19.213877,52.04571674940981,0.3362428475
1,1,416,18.978289,18.978289,52.69178902270906,0.3321200575
1,1,417,18.936445,18.936445,52.80822245146859,0.3313877875
1,1,418,19.456196,19.456196,51.3975085366122,0.34048343
1,1,419,19.375175,19.375175,51.61243704895569,0.3390655625
1,1,420,19.498436,19.498436,51.28616469546583,0.34122263
1,1,421,19.295223,19.295223,51.826299182963574,0.3376664025
1,1,422,19.309114,19.309114,51.78901528055611,0.337909495
1,1,423,19.717848,19.717848,50.71547361557914,0.34506234
1,1,424,19.853778,19.853778,50.368247292782264,0.34744111499999997
1,1,425,19.497507,19.497507,51.28860833336283,0.34120637249999997
1,1,426,19.305986,19.305986,51.79740625524125,0.337854755
1,1,427,19.245378,19.245378,51.96052787323793,0.33679411499999995
1,1,428,19.246428,19.246428,51.957693136617344,0.33681249
1,1,429,19.3233,19.3233,51.7509949128772,0.33815775000000003
1,1,430,19.164026,19.164026,52.18110223812052,0.335370455
1,1,431,19.094573,19.094573,52.37090140743132,0.33415502750000003
1,1,432,19.090431,19.090431,52.38226418251113,0.33408254249999997
1,1,433,19.051102,19.051102,52.490401867566504,0.333394285
1,1,434,19.131073,19.131073,52.27098344144105,0.33479377750000006
1,1,435,19.310347,19.310347,51.78570845982209,0.33793107250000004
1,1,436,19.394378,19.394378,51.56133390820783,0.339401615
1,1,437,19.246782,19.246782,51.956737495130355,0.336818685
1,1,438,19.515081,19.515081,51.242421181854176,0.3415139175
1,1,439,19.400535,19.400535,51.54497028045876,0.3395093625
1,1,440,19.095349,19.095349,52.36877314994348,0.3341686075
1,1,441,19.082235,19.082235,52.40476285927723,0.3339391125
1,1,442,19.160091,19.160091,52.19181892194562,0.3353015925
1,1,443,19.544273,19.544273,51.1658837348414,0.34202477750000004
1,1,444,19.245794,19.245794,51.95940474058904,0.336801395
1,1,445,19.104558,19.104558,52.34352974824123,0.334329765
1,1,446,19.251849,19.251849,51.94306271569032,0.3369073575
1,1,447,19.225262,19.225262,52.01489581780472,0.336442085
1,1,448,19.590038,19.590038,51.0463532536282,0.342825665
1,1,449,19.585766,19.585766,51.057487360974285,0.342750905
1,1,450,19.377288,19.377288,51.60680896108888,0.33910253999999995
1,1,451,19.534585,19.534585,51.19125899014492,0.34185523749999996
1,1,452,19.129904,19.129904,52.274177643546984,0.33477332
1,1,453,19.093945,19.093945,52.372623886787146,0.33414403750000005
1,1,454,19.211272,19.211272,52.05277401725403,0.33619726000000005
1,1,455,19.404557,19.404557,51.534286508060966,0.3395797475
1,1,456,19.365052,19.365052,51.63941723471748,0.33888841
1,1,457,19.285297,19.285297,51.85297379656637,0.3374926975
1,1,458,19.378918,19.378918,51.60246820797735,0.33913106499999995
1,1,459,19.146851,19.146851,52.22790943534265,0.3350698925
1,1,460,19.564889,19.564889,51.111968997115184,0.3423855575
1,1,461,19.262177,19.262177,51.915211868315815,0.3370880975
1,1,462,19.106851,19.106851,52.33724803736629,0.3343698925
1,1,463,19.38668,19.38668,51.58180771540047,0.3392669
1,1,464,19.15972,19.15972,52.19282954030643,0.3352951
1,1,465,19.495345,19.495345,51.29429615120943,0.34116853750000004
1,1,466,19.430171,19.430171,51.46635096520766,0.34002799250000004
1,1,467,19.373436,19.373436,51.61706988889322,0.33903513
1,1,468,19.430282,19.430282,51.466056951721036,0.34002993499999995
1,1,469,19.1283,19.1283,52.2785610848847,0.33474525
1,1,470,19.300972,19.300972,51.81086216797785,0.33776701000000003
1,1,471,19.086106,19.086106,52.39413424613695,0.33400685500000005
1,1,472,19.066263,19.066263,52.44866285543213,0.3336596025
1,1,473,19.265908,19.265908,51.90515806470165,0.33715339
1,1,474,19.540911,19.540911,51.17468678916761,0.34196594250000006
1,1,475,19.52523,19.52523,51.21578593440384,0.341691525
1,1,476,19.149931,19.149931,52.2195093026706,0.33512379249999996
1,1,477,19.167903,19.167903,52.17054781631564,0.33543830249999995
1,1,478,19.372364,19.372364,51.61992620002391,0.33901637
1,1,479,19.372865,19.372865,51.6185912615403,0.3390251375
1,1,480,19.001234,19.001234,52.62816088681399,0.332521595
1,1,481,18.647766,18.647766,53.625726534749525,0.32633590500000004
1,1,482,18.702563,18.702563,53.468607484439424,0.32729485250000007
1,1,483,18.993021,18.993021,52.65091846104946,0.3323778675
1,1,484,18.981923,18.981923,52.68170142719471,0.3321836525
1,1,485,19.210612,19.210612,52.05456234293837,0.33618571
1,1,486,19.204119,19.204119,52.072162227280515,0.3360720825
1,1,487,19.4491,19.4491,51.416260906674346,0.34035925000000006
1,1,488,19.30273,19.30273,51.80614348333111,0.337797775
1,1,489,18.972474,18.972474,52.70793888029574,0.33201829499999996
1,1,490,18.924139,18.924139,52.84256261275612,0.3311724325
1,1,491,19.02276,19.02276,52.568607289373354,0.3328983
1,1,492,18.775763,18.775763,53.26015246357764,0.3285758525
1,1,493,18.795761,18.795761,53.20348561571942,0.3289258175
1,1,494,19.06713,19.06713,52.44627796632215,0.333674775
1,1,495,19.03078,19.03078,52.546453692386756,0.33303865
1,1,496,19.19485,19.19485,52.09730735066958,0.335909875
1,1,497,19.0538,19.0538,52.48296927646979,0.33344149999999995
1,1,498,19.206053,19.206053,52.06691869485104,0.3361059275
1,1,499,19.058438,19.058438,52.470197190346866,0.33352266499999994
1,1,500,19.375176,19.375176,51.61243438511217,0.33906558000000003
1,2,1,19.099333,19.099333,52.357849355262815,0.33423832750000004
1,2,2,18.813519,18.813519,53.15326707353366,0.3292365825
1,2,3,18.835684,18.835684,53.090718659327685,0.32962447000000006
1,2,4,18.781318,18.781318,53.244399567698075,0.32867306499999993
1,2,5,19.544038,19.544038,51.16649895993858,0.342020665
1,2,6,19.217446,19.217446,52.03605099241596,0.336305305
1,2,7,18.999386,18.999386,52.63327983335883,0.33248925500000004
1,2,8,19.414155,19.414155,51.50880890772737,0.3397477125
1,2,9,19.376668,19.376668,51.608460236816775,0.33909168999999995
1,2,10,18.957932,18.957932,52.74836938965706,0.33176381
1,2,11,19.041729,19.041729,52.5162394654393,0.3332302575
1,2,12,19.040324,19.040324,52.52011467872081,0.33320566999999995
1,2,13,19.116009,19.116009,52.3121745757705,0.3345301575
1,2,14,18.815013,18.815013,53.149046455614986,0.32926272749999996
1,2,15,19.062134,19.062134,52.460023625896234,0.33358734500000004
1,2,16,19.245935,19.245935,51.959024074434424,0.3368038625
1,2,17,19.117851,19.117851,52.30713431127797,0.3345623925
1,2,18,19.283682,19.283682,51.857316460621995,0.337464435
1,2,19,19.291024,19.291024,51.83758000612098,0.33759292
1,2,20,19.229616,19.229616,52.00311852301159,0.33651828
1,2,21,19.092755,19.092755,52.37588813138806,0.33412321250000004
1,2,22,19.157964,19.157964,52.19761348335345,0.33526437
1,2,23,19.202196,19.202196,52.07737698334086,0.33603843
1,2,24,18.967519,18.967519,52.7217080947698,0.3319315825
1,2,25,19.152496,19.152496,52.21251579950729,0.33516868
1,2,26,18.774796,18.774796,53.262895639451955,0.32855892999999997
1,2,27,18.986512,18.986512,52.66896837080976,0.33226396
1,2,28,18.886973,18.886973,52.946546807685905,0.33052202750000004
1,2,29,18.92562,18.92562,52.83842748612728,0.33119835
1,2,30,19.531956,19.531956,51.19814933025653,0.34180923
1,2,31,18.773057,18.773057,53.26782952824358,0.3285284975
1,2,32,18.689855,18.689855,53.50496298660423,0.32707246250000005
1,2,33,19.03277,19.03277,52.54095961859466,0.33307347499999995
1,2,34,18.927619,18.927619,52.83284706861439,0.33123333250000003
1,2,35,18.990809,18.990809,52.65705110298356,0.3323391575
1,2,36,18.955487,18.955487,52.755173211851535,0.3317210225
1,2,37,18.997024,18.997024,52.639824006118005,0.33244792
1,2,38,19.206079,19.206079,52.06684820988189,0.3361063825
1,2,39,19.135542,19.135542,52.25877584235659,0.334871985
1,2,40,19.080845,19.080845,52.40858043760641,0.3339147875
1,2,41,19.141737,19.141737,52.24186289885814,0.33498039749999997
1,2,42,19.226655,19.226655,52.01112726056612,0.3364664625
1,2,43,19.492031,19.492031,51.303017115045634,0.3411105425
1,2,44,19.607354,19.607354,51.00127227773824,0.343128695
1,2,45,19.651755,19.651755,50.886040457964185,0.34390571250000007
1,2,46,19.301989,19.301989,51.808132312167416,0.3377848075
1,2,47,19.239873,19.239873,51.97539505588213,0.33669777749999996
1,2,48,19.063854,19.063854,52.45529051995468,0.33361744499999996
1,2,49,19.548316,19.548316,51.15530156152581,0.34209553
1,2,50,19.335095,19.335095,51.71942522133975,0.33836416249999995
1,2,51,20.034301,20.034301,49.91439431802487,0.35060026749999995
1,2,52,19.359159,19.359159,51.65513646538055,0.3387852825
1,2,53,18.983825,18.983825,52.67642321818706,0.3322169375
1,2,54,19.220835,19.220835,52.02687604362661,0.33636461250000005
1,2,55,19.142741,19.142741,52.239122913484536,0.3349979675
1,2,56,19.186146,19.186146,52.12094185043728,0.33575755500000004
1,2,57,19.106222,19.106222,52.33897104304556,0.334358885
1,2,58,19.087061,19.087061,52.391512763541755,0.33402356749999995
1,2,59,19.077515,19.077515,52.41772840959632,0.3338565124999999
1,2,60,19.039857,19.039857,52.521402865578246,0.3331974975
1,2,61,19.156125,19.156125,52.202624486946085,0.3352321875
1,2,62,19.192939,19.192939,52.1024945684452,0.3358764325
1,2,63,19.135119,19.135119,52.25993107228651,0.3348645825
1,2,64,19.482281,19.482281,51.328691953473005,0.34093991749999997
1,2,65,19.314497,19.314497,51.77458154877137,0.3380036975
1,2,66,19.102294,19.102294,52.34973349274176,0.334290145
1,2,67,19.087613,19.087613,52.38999763878281,0.33403322750000003
1,2,68,18.970366,18.970366,52.713795822389514,0.331981405
1,2,69,18.811534,18.811534,53.158875825863,0.32920184500000005
1,2,70,18.867383,18.867383,53.00152119665986,0.33017920250000005
1,2,71,18.897937,18.897937,52.91582885475806,0.33071389749999996
1,2,72,19.082236,19.082236,52.40476011301819,0.33393913000000003
1,2,73,18.881556,18.881556,52.961736839908745,0.33042723
1,2,74,18.872271,18.872271,52.987793572909155,0.3302647425
1,2,75,18.787426,18.787426,53.227089224463214,0.32877995499999996
1,2,76,18.792649,18.792649,53.21229593550116,0.32887135749999996
1,2,77,18.955692,18.955692,52.75460268082009,0.33172461
1,2,78,18.94573,18.94573,52.78234198418324,0.331550275
1,2,79,19.190449,19.190449,52.10925497365903,0.3358328575
1,2,80,18.927075,18.927075,52.83436558475095,0.33122381249999994
1,2,81,18.987463,18.987463,52.66633040970243,0.3322806025
1,2,82,18.925044,18.925044,52.840035669137684,0.33118827
1,2,83,18.487385,18.487385,54.09093822625537,0.3235292375
1,2,84,18.894085,18.894085,52.92661698092286,0.33064648750000003
1,2,85,18.728568,18.728568,53.3943652285642,0.32774993999999996
1,2,86,18.755833,18.755833,53.31674684883364,0.3282270775
1,2,87,19.02664,19.02664,52.55788725702489,0.3329662
1,2,88,19.368006,19.368006,51.63154121286414,0.338940105
1,2,89,19.760567,19.760567,50.60583534875289,0.34580992250000003
1,2,90,19.115631,19.115631,52.313209017269685,0.3345235425
1,2,91,19.094597,19.094597,52.3708355824425,0.3341554475
1,2,92,19.0085,19.0085,52.60804376989241,0.33264875
1,2,93,18.953697,18.953697,52.760155446190794,0.3316896975
1,2,94,19.240553,19.240553,51.973558140454706,0.33670967749999997
1,2,95,18.934132,18.934132,52.81467352187044,0.33134731000000006
1,2,96,18.858545,18.858545,53.02636019905035,0.3300245375
1,2,97,18.968657,18.968657,52.71854512420147,0.3319514975
1,2,98,19.020093,19.020093,52.57597846656166,0.3328516275
1,2,99,19.124529,19.124529,52.288869440915384,0.3346792575
1,2,100,19.361161,19.361161,51.64979517498977,0.33882031749999997
1,2,101,19.046719,19.046719,52.502480873477474,0.3333175825
1,2,102,19.034474,19.034474,52.53625605834971,0.333103295
1,2,103,18.982639,18.982639,52.679714343195386,0.33219618249999994
1,2,104,18.9019,18.9019,52.904734444685445,0.33078325000000003
1,2,105,18.781087,18.781087,53.24505445291852,0.32866902249999996
1,2,106,18.997368,18.997368,52.63887081620991,0.33245394000000006
1,2,107,18.986356,18.986356,52.66940112152116,0.33226123
1,2,108,18.874972,18.874972,52.98021104349188,0.33031201
1,2,109,18.913875,18.913875,52.871238707033854,0.3309928125
1,2,110,19.332325,19.332325,51.726835753071605,0.3383156875
1,2,111,18.994852,18.994852,52.645843200041774,0.33240991000000003
1,2,112,19.059977,19.059977,52.46596047833636,0.3335495975
1,2,113,19.051112,19.051112,52.49037431515809,0.33339446
1,2,114,19.052878,19.052878,52.48550901338895,0.333425365
1,2,115,18.919366,18.919366,52.85589379686402,0.331088905
1,2,116,18.720935,18.720935,53.416135465456186,0.32761636250000004
1,2,117,18.992151,18.992151,52.653330315244446,0.33236264249999997
1,2,118,19.001876,19.001876,52.62638278452085,0.33253283
1,2,119,18.776127,18.776127,53.25911994523684,0.3285822225
1,2,120,18.884104,18.884104,52.95459080293139,0.33047182
1,2,121,18.875917,18.875917,52.97755865317695,0.3303285475
1,2,122,18.798657,18.798657,53.19528942945233,0.3289764975
1,2,123,18.972302,18.972302,52.70841672244096,0.332015285
1,2,124,19.003008,19.003008,52.62324785633937,0.33255264
1,2,125,19.047526,19.047526,52.50025646375282,0.333331705
1,2,126,19.476548,19.476548,51.343800759765024,0.34083959
1,2,127,19.188603,19.188603,52.11426803712599,0.33580055249999996
1,2,128,19.361443,19.361443,51.64904289416857,0.3388252525
1,2,129,19.174507,19.174507,52.152579463972664,0.33555387249999996
1,2,130,18.922072,18.922072,52.84833500263607,0.33113626
1,2,131,18.870806,18.870806,52.99190718191899,0.33023910500000003
1,2,132,18.813139,18.813139,53.15434069774321,0.32922993250000004
1,2,133,18.981031,18.981031,52.68417716614023,0.33216804250000004
1,2,134,18.748018,18.748018,53.33897161822653,0.32809031499999997
1,2,135,19.014495,19.014495,52.59145720146657,0.3327536625
1,2,136,18.966823,18.966823,52.723642752399805,0.33191940250000007
1,2,137,19.20288,19.20288,52.075522005032575,0.3360504
1,2,138,19.133481,19.133481,52.26440499771056,0.33483591749999997
1,2,139,19.077517,19.077517,52.4177229143604,0.33385654750000004
1,2,140,19.357078,19.357078,51.660689697071014,0.338748865
1,2,141,19.131262,19.131262,52.27046705021342,0.334797085
1,2,142,19.130634,19.130634,52.27218292922231,0.334786095
1,2,143,19.007589,19.007589,52.61056518004467,0.3326328075
1,2,144,19.19398,19.19398,52.09966875030609,0.33589465
1,2,145,19.192245,19.192245,52.10437861750931,0.33586428749999997
1,2,146,19.102915,19.102915,52.34803170092104,0.3343010125
1,2,147,18.963086,18.963086,52.73403284676344,0.331854005
1,2,148,18.98999,18.98999,52.65932209548294,0.332324825
1,2,149,18.998102,18.998102,52.636837090357766,0.33246678500000004
1,2,150,18.865799,18.865799,53.0059712816828,0.3301514825
1,2,151,18.672002,18.672002,53.556121084391485,0.32676003499999995
1,2,152,18.815726,18.815726,53.147032434464656,0.329275205
1,2,153,18.86434,18.86434,53.0100708532607,0.33012595
1,2,154,18.938751,18.938751,52.80179247300944,0.33142814249999997
1,2,155,19.060366,19.060366,52.4648897088335,0.333556405
1,2,156,18.70111,18.70111,53.4727617772421,0.327269425
1,2,157,18.839868,18.839868,53.07892815384906,0.32969769
1,2,158,18.824523,18.824523,53.12219597808667,0.3294291525
1,2,159,18.746214,18.746214,53.34410457492911,0.328058745
1,2,160,18.825895,18.825895,53.11832452056065,0.32945316249999995
1,2,161,19.025398,19.025398,52.561318296731564,0.33294446499999997
1,2,162,19.127388,19.127388,52.28105374345938,0.33472929
1,2,163,18.854192,18.854192,53.03860276802103,0.32994836000000005
1,2,164,18.932528,18.932528,52.81914808207335,0.33131924
1,2,165,19.287757,19.287757,51.846360362171716,0.3375357475
1,2,166,18.978527,18.978527,52.69112824193364,0.33212422249999995
1,2,167,18.895034,18.895034,52.923958750219775,0.330663095
1,2,168,18.807163,18.807163,53.171230557208446,0.32912535249999997
1,2,169,19.080502,19.080502,52.40952255868321,0.333908785
1,2,170,18.908042,18.908042,52.88754911798905,0.33089073499999994
1,2,171,18.886739,18.886739,52.94720279662889,0.33051793249999994
1,2,172,19.040404,19.040404,52.519894010652294,0.33320707
1,2,173,19.156502,19.156502,52.20159713918544,0.335238785
1,2,174,19.100488,19.100488,52.35468329395563,0.33425854
1,2,175,19.300261,19.300261,51.81277082211479,0.3377545675
1,2,176,19.798143,19.798143,50.50978771089793,0.34646750249999997
1,2,177,19.317549,19.317549,51.76640162786697,0.33805710749999995
1,2,178,19.302358,19.302358,51.80714190463154,0.337791265
1,2,179,18.968496,18.968496,52.718992586444394,0.33194867999999994
1,2,180,19.124935,19.124935,52.28775940937839,0.33468636250000006
1,2,181,19.295087,19.295087,51.82666447681734,0.3376640225
1,2,182,19.187433,19.187433,52.117445830299445,0.33578007749999994
1,2,183,18.9312,18.9312,52.82285327924273,0.331296
1,2,184,19.174461,19.174461,52.15270457928387,0.3355530675
1,2,185,18.98373,18.98373,52.67668682603471,0.33221527500000003
1,2,186,19.042204,19.042204,52.51492946929883,0.33323857
1,2,187,18.741101,18.741101,53.358658063899234,0.3279692675
1,2,188,18.85504,18.85504,53.036217372119076,0.32996319999999996
1,2,189,18.903244,18.903244,52.90097297585536,0.33080677
1,2,190,19.247146,19.247146,51.95575489477765,0.33682505500000004
1,2,191,18.896018,18.896018,52.921202763460535,0.330680315
1,2,192,18.797444,18.797444,53.1987221241356,0.32895526999999997
1,2,193,18.533056,18.533056,53.95764195608107,0.32432848
1,2,194,18.826735,18.826735,53.11595451893278,0.3294678625
1,2,195,18.760468,18.760468,53.30357430315705,0.32830818999999994
1,2,196,18.652658,18.652658,53.611662209214366,0.326421515
1,2,197,18.545146,18.545146,53.9224657492586,0.324540055
1,2,198,18.789069,18.789069,53.22243481036766,0.3288087075
1,2,199,18.950053,18.950053,52.770300959052726,0.3316259275
1,2,200,18.937914,18.937914,52.804126156661184,0.331413495
1,2,201,19.358952,19.358952,51.65568879968296,0.33878166
1,2,202,19.052683,19.052683,52.48604619097479,0.33342195249999995
1,2,203,19.169076,19.169076,52.167355380092395,0.33545883000000004
1,2,204,19.345352,19.345352,51.69200332979209,0.33854365999999997
1,2,205,19.584888,19.584888,51.05977629282333,0.34273554
1,2,206,19.417216,19.417216,51.500688873214365,0.33980128000000004
1,2,207,19.041474,19.041474,52.51694275348642,0.333225795
1,2,208,19.189828,19.189828,52.110941275763395,0.33582198999999996
1,2,209,19.256004,19.256004,51.93185460493257,0.33698007
1,2,210,19.479653,19.479653,51.33561670734073,0.34089392749999997
1,2,211,19.827196,19.827196,50.435775184751286,0.34697593
1,2,212,19.217943,19.217943,52.034705275169145,0.33631400250000004
1,2,213,18.982579,18.982579,52.67988085285987,0.3321951325
1,2,214,18.910071,18.910071,52.881874425537596,0.3309262425
1,2,215,18.784647,18.784647,53.23496363812427,0.3287313225
1,2,216,19.055694,19.055694,52.47775284384815,0.333474645
1,2,217,18.956925,18.956925,52.75117140570003,0.33174618749999996
1,2,218,18.984295,18.984295,52.675119091859884,0.3322251625
1,2,219,19.158056,19.158056,52.19736282219866,0.33526597999999996
1,2,220,19.444716,19.444716,51.42785320186728,0.34028253
1,2,221,20.812735,20.812735,48.0475055296673,0.3642228625
1,2,222,19.84611,19.84611,50.38770822090576,0.347306925
1,2,223,19.69914,19.69914,50.76363739736861,0.34473495000000004
1,2,224,19.337207,19.337207,51.71377645179059,0.3384011225
1,2,225,19.466185,19.466185,51.371134097410454,0.34065823749999996
1,2,226,19.117216,19.117216,52.30887175203754,0.33455127999999995
1,2,227,18.897883,18.897883,52.91598005977706,0.33071295250000005
1,2,228,19.079154,19.079154,52.41322545014313,0.333885195
1,2,229,19.168199,19.168199,52.16974218600297,0.3354434825
1,2,230,18.777935,18.777935,53.25399198580675,0.32861386249999996
1,2,231,19.051914,19.051914,52.48816470618123,0.333408495
1,2,232,18.813051,18.813051,53.1545893326925,0.3292283925
1,2,233,18.685039,18.685039,53.51875369379748,0.3269881825
1,2,234,18.536894,18.536894,53.94647021232359,0.324395645
1,2,235,18.934545,18.934545,52.813521529035945,0.3313545375
1,2,236,19.484525,19.484525,51.32278051427991,0.3409791875
1,2,237,19.308764,19.308764,51.7899540333084,0.33790337
1,2,238,19.11216,19.11216,52.322709730349686,0.3344628
1,2,239,18.982057,18.982057,52.6813295313569,0.33218599750000005
1,2,240,18.937624,18.937624,52.80493476900798,0.33140842
1,2,241,19.186623,19.186623,52.11964606799227,0.33576590250000005
1,2,242,18.916671,18.916671,52.86342401366498,0.3310417425
1,2,243,18.95194,18.95194,52.76504674455491,0.33165895
1,2,244,18.843992,18.843992,53.06731185196852,0.32976985999999997
1,2,245,18.886645,18.886645,52.94746631813114,0.3305162875
1,2,246,19.126518,19.126518,52.28343183009055,0.334714065
1,2,247,19.236187,19.236187,51.98535447799504,0.3366332725
1,2,248,18.86133,18.86133,53.018530506597365,0.33007327499999994
1,2,249,18.881295,18.881295,52.96246894082211,0.3304226625
1,2,250,18.889499,18.889499,52.93946652581945,0.3305662325
1,2,251,18.816301,18.816301,53.14540833503886,0.3292852675
1,2,252,19.338012,19.338012,51.71162371809471,0.33841521
1,2,253,19.136034,19.136034,52.257432234913466,0.33488059499999995
1,2,254,19.083101,19.083101,52.402384706762284,0.3339542675
1,2,255,19.017297,19.017297,52.583708399779425,0.33280269749999997
1,2,256,19.089254,19.089254,52.38549395382344,0.33406194499999997
1,2,257,19.066898,19.066898,52.446916116087685,0.33367071499999995
1,2,258,18.750753,18.750753,53.33119155268058,0.32813817749999996
1,2,259,18.850622,18.850622,53.048647413332034,0.32988588500000005
1,2,260,19.063148,19.063148,52.457233191495966,0.33360509
1,2,261,19.239121,19.239121,51.97742661943859,0.3366846175
1,2,262,19.281309,19.281309,51.86369867315544,0.33742290750000004
1,2,263,19.100001,19.100001,52.356018201255594,0.33425001749999994
1,2,264,18.897104,18.897104,52.91816142833315,0.33069932
1,2,265,19.156144,19.156144,52.20257270983137,0.33523252000000003
1,2,266,19.176364,19.176364,52.147529114486986,0.33558636999999997
1,2,267,19.306774,19.306774,51.79529216015062,0.337868545
1,2,268,19.079583,19.079583,52.41204695092131,0.33389270249999997
1,2,269,19.230724,19.230724,52.000122304287665,0.33653767
1,2,270,19.03687,19.03687,52.52964379123249,0.333145225
1,2,271,19.240746,19.240746,51.97303680429022,0.33671305500000004
1,2,272,19.262851,19.262851,51.91339537433996,0.3370998925
1,2,273,18.995516,18.995516,52.644002932060395,0.33242152999999997
1,2,274,19.209267,19.209267,52.058207114305816,0.3361621725
1,2,275,19.01327,19.01327,52.594845599941515,0.332732225
1,2,276,19.098693,19.098693,52.35960387446408,0.3342271275
1,2,277,19.185589,19.185589,52.122455036433855,0.3357478075
1,2,278,18.756713,18.756713,53.314245411762705,0.3282424775
1,2,279,18.850664,18.850664,53.0485292189177,0.32988662
1,2,280,19.087869,19.087869,52.389295001972194,0.3340377075
1,2,281,19.16111,19.16111,52.189043327865654,0.335319425
1,2,282,19.101033,19.101033,52.353189484568716,0.3342680775
1,2,283,18.88739,18.88739,52.9453778420417,0.330529325
1,2,284,19.121417,19.121417,52.297379425384634,0.3346247975
1,2,285,19.708925,19.708925,50.73843449097299,0.34490618749999996
1,2,286,19.225576,19.225576,52.01404628917229,0.33644758
1,2,287,19.493815,19.493815,51.298322057534655,0.3411417625
1,2,288,19.424205,19.424205,51.48215847186539,0.3399235875
1,2,289,19.01677,19.01677,52.58516561960837,0.332793475
1,2,290,19.086026,19.086026,52.39435385868174,0.334005455
1,2,291,19.341594,19.341594,51.702046894376956,0.338477895
1,2,292,19.367961,19.367961,51.63166117486503,0.3389393175
1,2,293,19.239198,19.239198,51.97721859299956,0.336685965
1,2,294,19.339773,19.339773,51.706915070823214,0.3384460275
1,2,295,18.985549,18.985549,52.671639887790455,0.33224710749999997
1,2,296,18.890053,18.890053,52.93791393809218,0.33057592750000003
1,2,297,19.096395,19.096395,52.36590466420494,0.3341869125
1,2,298,18.849587,18.849587,53.05156022781825,0.3298677725
1,2,299,19.066185,19.066185,52.448877423564284,0.33365823750000007
1,2,300,18.928481,18.928481,52.830441069201484,0.3312484175
1,2,301,18.98983,18.98983,52.65976577989375,0.332322025
1,2,302,19.158132,19.158132,52.197155756103996,0.33526730999999993
1,2,303,18.99122,18.99122,52.655911521218755,0.33234634999999996
1,2,304,19.036002,19.036002,52.53203902794295,0.33313003500000005
1,2,305,18.864645,18.864645,53.00921379649604,0.3301312875
1,2,306,19.152877,19.152877,52.211477158235816,0.3351753475
1,2,307,19.271211,19.271211,51.8908749429395,0.3372461925
1,2,308,19.149748,19.149748,52.22000832595813,0.33512059
1,2,309,19.238234,19.238234,51.97982309602846,0.336669095
1,2,310,19.147406,19.147406,52.226395575463336,0.335079605
1,2,311,18.934574,18.934574,52.8134406403862,0.331355045
1,2,312,19.159534,19.159534,52.19333622623598,0.33529184500000003
1,2,313,18.72579,18.72579,53.40228636548846,0.327701325
1,2,314,18.932427,18.932427,52.81942985967937,0.3313174725
1,2,315,18.96607,18.96607,52.725736011730426,0.33190622499999994
1,2,316,19.145757,19.145757,52.230893769308786,0.3350507475
1,2,317,19.235505,19.235505,51.987197632710966,0.3366213375
1,2,318,19.051072,19.051072,52.49048452496531,0.33339376000000004
1,2,319,18.839643,18.839643,53.079562070257914,0.32969375249999994
1,2,320,18.586062,18.586062,53.803758967338005,0.325256085
1,2,321,18.842861,18.842861,53.070497097017274,0.3297500675
1,2,322,18.791435,18.791435,53.215733657381676,0.3288501125
1,2,323,18.494123,18.494123,54.07123116895027,0.3236471524999999
1,2,324,18.716793,18.716793,53.427956381202705,0.3275438775
1,2,325,18.953007,18.953007,52.76207622357761,0.3316776225
1,2,326,19.105182,19.105182,52.3418201407346,0.334340685
1,2,327,19.059996,19.059996,52.46590817752532,0.33354993
1,2,328,19.313968,19.313968,51.775999628869634,0.33799444
1,2,329,19.1271,19.1271,52.28184094818347,0.33472425
1,2,330,19.318973,19.318973,51.76258593042187,0.3380820275
1,2,331,19.396003,19.396003,51.5570140920271,0.33943005249999997
1,2,332,19.620752,19.620752,50.966446138251996,0.34336316
1,2,333,19.316115,19.316115,51.77024468947302,0.33803201250000003
1,2,334,19.087456,19.087456,52.39042856208811,0.33403048
1,2,335,18.93787,18.93787,52.80424884107875,0.331412725
1,2,336,19.121574,19.121574,52.29695003141478,0.33462754499999997
1,2,337,19.117923,19.117923,52.30693731740629,0.33456365250000003
1,2,338,19.118941,19.118941,52.30415220173544,0.33458146749999995
1,2,339,18.939322,18.939322,52.80020055628179,0.33143813499999997
1,2,340,18.695877,18.695877,53.48772887198606,0.3271778475
1,2,341,18.808368,18.808368,53.167824023860014,0.32914644000000004
1,2,342,18.938227,18.938227,52.803253440778796,0.3314189725
1,2,343,19.017791,19.017791,52.582342502344254,0.33281134249999994
1,2,344,18.846963,18.846963,53.05894642017391,0.32982185249999996
1,2,345,18.828531,18.828531,53.11088793915999,0.32949929250000004
1,2,346,18.839103,18.839103,53.081083531418656,0.3296843025
1,2,347,18.941936,18.941936,52.79291409283613,0.33148388
1,2,348,19.13876,19.13876,52.2499890275023,0.3349283
1,2,349,19.003426,19.003426,52.62209035360255,0.332559955
1,2,350,18.849006,18.849006,53.05319548415445,0.329857605
1,2,351,18.662591,18.662591,53.583127873294764,0.32659534249999994
1,2,352,18.870258,18.870258,52.993446088548446,0.330229515
1,2,353,19.098942,19.098942,52.358921242862564,0.334231485
1,2,354,18.873239,18.873239,52.98507585263982,0.33028168250000006
1,2,355,19.085584,19.085584,52.395567251177646,0.33399772
1,2,356,19.175355,19.175355,52.15027309794265,0.3355687125
1,2,357,19.433456,19.433456,51.45765117640424,0.34008548
1,2,358,19.190187,19.190187,52.10996641147895,0.3358282725
1,2,359,19.36409,19.36409,51.64198265965506,0.338871575
1,2,360,18.922385,18.922385,52.84746082483788,0.3311417375
1,2,361,18.816952,18.816952,53.143569691839566,0.32929666
1,2,362,18.934586,18.934586,52.81340716929327,0.331355255
1,2,363,18.849973,18.849973,53.050473865400235,0.3298745275
1,2,364,18.758758,18.758758,53.30843331951934,0.328278265
1,2,365,18.777913,18.777913,53.25405437760842,0.32861347750000003
1,2,366,18.840345,18.840345,53.07758430113674,0.3297060375
1,2,367,18.750636,18.750636,53.331524328028124,0.32813612999999997
1,2,368,18.863799,18.863799,53.01159114343829,0.33011648250000003
1,2,369,18.886017,18.886017,52.94922693334439,0.33050529749999996
1,2,370,18.606324,18.606324,53.74516750326394,0.32561067000000005
1,2,371,18.942911,18.942911,52.7901968182187,0.33150094249999995
1,2,372,18.788994,18.788994,53.222647258283224,0.328807395
1,2,373,18.955117,18.955117,52.75620298202327,0.3317145475
1,2,374,18.589245,18.589245,53.79454625510612,0.3253117875
1,2,375,19.055002,19.055002,52.479658621919846,0.333462535
1,2,376,19.162446,19.162446,52.18540472338448,0.335342805
1,2,377,19.267106,19.267106,51.90193067915856,0.337174355
1,2,378,19.430745,19.430745,51.46483060736991,0.34003803750000006
1,2,379,19.114846,19.114846,52.31535739288718,0.33450980500000005
1,2,380,18.942869,18.942869,52.79031386428317,0.33150020750000003
1,2,381,18.90037,18.90037,52.909017125061574,0.33075647499999994
1,2,382,18.761365,18.761365,53.30102580489212,0.3283238875
1,2,383,19.069973,19.069973,52.43845914202395,0.33372452750000003
1,2,384,19.005649,19.005649,52.61593539899637,0.33259885749999996
1,2,385,18.953589,18.953589,52.76045608037612,0.33168780750000004
1,2,386,18.79874,18.79874,53.19505456216747,0.32897794999999996
1,2,387,19.046886,19.046886,52.502020540260496,0.33332050500000004
1,2,388,19.07137,19.07137,52.434617963995244,0.333748975
1,2,389,19.2976,19.2976,51.819915429898025,0.33770799999999995
1,2,390,19.522541,19.522541,51.22284030547048,0.3416444675
1,2,391,20.333657,20.333657,49.17954502724228,0.35583899750000003
1,2,392,19.558368,19.558368,51.1290103550562,0.34227144000000004
1,2,393,19.198296,19.198296,52.087956139440706,0.33597017999999995
1,2,394,18.941837,18.941837,52.793190016364306,0.3314821475
1,2,395,18.654875,18.654875,53.605290842206124,0.32646031249999996
1,2,396,18.705562,18.705562,53.460035041983765,0.32734733499999996
1,2,397,18.786304,18.786304,53.230268178349505,0.32876032000000005
1,2,398,18.903573,18.903573,52.90005228112167,0.33081252750000006
1,2,399,18.851865,18.851865,53.045149644345535,0.3299076375
1,2,400,18.761544,18.761544,53.300517270860006,0.32832702
1,2,401,18.71183,18.71183,53.44212725318689,0.327457025
1,2,402,18.929071,18.929071,52.82879439778107,0.3312587425
1,2,403,18.914583,18.914583,52.86925966065443,0.3310052025
1,2,404,19.085792,19.085792,52.394996235943466,0.33400136
1,2,405,18.599151,18.599151,53.76589501316486,0.3254851425
1,2,406,18.780578,18.780578,53.246497525262534,0.328660115
1,2,407,18.894108,18.894108,52.92655255278524,0.33064688999999997
1,2,408,19.621817,19.621817,50.96367986716011,0.34338179750000003
1,2,409,19.395576,19.395576,51.558149136689735,0.33942258
1,2,410,19.100284,19.100284,52.35524246655181,0.33425497
1,2,411,18.504163,18.504163,54.041893167499666,0.3238228525
1,2,412,18.608857,18.608857,53.737851819700694,0.32565499750000004
1,2,413,18.929283,18.929283,52.828202737525764,0.3312624525
1,2,414,19.11123,19.11123,52.325255883582585,0.334446525
1,2,415,19.003727,19.003727,52.62125687240192,0.3325652225
1,2,416,18.949199,18.949199,52.772679204012796,0.3316109825
1,2,417,19.264744,19.264744,51.90829423946666,0.33713302
1,2,418,19.353608,19.353608,51.66995218669304,0.33868814
1,2,419,19.373027,19.373027,51.618159619557645,0.33902797250000005
1,2,420,18.983079,18.983079,52.67849330448448,0.33220388250000005
1,2,421,18.937927,18.937927,52.804089909101464,0.33141372249999995
1,2,422,19.028454,19.028454,52.55287686535122,0.332997945
1,2,423,19.088988,19.088988,52.38622393182918,0.33405729
1,2,424,19.005069,19.005069,52.61754114126079,0.3325887075
1,2,425,19.131037,19.131037,52.2710818028317,0.3347931475
1,2,426,19.133639,19.133639,52.26397341352579,0.3348386825
1,2,427,19.13548,19.13548,52.25894516364366,0.3348709
1,2,428,19.35964,19.35964,51.653853067515726,0.3387937
1,2,429,19.384291,19.384291,51.5881648702034,0.3392250925
1,2,430,19.195475,19.195475,52.09561107500597,0.33592081249999994
1,2,431,19.031943,19.031943,52.54324269466339,0.3330590025
1,2,432,19.112958,19.112958,52.32052516413211,0.334476765
1,2,433,19.228324,19.228324,52.00661274482373,0.33649567
1,2,434,19.237004,19.237004,51.98314664799155,0.33664756999999995
1,2,435,19.06363,19.06363,52.455906876077634,0.33361352499999997
1,2,436,19.236875,19.236875,51.98349524026121,0.33664531250000007
1,2,437,19.249091,19.249091,51.95050509138328,0.33685909249999996
1,2,438,19.47177,19.47177,51.35639954662571,0.340755975
1,2,439,19.262895,19.262895,51.91327679458358,0.3371006625
1,2,440,19.080154,19.080154,52.410478447920276,0.33390269499999997
1,2,441,19.12062,19.12062,52.299559323913144,0.33461084999999996
1,2,442,19.157565,19.157565,52.198700617745516,0.33525738750000006
1,2,443,19.289747,19.289747,51.84101170430074,0.33757057249999994
1,2,444,19.229999,19.229999,52.0020827874198,0.33652498249999996
1,2,445,19.22242,19.22242,52.02258612599246,0.33639234999999995
1,2,446,19.003767,19.003767,52.62114611276806,0.3325659225
1,2,447,19.236613,19.236613,51.984203248253735,0.33664072749999996
1,2,448,19.254921,19.254921,51.934775530888956,0.3369611175
1,2,449,19.307873,19.307873,51.792343983203125,0.33788777750000004
1,2,450,18.984835,18.984835,52.67362081366522,0.3322346125
1,2,451,19.036362,19.036362,52.531045585285675,0.333136335
1,2,452,18.820766,18.820766,53.132800227153346,0.329363405
1,2,453,18.942577,18.942577,52.79112762746062,0.3314950975
1,2,454,18.744037,18.744037,53.350300151456175,0.3280206475
1,2,455,18.696712,18.696712,53.48534009616236,0.32719246
1,2,456,18.852809,18.852809,53.04249356156952,0.32992415750000004
1,2,457,18.772516,18.772516,53.26936463924175,0.32851903
1,2,458,18.886358,18.886358,52.948270915970134,0.33051126500000005
1,2,459,18.924536,18.924536,52.841454078451385,0.33117937999999997
1,2,460,18.496576,18.496576,54.064060288779935,0.32369008000000005
1,2,461,18.92523,18.92523,52.83951634933896,0.33119152499999993
1,2,462,18.77105,18.77105,53.2735249226868,0.328493375
1,2,463,20.754636,20.754636,48.18200617924593,0.36320613
1,2,464,19.627316,19.627316,50.949401334344444,0.34347803
1,2,465,19.00039,19.00039,52.63049863713324,0.332506825
1,2,466,18.648565,18.648565,53.62342893407615,0.32634988750000005
1,2,467,18.783425,18.783425,53.23842696419849,0.32870993750000005
1,2,468,19.085353,19.085353,52.39620142210625,0.33399367750000003
1,2,469,19.392493,19.392493,51.56634580195543,0.3393686275
1,2,470,19.337105,19.337105,51.71404923332629,0.3383993375
1,2,471,19.252428,19.252428,51.94150057333029,0.33691749
1,2,472,19.262711,19.262711,51.913772677168865,0.3370974425
1,2,473,19.100537,19.100537,52.354548984669904,0.3342593975
1,2,474,19.143623,19.143623,52.23671611167854,0.33501340250000006
1,2,475,18.768349,18.768349,53.281191648769955,0.32844610750000003
1,2,476,19.058438,19.058438,52.470197190346866,0.33352266499999994
1,2,477,18.909461,18.909461,52.883580341079,0.3309155675
1,2,478,19.35705,19.35705,51.660764424331184,0.338748375
1,2,479,19.357328,19.357328,51.660022498973,0.33875324
1,2,480,19.433158,19.433158,51.45844025968399,0.340080265
1,2,481,19.237809,19.237809,51.98097142975066,0.3366616575
1,2,482,19.363129,19.363129,51.64454567234459,0.3388547575
1,2,483,19.290857,19.290857,51.83802876150086,0.33758999749999996
1,2,484,19.273134,19.273134,51.88569746881852,0.33727984499999997
1,2,485,19.17846,19.17846,52.14182994880715,0.33562305000000003
1,2,486,18.968095,18.968095,52.72010710616959,0.3319416625
1,2,487,18.958014,18.958014,52.74814123462511,0.331765245
1,2,488,19.007689,19.007689,52.610288394344,0.3326345575
1,2,489,18.946504,18.946504,52.78018572713995,0.33156382
1,2,490,18.931482,18.931482,52.82206643938388,0.33130093499999996
1,2,491,18.93367,18.93367,52.81596225137546,0.331339225
1,2,492,19.102671,19.102671,52.34870034666879,0.33429674249999997
1,2,493,18.864963,18.864963,53.00832023895303,0.33013685249999997
1,2,494,19.674503,19.674503,50.827205139565656,0.34430380250000003
1,2,495,19.020772,19.020772,52.57410161900894,0.33286351000000003
1,2,496,18.827623,18.827623,53.11344931858898,0.3294834025
1,2,497,18.797563,18.797563,53.198385343887395,0.3289573525
1,2,498,18.988977,18.988977,52.66213129859498,0.3323070975
1,2,499,18.92112,18.92112,52.85099402149556,0.3311196
1,2,500,19.047618,19.047618,52.50000288750016,0.33333331499999996
1,3,1,19.026801,19.026801,52.557442525414544,0.3329690175
1,3,2,19.197478,19.197478,52.09017559494013,0.335955865
1,3,3,19.508789,19.508789,51.25894795417594,0.34140380750000004
1,3,4,19.696849,19.696849,50.76954186936195,0.3446948575
1,3,5,19.593387,19.593387,51.037628154846324,0.34288427250000003
1,3,6,19.316088,19.316088,51.77031705384651,0.33803154
1,3,7,19.192547,19.192547,52.10355874079662,0.3358695725
1,3,8,19.073844,19.073844,52.427816857472465,0.33379227000000006
1,3,9,19.57892,19.57892,51.075340212841155,0.3426311
1,3,10,19.370919,19.370919,51.62377685849597,0.3389910825
1,3,11,19.336691,19.336691,51.71515643498673,0.33839209249999996
1,3,12,18.897301,18.897301,52.91760976871777,0.3307027675
1,3,13,19.332718,19.332718,51.72578423789144,0.338322565
1,3,14,19.046966,19.046966,52.50180002421382,0.33332190500000003
1,3,15,19.168274,19.168274,52.16953806065168,0.335444795
1,3,16,18.895779,18.895779,52.92187212816153,0.3306761325
1,3,17,18.930211,18.930211,52.825612984451155,0.33127869249999997
1,3,18,19.187057,19.187057,52.118467152101545,0.33577349749999996
1,3,19,19.046226,19.046226,52.503839868328775,0.333308955
1,3,20,18.976574,18.976574,52.69655102127497,0.332090045
1,3,21,18.667478,18.667478,53.56910022875078,0.326680865
1,3,22,18.518188,18.518188,54.00096380920207,0.32406829
1,3,23,18.969807,18.969807,52.71534918620944,0.33197162249999995
1,3,24,18.965495,18.965495,52.72733456205598,0.3318961625
1,3,25,19.839036,19.839036,50.405674953158005,0.34718313
1,3,26,19.127563,19.127563,52.28057541883407,0.3347323525
1,3,27,19.113567,19.113567,52.31885811790128,0.33448742249999996
1,3,28,19.155391,19.155391,52.204624797269865,0.3352193425
1,3,29,19.103906,19.103906,52.34531618821827,0.334318355
1,3,30,19.359003,19.359003,51.65555271622201,0.3387825525
1,3,31,19.392675,19.392675,51.5658618524778,0.33937181250000004
1,3,32,19.346384,19.346384,51.68924590765902,0.33856172
1,3,33,19.34636,19.34636,51.68931003041399,0.3385613
1,3,34,19.398266,19.398266,51.55099945531214,0.339469655
1,3,35,19.404186,19.404186,51.535271822275874,0.33957325499999996
1,3,36,19.133921,19.133921,52.263203135415885,0.33484361749999997
1,3,37,19.114254,19.114254,52.31697768586731,0.334499445
1,3,38,18.99106,18.99106,52.656355148159186,0.33234355
1,3,39,19.992236,19.992236,50.01941753788821,0.34986413
1,3,40,19.200137,19.200137,52.08296169970036,0.33600239750000005
1,3,41,18.948315,18.948315,52.77514121968101,0.3315955125
1,3,42,18.856474,18.856474,53.03218406580149,0.329988295
1,3,43,18.893747,18.893747,52.92756381251426,0.3306405725
1,3,44,19.019182,19.019182,52.578496803910916,0.332835685
1,3,45,19.113846,19.113846,52.318094432695545,0.334492305
1,3,46,19.124618,19.124618,52.28862610484559,0.3346808150000001
1,3,47,19.050449,19.050449,52.4922011024517,0.3333828575
1,3,48,19.018509,19.018509,52.58035737712141,0.3328239075
1,3,49,19.104249,19.104249,52.344376374072596,0.33432435749999995
1,3,50,19.454131,19.454131,51.40296423417731,0.3404472925
1,3,51,18.96605,18.96605,52.725791611853815,0.33190587499999996
1,3,52,18.975626,18.975626,52.699183679104976,0.33207345499999996
1,3,53,18.918515,18.918515,52.85827138123685,0.33107401249999996
1,3,54,19.318085,19.318085,51.764965316179115,0.3380664875
1,3,55,19.382021,19.382021,51.59420681671946,0.33918536750000006
1,3,56,19.487337,19.487337,51.31537469691215,0.34102839749999997
1,3,57,19.436713,19.436713,51.44902844426421,0.34014247750000004
1,3,58,19.311075,19.311075,51.7837562124325,0.3379438125
1,3,59,19.174552,19.174552,52.1524570691404,0.33555465999999995
1,3,60,19.492459,19.492459,51.301890643966466,0.3411180325
1,3,61,19.099618,19.099618,52.35706808377006,0.334243315
1,3,62,19.083959,19.083959,52.400028736175756,0.3339692825
1,3,63,19.152107,19.152107,52.21357629215417,0.3351618725
1,3,64,19.350453,19.350453,51.67837672844145,0.33863292750000007
1,3,65,19.299184,19.299184,51.815662258051944,0.33773572
1,3,66,19.128287,19.128287,52.278596614532184,0.3347450225
1,3,67,19.070132,19.070132,52.43802192874176,0.33372731
1,3,68,19.167492,19.167492,52.17166648615271,0.33543111
1,3,69,19.499411,19.499411,51.28360030977346,0.34123969249999997
1,3,70,19.236678,19.236678,51.98402759561708,0.336641865
1,3,71,19.099681,19.099681,52.35689538479726,0.3342444175
1,3,72,19.227993,19.227993,52.00750801188662,0.33648987750000003
1,3,73,19.109216,19.109216,52.33077066060691,0.33441128
1,3,74,19.461503,19.461503,51.383492837115405,0.3405763025
1,3,75,19.30488,19.30488,51.80037379149728,0.3378354
1,3,76,19.095314,19.095314,52.36886913721346,0.33416799499999994
1,3,77,19.024215,19.024215,52.56458676481526,0.3329237625
1,3,78,18.96726,18.96726,52.72242801543291,0.33192705
1,3,79,19.349416,19.349416,51.681146345708825,0.33861478000000006
1,3,80,19.339452,19.339452,51.70777331229448,0.33844041
1,3,81,19.136062,19.136062,52.25735577152708,0.33488108499999997
1,3,82,19.329017,19.329017,51.73568836946028,0.33825779749999996
1,3,83,19.345247,19.345247,51.69228389795178,0.33854182250000003
1,3,84,19.253682,19.253682,51.938117602648674,0.336939435
1,3,85,19.118146,19.118146,52.30632719302385,0.33456755499999996
1,3,86,18.621593,18.621593,53.70109850430089,0.3258778775
1,3,87,18.705321,18.705321,53.460723822916485,0.3273431175
1,3,88,18.992309,18.992309,52.65289228392398,0.3323654075
1,3,89,21.282262,21.282262,46.9874865745004,0.37243958499999996
1,3,90,21.895351,21.895351,45.67179580724694,0.38316864250000005
1,3,91,20.806642,20.806642,48.0615757218296,0.364116235
1,3,92,19.946829,19.946829,50.13328183642622,0.34906950750000004
1,3,93,19.244746,19.244746,51.962234263834915,0.336783055
1,3,94,19.177854,19.177854,52.14347757574961,0.335612445
1,3,95,19.458866,19.458866,51.390456155050344,0.34053015500000006
1,3,96,19.259113,19.259113,51.92347124189988,0.3370344775
1,3,97,19.290088,19.290088,51.840095286242345,0.33757654000000004
1,3,98,19.285606,19.285606,51.852142992032505,0.337498105
1,3,99,19.382822,19.382822,51.59207467313067,0.339199385
1,3,100,19.780426,19.780426,50.55502849129741,0.34615745499999995
1,3,101,19.582163,19.582163,51.066881631002666,0.3426878525
1,3,102,19.600215,19.600215,51.019848506763836,0.3430037625
1,3,103,19.525302,19.525302,51.215597075015786,0.341692785
1,3,104,19.091004,19.091004,52.3806919740837,0.33409257000000003
1,3,105,19.377278,19.377278,51.60683559372993,0.339102365
1,3,106,19.098311,19.098311,52.36065115915224,0.3342204425
1,3,107,19.452276,19.452276,51.407866102660684,0.34041483
1,3,108,19.20556,19.20556,52.0682552344217,0.3360973
1,3,109,19.14945,19.14945,52.220820963526364,0.33511537500000005
1,3,110,19.291001,19.291001,51.83764181029278,0.3375925175
1,3,111,19.373632,19.373632,51.61654768708314,0.33903856000000004
1,3,112,18.962177,18.962177,52.736560786243054,0.3318380975
1,3,113,19.01727,19.01727,52.583783056137925,0.332802225
1,3,114,18.967469,18.967469,52.72184707406138,0.33193070750000003
1,3,115,19.026781,19.026781,52.55749777116792,0.3329686675
1,3,116,18.76103,18.76103,53.30197755666933,0.328318025
1,3,117,18.764908,18.764908,53.2909620446847,0.32838588999999996
1,3,118,18.839655,18.839655,53.07952826100053,0.3296939625
1,3,119,18.756707,18.756707,53.314262466220754,0.3282423725
1,3,120,18.693893,18.693893,53.4934055736812,0.32714312749999996
1,3,121,18.741149,18.741149,53.358521401222525,0.3279701075
1,3,122,19.125981,19.125981,52.284899791545335,0.3347046675
1,3,123,19.008679,19.008679,52.607548373035286,0.3326518825
1,3,124,18.957348,18.957348,52.74999435575061,0.33175359
1,3,125,19.04725,19.04725,52.50101720720839,0.33332687499999997
1,3,126,18.956334,18.956334,52.75281602444861,0.331735845
1,3,127,18.729741,18.729741,53.39102126398864,0.3277704675
1,3,128,18.899588,18.899588,52.91120631835995,0.33074279
1,3,129,19.040387,19.040387,52.519940902461705,0.3332067725
1,3,130,19.44757,19.44757,51.42030598167278,0.34033247499999997
1,3,131,18.947019,18.947019,52.77875110591275,0.3315728325
1,3,132,19.106238,19.106238,52.33892721319602,0.334359165
1,3,133,19.863718,19.863718,50.34304252607694,0.34761506499999995
1,3,134,20.25029,20.25029,49.38200885024362,0.35438007499999996
1,3,135,19.547307,19.547307,51.15794211448155,0.3420778725
1,3,136,19.136446,19.136446,52.25630715337634,0.33488780500000004
1,3,137,18.933003,18.933003,52.81782293067825,0.33132755249999996
1,3,138,19.021775,19.021775,52.57132943692163,0.33288106250000005
1,3,139,19.006654,19.006654,52.61315326727156,0.332616445
1,3,140,18.96304,18.96304,52.734160767471884,0.3318532
1,3,141,18.890394,18.890394,52.936958329191015,0.330581895
1,3,142,18.991925,18.991925,52.65395687904201,0.33235868749999997
1,3,143,18.938692,18.938692,52.8019569672499,0.33142710999999997
1,3,144,19.385286,19.385286,51.5855169740596,0.33924250499999997
1,3,145,19.373695,19.373695,51.61637983874527,0.3390396625
1,3,146,19.480177,19.480177,51.33423582342193,0.3409030975
1,3,147,19.290184,19.290184,51.83983729756026,0.33757822
1,3,148,19.063066,19.063066,52.45745883689434,0.333603655
1,3,149,19.195772,19.195772,52.09480504352729,0.33592601
1,3,150,19.23876,19.23876,51.978401934428206,0.3366783
1,3,151,19.06192,19.06192,52.46061257208088,0.3335836
1,3,152,18.844881,18.844881,53.06480842197942,0.3297854175
1,3,153,18.67035,18.67035,53.5608598660443,0.32673112499999996
1,3,154,19.194146,19.194146,52.09921816787264,0.335897555
1,3,155,19.497874,19.497874,51.28764295020063,0.34121279499999996
1,3,156,19.014611,19.014611,52.591136363504894,0.3327556925
1,3,157,18.79366,18.79366,53.20943339402756,0.32888905
1,3,158,18.895598,18.895598,52.92237906416087,0.330672965
1,3,159,18.907424,18.907424,52.889277777871804,0.33087992
1,3,160,18.868982,18.868982,52.99702972847184,0.33020718499999996
1,3,161,18.782729,18.782729,53.24039973105079,0.3286977575
1,3,162,18.84629,18.84629,53.06084115229046,0.329810075
1,3,163,18.749518,18.749518,53.33470439080087,0.32811656499999997
1,3,164,18.73745,18.73745,53.369055020827275,0.327905375
1,3,165,18.789528,18.789528,53.2211346660757,0.32881674000000005
1,3,166,18.667305,18.667305,53.56959668254202,0.3266778375
1,3,167,18.586886,18.586886,53.8013737212355,0.325270505
1,3,168,18.672645,18.672645,53.55427685793845,0.32677128749999995
1,3,169,19.016626,19.016626,52.585563811372225,0.332790955
1,3,170,19.045911,19.045911,52.50470822844862,0.3333034425
1,3,171,18.859003,18.859003,53.02507242827205,0.3300325525
1,3,172,18.739206,18.739206,53.364053951912375,0.327936105
1,3,173,18.870553,18.870553,52.992617651427594,0.3302346775
1,3,174,18.922909,18.922909,52.84599740980628,0.33115090750000004
1,3,175,18.971131,18.971131,52.71167016874218,0.3319947925
1,3,176,18.836376,18.836376,53.08876824289342,0.32963658
1,3,177,18.563351,18.563351,53.86958421461728,0.3248586425
1,3,178,18.982309,18.982309,52.68063015937629,0.3321904075
1,3,179,19.224639,19.224639,52.01658142969551,0.3364311825
1,3,180,19.0672,19.0672,52.44608542418394,0.333676
1,3,181,19.627197,19.627197,50.949710241355405,0.34347594749999993
1,3,182,19.59835,19.59835,51.0247036102529,0.342971125
1,3,183,19.341637,19.341637,51.70193195126142,0.33847864749999995
1,3,184,19.272547,19.272547,51.88727779467862,0.3372695725
1,3,185,18.851929,18.851929,53.04496956253124,0.3299087575
1,3,186,18.94392,18.94392,52.78738508186268,0.3315186
1,3,187,18.80896,18.80896,53.16615060056484,0.32915679999999997
1,3,188,18.773888,18.773888,53.265471701972444,0.32854304
1,3,189,18.834905,18.834905,53.09291445855448,0.3296108375
1,3,190,18.808532,18.808532,53.16736042983047,0.32914931000000003
1,3,191,18.93822,18.93822,52.80327295807103,0.33141885000000004
1,3,192,18.974059,18.974059,52.70353591711715,0.33204603250000003
1,3,193,19.210013,19.210013,52.05618549034818,0.3361752275
1,3,194,19.180336,19.180336,52.13673003434351,0.33565588
1,3,195,18.742362,18.742362,53.35506805385575,0.327991335
1,3,196,19.77439,19.77439,50.570460074874624,0.34605182500000004
1,3,197,18.911096,18.911096,52.87900817594072,0.33094418000000003
1,3,198,18.759447,18.759447,53.30647539876841,0.3282903225
1,3,199,19.136761,19.136761,52.25544699021951,0.3348933175
1,3,200,18.974404,18.974404,52.702577640910356,0.33205207000000003
1,3,201,19.310477,19.310477,51.785359833421,0.3379333475
1,3,202,19.354239,19.354239,51.6682676079385,0.33869918250000003
1,3,203,19.04842,19.04842,52.49779246782673,0.33334735
1,3,204,19.082603,19.082603,52.40375225539199,0.33394555249999996
1,3,205,18.852023,18.852023,53.04470506958325,0.3299104025
1,3,206,19.271099,19.271099,51.89117652293728,0.3372442325
1,3,207,19.138135,19.138135,52.25169537157096,0.3349173625
1,3,208,18.840219,18.840219,53.077939274485075,0.3297038325
1,3,209,19.012757,19.012757,52.596264707953715,0.33272324750000004
1,3,210,19.039708,19.039708,52.521813884960835,0.33319489
1,3,211,19.175852,19.175852,52.148921466436015,0.33557740999999996
1,3,212,18.917714,18.917714,52.86050946747583,0.331059995
1,3,213,19.008195,19.008195,52.60888790334905,0.3326434125
1,3,214,18.937773,18.937773,52.804519306467554,0.3314110275
1,3,215,19.214831,19.214831,52.04313272388396,0.3362595425
1,3,216,19.142833,19.142833,52.238871853502566,0.3349995775
1,3,217,19.000717,19.000717,52.62959287273212,0.33251254750000003
1,3,218,18.883825,18.883825,52.95537318313424,0.3304669375
1,3,219,19.069208,19.069208,52.44056281729162,0.33371114
1,3,220,19.377014,19.377014,51.607538705395996,0.33909774499999995
1,3,221,19.059527,19.059527,52.46719921223649,0.33354172249999997
1,3,222,19.065446,19.065446,52.45091040618719,0.333645305
1,3,223,19.13135,19.13135,52.270226617567495,0.334798625
1,3,224,19.183849,19.183849,52.1271826107472,0.3357173575
1,3,225,19.301351,19.301351,51.80984481345373,0.33777364249999997
1,3,226,19.058205,19.058205,52.47083867552059,0.3335185875
1,3,227,19.072781,19.072781,52.43073886288528,0.3337736675
1,3,228,19.227167,19.227167,52.00974225688059,0.3364754225
1,3,229,19.161339,19.161339,52.188419608880146,0.3353234325
1,3,230,19.266916,19.266916,51.90244250818346,0.33717103
1,3,231,19.294819,19.294819,51.827384335660255,0.3376593325
1,3,232,19.027219,19.027219,52.55628791574849,0.33297633249999997
1,3,233,18.966844,18.966844,52.72358437703184,0.33191976999999995
1,3,234,18.937782,18.937782,52.804494211624146,0.331411185
1,3,235,18.953526,18.953526,52.76063145189976,0.331686705
1,3,236,18.886576,18.886576,52.94765975579691,0.33051508
1,3,237,19.078573,19.078573,52.41482159069235,0.3338750275
1,3,238,19.243441,19.243441,51.965758099084255,0.3367602175
1,3,239,19.135033,19.135033,52.260165947976155,0.3348630775
1,3,240,19.131058,19.131058,52.27102442530884,0.334793515
1,3,241,19.044871,19.044871,52.50757539917177,0.33328524249999997
1,3,242,19.077352,19.077352,52.418176275197936,0.33385366000000005
1,3,243,18.915617,18.915617,52.866369624633435,0.33102329750000004
1,3,244,19.114119,19.114119,52.31734719240788,0.3344970825
1,3,245,19.256627,19.256627,51.93017447967393,0.33699097250000004
1,3,246,19.168015,19.168015,52.17024298029817,0.33544026250000003
1,3,247,18.996091,18.996091,52.642409430445454,0.33243159250000004
1,3,248,19.023549,19.023549,52.56642701106928,0.3329121075
1,3,249,18.986279,18.986279,52.66961472545516,0.3322598825
1,3,250,19.183693,19.183693,52.127606504128266,0.33571462750000003
1,3,251,19.23531,19.23531,51.98772465845365,0.336617925
1,3,252,19.127389,19.127389,52.28105101015094,0.3347293075
1,3,253,19.328637,19.328637,51.736705490407836,0.3382511475
1,3,254,19.49573,19.49573,51.293283195858784,0.34117527499999994
1,3,255,19.727033,19.727033,50.69186025085476,0.3452230775
1,3,256,19.585599,19.585599,51.057922711477964,0.3427479825
1,3,257,19.267011,19.267011,51.902186592409166,0.3371726925
1,3,258,18.85714,18.85714,53.030311065198646,0.32999995
1,3,259,18.830993,18.830993,53.10394412020651,0.3295423775
1,3,260,19.085404,19.085404,52.39606140902231,0.33399457
1,3,261,20.928456,20.928456,47.78183349980524,0.36624798
1,3,262,19.541467,19.541467,51.17323075079266,0.34197567250000005
1,3,263,19.092944,19.092944,52.375369665359095,0.33412652
1,3,264,19.169791,19.169791,52.165409628096626,0.3354713425
1,3,265,19.169253,19.169253,52.16687369090491,0.3354619275
1,3,266,19.170868,19.170868,52.16247902807532,0.33549018999999997
1,3,267,18.995844,18.995844,52.643093931493645,0.33242727
1,3,268,19.203073,19.203073,52.07499862131441,0.33605377750000004
1,3,269,19.138166,19.138166,52.25161073427831,0.33491790499999996
1,3,270,19.164621,19.164621,52.17948218229831,0.3353808675
1,3,271,19.170002,19.170002,52.164835454894586,0.335475035
1,3,272,19.357954,19.357954,51.658351910537654,0.338764195
1,3,273,19.082656,19.082656,52.40360670967396,0.33394648
1,3,274,19.14996,19.14996,52.219430223352944,0.3351243
1,3,275,19.569461,19.569461,51.100027742205064,0.3424655675
1,3,276,19.405016,19.405016,51.53306753264207,0.33958778
1,3,277,19.489286,19.489286,51.31024297144595,0.34106250499999996
1,3,278,19.369667,19.369667,51.62711367211424,0.3389691725
1,3,279,19.179556,19.179556,52.138850346692074,0.33564223000000004
1,3,280,19.295865,19.295865,51.82457485062214,0.3376776375
1,3,281,19.405053,19.405053,51.53296927351861,0.33958842749999996
1,3,282,18.971474,18.971474,52.7107171535538,0.332000795
1,3,283,19.11917,19.11917,52.30352572836582,0.334585475
1,3,284,19.395006,19.395006,51.559664379583076,0.339412605
1,3,285,19.335207,19.335207,51.71912563439326,0.33836612250000003
1,3,286,19.211889,19.211889,52.051102314821826,0.3362080575
1,3,287,19.094509,19.094509,52.37107694154377,0.3341539075
1,3,288,19.14134,19.14134,52.2429464185893,0.33497345
1,3,289,19.172363,19.172363,52.158411563561565,0.33551635250000006
1,3,290,19.201689,19.201689,52.07875203061565,0.33602955749999996
1,3,291,19.238467,19.238467,51.97919356048484,0.3366731725
1,3,292,20.071877,20.071877,49.82095097533728,0.3512578475
1,3,293,19.228927,19.228927,52.004981869243146,0.33650622249999995
1,3,294,19.175319,19.175319,52.15037100556189,0.3355680824999999
1,3,295,19.250825,19.250825,51.94582569837916,0.3368894375
1,3,296,19.214793,19.214793,52.043235646618726,0.3362588775
1,3,297,19.189604,19.189604,52.11154956610882,0.33581806999999997
1,3,298,19.118944,19.118944,52.30414399456372,0.33458151999999997
1,3,299,19.183294,19.183294,52.128690724335456,0.335707645
1,3,300,19.430945,19.430945,51.46430088706442,0.3400415375
1,3,301,19.086332,19.086332,52.39351385064454,0.33401081
1,3,302,19.263709,19.263709,51.911083166798264,0.33711490749999995
1,3,303,19.270346,19.270346,51.89320420090018,0.337231055
1,3,304,19.016201,19.016201,52.586739065284384,0.33278351749999996
1,3,305,19.297276,19.297276,51.8207854828837,0.33770233
1,3,306,19.340332,19.340332,51.705420568788576,0.33845580999999997
1,3,307,18.975288,18.975288,52.70012239076424,0.33206754
1,3,308,19.040981,19.040981,52.518302497124495,0.33321716749999997
1,3,309,19.018035,19.018035,52.58166787473048,0.3328156125
1,3,310,19.16557,19.16557,52.176898469495036,0.335397475
1,3,311,19.114757,19.114757,52.31560097782044,0.3345082475
1,3,312,20.227619,20.227619,49.437355924095655,0.3539833325
1,3,313,18.915793,18.915793,52.86587773507566,0.3310263775
1,3,314,18.916326,18.916326,52.86438814810022,0.331035705
1,3,315,18.95836,18.95836,52.747178553419175,0.3317713
1,3,316,19.06355,19.06355,52.456127006774715,0.333612125
1,3,317,20.110966,20.110966,49.72411568892314,0.351941905
1,3,318,19.151833,19.151833,52.214323297409706,0.3351570775
1,3,319,19.026417,19.026417,52.55850326417213,0.3329622975
1,3,320,18.955345,18.955345,52.75556841619078,0.3317185375
1,3,321,18.87704,18.87704,52.974407004487986,0.33034820000000004
1,3,322,18.805445,18.805445,53.17608809576163,0.3290952875
1,3,323,18.807154,18.807154,53.17125600183845,0.32912519500000004
1,3,324,18.871484,18.871484,52.99000332989181,0.33025097
1,3,325,19.082704,19.082704,52.403474895381706,0.33394732
1,3,326,18.978117,18.978117,52.6922665720735,0.33211704750000004
1,3,327,19.127365,19.127365,52.28111660963233,0.3347288875
1,3,328,18.968163,18.968163,52.71991810698801,0.3319428525
1,3,329,18.994569,18.994569,52.646627570228105,0.3324049575
1,3,330,18.993623,18.993623,52.64924969817501,0.33238840249999996
1,3,331,18.921685,18.921685,52.84941589504317,0.3311294875
1,3,332,19.274269,19.274269,51.88264208619274,0.3372997075
1,3,333,19.072142,19.072142,52.432495521478394,0.33376248499999994
1,3,334,19.10467,19.10467,52.34322288738827,0.334331725
1,3,335,19.191353,19.191353,52.106800390780165,0.3358486775
1,3,336,19.264171,19.264171,51.909838217279116,0.3371229925
1,3,337,19.214392,19.214392,52.044321777134556,0.33625186
1,3,338,18.942778,18.942778,52.790567465870105,0.33149861500000005
1,3,339,19.135981,19.135981,52.257576969793185,0.33487966750000003
1,3,340,19.053172,19.053172,52.48469913566098,0.33343051
1,3,341,18.891055,18.891055,52.93510605945512,0.33059346250000005
1,3,342,18.897588,18.897588,52.91680610245075,0.33070779
1,3,343,19.065897,19.065897,52.44966969033768,0.3336531975
1,3,344,18.877699,18.877699,52.97255772538803,0.3303597325
1,3,345,19.217171,19.217171,52.036795634487504,0.3363004925
1,3,346,18.85341,18.85341,53.040802698291714,0.329934675
1,3,347,19.012928,19.012928,52.5957916634408,0.33272623999999995
1,3,348,18.941384,18.941384,52.794452612332876,0.33147422
1,3,349,18.916175,18.916175,52.864810142642476,0.3310330625
1,3,350,19.080058,19.080058,52.41074214763917,0.333901015
1,3,351,19.031876,19.031876,52.54342766840221,0.33305783
1,3,352,18.773148,18.773148,53.26757132048392,0.32853009
1,3,353,18.728531,18.728531,53.3944707142274,0.3277492925
1,3,354,18.651858,18.651858,53.61396167609683,0.326407515
1,3,355,18.826925,18.826925,53.1154184764639,0.3294711875
1,3,356,18.871447,18.871447,52.99010722389227,0.33025032249999997
1,3,357,19.232212,19.232212,51.996099044665264,0.33656371
1,3,358,19.13718,19.13718,52.2543028805707,0.33490065
1,3,359,19.020072,19.020072,52.576036515529495,0.33285126
1,3,360,19.073402,19.073402,52.429031800409795,0.333784535
1,3,361,19.167801,19.167801,52.170825437931036,0.33543651750000003
1,3,362,18.959506,18.959506,52.74399027063257,0.331791355
1,3,363,18.80824,18.80824,53.168185858963945,0.3291442
1,3,364,18.896037,18.896037,52.9211495510937,0.33068064750000004
1,3,365,19.040536,19.040536,52.519529912393224,0.33320938
1,3,366,19.321878,19.321878,51.754803544458774,0.33813286500000006
1,3,367,19.178532,19.178532,52.141634198071046,0.33562431000000004
1,3,368,19.904283,19.904283,50.240443225209376,0.3483249525
1,3,369,19.372933,19.372933,51.61841007760673,0.3390263275
1,3,370,19.103523,19.103523,52.34636564156255,0.3343116525
1,3,371,19.099461,19.099461,52.35749846553261,0.33424056750000003
1,3,372,19.020249,19.020249,52.5755472496706,0.3328543575
1,3,373,18.981101,18.981101,52.68398287328011,0.3321692675
1,3,374,18.998646,18.998646,52.63532990719444,0.332476305
1,3,375,18.924482,18.924482,52.84160485872216,0.33117843500000005
1,3,376,19.259234,19.259234,51.92314502227866,0.337036595
1,3,377,19.066109,19.066109,52.44908649163812,0.3336569075
1,3,378,19.063556,19.063556,52.456110496908344,0.33361222999999995
1,3,379,18.834909,18.834909,53.09290318312661,0.3296109075
1,3,380,18.882085,18.882085,52.96025306527325,0.3304364875
1,3,381,19.006252,19.006252,52.614266084654666,0.33260941000000005
1,3,382,19.259396,19.259396,51.9227082718482,0.33703943
1,3,383,18.958708,18.958708,52.74621034302548,0.33177739
1,3,384,18.985616,18.985616,52.67145401023596,0.33224828
1,3,385,19.029441,19.029441,52.550151105332006,0.33301521749999996
1,3,386,19.03106,19.03106,52.54568058741867,0.33304354999999997
1,3,387,19.028086,19.028086,52.553893229198145,0.33299150499999997
1,3,388,18.872907,18.872907,52.986007931899415,0.33027587250000007
1,3,389,18.908654,18.908654,52.885837352568835,0.33090144499999996
1,3,390,18.905508,18.905508,52.8946379012931,0.33084639000000005
1,3,391,19.055587,19.055587,52.47804751435891,0.33347277249999996
1,3,392,18.941215,18.941215,52.794923662500004,0.3314712625
1,3,393,19.087159,19.087159,52.39124376760313,0.3340252825
1,3,394,18.973395,18.973395,52.70538034969493,0.3320344125
1,3,395,18.847082,18.847082,53.05861140732554,0.329823935
1,3,396,18.875381,18.875381,52.979063045138005,0.3303191675
1,3,397,18.896276,18.896276,52.920480204671016,0.33068483000000004
1,3,398,18.984422,18.984422,52.67476671135946,0.332227385
1,3,399,18.963368,18.963368,52.73324865076711,0.33185893999999994
1,3,400,18.940431,18.940431,52.797108999261944,0.3314575425
1,3,401,19.015445,19.015445,52.58882976443623,0.3327702875
1,3,402,19.203228,19.203228,52.07457829485751,0.33605649
1,3,403,18.992007,18.992007,52.65372954001122,0.33236012249999997
1,3,404,18.914936,18.914936,52.868272988076725,0.33101138
1,3,405,18.973973,18.973973,52.70377479719192,0.3320445275
1,3,406,19.108445,19.108445,52.33288213666785,0.3343977875
1,3,407,19.084498,19.084498,52.39854881171095,0.33397871500000004
1,3,408,19.348395,19.348395,51.683873520258395,0.33859691249999996
1,3,409,19.029915,19.029915,52.54884217822308,0.3330235125
1,3,410,19.088395,19.088395,52.38785136204485,0.33404691249999996
1,3,411,20.858561,20.858561,47.94194575551017,0.36502481750000004
1,3,412,19.3825,19.3825,51.59293176834773,0.33919375
1,3,413,18.947296,18.947296,52.777979506943886,0.33157768000000004
1,3,414,19.054528,19.054528,52.48096410469994,0.33345424
1,3,415,18.860168,18.860168,53.021797048679524,0.33005294
1,3,416,18.980029,18.980029,52.68695848673361,0.33215050749999997
1,3,417,18.993496,18.993496,52.64960173735261,0.33238618000000003
1,3,418,19.074657,19.074657,52.425582279146624,0.33380649749999997
1,3,419,19.052575,19.052575,52.48634370944609,0.3334200625
1,3,420,19.130869,19.130869,52.27154082754944,0.3347902075
1,3,421,19.486297,19.486297,51.318113441460945,0.3410101975
1,3,422,19.318318,19.318318,51.76434097419868,0.33807056500000005
1,3,423,19.082191,19.082191,52.404883694959345,0.33393834250000004
1,3,424,18.984876,18.984876,52.67350705898737,0.33223533
1,3,425,19.132687,19.132687,52.266573952733346,0.3348220225
1,3,426,18.916707,18.916707,52.8633234103589,0.3310423725
1,3,427,18.92564,18.92564,52.83837164819789,0.3311987
1,3,428,19.174054,19.174054,52.15381160395187,0.335545945
1,3,429,19.108293,19.108293,52.33329842702329,0.3343951275
1,3,430,19.117121,19.117121,52.30913169404535,0.3345496175
1,3,431,19.223789,19.223789,52.01888139741858,0.3364163075
1,3,432,19.351803,19.351803,51.674771596217674,0.33865655250000004
1,3,433,19.579998,19.579998,51.07252819944108,0.342649965
1,3,434,19.203221,19.203221,52.07459727719636,0.33605636749999995
1,3,435,19.586153,19.586153,51.05647852337312,0.3427576775
1,3,436,19.40185,19.40185,51.54147671484936,0.339532375
1,3,437,19.185651,19.185651,52.122286598458395,0.3357488925
1,3,438,19.080556,19.080556,52.40937423416801,0.33390973
1,3,439,19.407597,19.407597,51.52621419333883,0.3396329475
1,3,440,19.484269,19.484269,51.32345483425629,0.34097470750000003
1,3,441,19.554696,19.554696,51.138611410783376,0.34220718
1,3,442,19.221229,19.221229,52.0258095879301,0.3363715075
1,3,443,19.325622,19.325622,51.74477695983084,0.338198385
1,3,444,19.365919,19.365919,51.6371053705223,0.3389035825
1,3,445,19.547768,19.547768,51.15673564368065,0.34208594000000003
1,3,446,19.666768,19.666768,50.84719563478859,0.34416844
1,3,447,19.402256,19.402256,51.540398188746714,0.33953948
1,3,448,19.391535,19.391535,51.56889333412749,0.33935186250000005
1,3,449,19.231731,19.231731,51.997399506055906,0.3365552925
1,3,450,19.297464,19.297464,51.820280633766174,0.33770562
1,3,451,19.154202,19.154202,52.20786540728765,0.3351985350000001
1,3,452,18.918608,18.918608,52.85801154080681,0.33107563999999995
1,3,453,19.185425,19.185425,52.12290058729479,0.3357449375
1,3,454,18.878486,18.878486,52.970349423147596,0.33037350499999996
1,3,455,18.882294,18.882294,52.95966687098506,0.330440145
1,3,456,19.061523,19.061523,52.46170518483754,0.3335766525
1,3,457,18.839539,18.839539,53.079855085626036,0.32969193249999995
1,3,458,19.342169,19.342169,51.70050990661906,0.3384879575
1,3,459,18.943254,18.943254,52.789240961452556,0.331506945
1,3,460,18.949507,18.949507,52.77182145160821,0.33161637250000003
1,3,461,19.044833,19.044833,52.50768016710884,0.3332845775
1,3,462,18.910551,18.910551,52.88053214314062,0.33093464250000004
1,3,463,19.040275,19.040275,52.52024983882848,0.3332048125
1,3,464,19.140042,19.140042,52.24648932327317,0.334950735
1,3,465,19.128828,19.128828,52.27711807539909,0.33475448999999996
1,3,466,19.299366,19.299366,51.815173617620395,0.337738905
1,3,467,19.066511,19.066511,52.4479806504714,0.3336639425
1,3,468,18.846292,18.846292,53.06083552138533,0.32981010999999993
1,3,469,21.77783,21.77783,45.91825723683213,0.381112025
1,3,470,18.827239,18.827239,53.114532619466935,0.3294766825
1,3,471,18.879992,18.879992,52.96612413818819,0.33039986000000005
1,3,472,18.958334,18.958334,52.74725089240437,0.331770845
1,3,473,18.925052,18.925052,52.84001333259216,0.33118841000000004
1,3,474,18.881587,18.881587,52.96164988673887,0.3304277725
1,3,475,18.824953,18.824953,53.120982559690844,0.32943667750000005
1,3,476,18.935422,18.935422,52.81107545424654,0.33136988500000003
1,3,477,19.0139,19.0139,52.593102940480385,0.33274325
1,3,478,18.863771,18.863771,53.011669829961356,0.3301159925
1,3,479,18.982703,18.982703,52.67953673404678,0.3321973025
1,3,480,18.825157,18.825157,53.12040691081619,0.3294402475
1,3,481,18.939021,18.939021,52.80103971583325,0.3314328675
1,3,482,18.852868,18.852868,53.04232756522774,0.32992519000000003
1,3,483,19.098794,19.098794,52.35932698158847,0.334228895
1,3,484,18.85321,18.85321,53.041365369610794,0.329931175
1,3,485,18.854784,18.854784,53.03693746902643,0.32995872
1,3,486,18.609502,18.609502,53.735989281174746,0.32566628499999994
1,3,487,18.751167,18.751167,53.330014073257416,0.3281454225
1,3,488,18.841985,18.841985,53.072964446155744,0.3297347375
1,3,489,18.706889,18.706889,53.456242777727496,0.3273705575
1,3,490,18.739901,18.739901,53.36207485834637,0.3279482675
1,3,491,18.737857,18.737857,53.367895805801055,0.3279124975
1,3,492,18.910913,18.910913,52.87951988357199,0.3309409775
1,3,493,18.923144,18.923144,52.84534113358753,0.33115502
1,3,494,18.971401,18.971401,52.71091997897256,0.3319995175
1,3,495,18.899576,18.899576,52.91123991353033,0.33074257999999995
1,3,496,18.880107,18.880107,52.96580151796809,0.33040187249999997
1,3,497,18.942924,18.942924,52.79016058978012,0.33150117
1,3,498,18.870606,18.870606,52.992468816316766,0.330235605
1,3,499,18.965815,18.965815,52.72644492208745,0.3319017625
1,3,500,18.878037,18.878037,52.9716092833169,0.33036564749999997
1,4,1,18.823533,18.823533,53.124989873048804,0.32941182750000003
1,4,2,18.936625,18.936625,52.807720488735455,0.3313909375
1,4,3,18.92857,18.92857,52.83019266642963,0.33124997500000003
1,4,4,19.080112,19.080112,52.41059381622079,0.33390196
1,4,5,19.229154,19.229154,52.004367950872926,0.336510195
1,4,6,19.11531,19.11531,52.314087503681606,0.334517925
1,4,7,19.2386,19.2386,51.97883421870614,0.33667550000000007
1,4,8,19.14156,19.14156,52.24234597389137,0.3349773
1,4,9,19.224527,19.224527,52.016884472632285,0.33642922249999996
1,4,10,19.200723,19.200723,52.08137214416353,0.3360126525
1,4,11,18.979461,18.979461,52.688535253977975,0.33214056750000004
1,4,12,19.268464,19.268464,51.89827274244589,0.33719812
1,4,13,19.365692,19.365692,51.637710648294934,0.33889961
1,4,14,19.464949,19.464949,51.374396100395636,0.3406366075
1,4,15,19.482049,19.482049,51.32930319598313,0.3409358575
1,4,16,19.210146,19.210146,52.055825083265894,0.336177555
1,4,17,19.212498,19.212498,52.049452392916315,0.336218715
1,4,18,19.359308,19.359308,51.6547388987251,0.3387878899999999
1,4,19,19.33744,19.33744,51.71315334397934,0.3384052
1,4,20,19.052348,19.052348,52.48696906019143,0.33341609
1,4,21,19.122237,19.122237,52.29513680852298,0.33463914749999996
1,4,22,19.057923,19.057923,52.47161508628197,0.3335136525
1,4,23,19.003264,19.003264,52.62253894909842,0.33255712000000004
1,4,24,19.120867,19.120867,52.29888372739583,0.3346151725
1,4,25,18.941343,18.941343,52.79456689000352,0.3314735025
1,4,26,18.885796,18.885796,52.949846540754756,0.33050143
1,4,27,18.983677,18.983677,52.67683389261206,0.3322143475
1,4,28,18.796423,18.796423,53.20161181731226,0.32893740250000003
1,4,29,18.937223,18.937223,52.80605292550022,0.3314014025
1,4,30,18.964644,18.964644,52.729700594432465,0.33188126999999995
1,4,31,18.680452,18.680452,53.53189526677406,0.32690790999999997
1,4,32,18.882894,18.882894,52.957984088667764,0.330450645
1,4,33,18.887691,18.887691,52.94453408836474,0.33053459250000006
1,4,34,19.548628,19.548628,51.15448511271481,0.34210099000000005
1,4,35,19.12781,19.12781,52.27990031268609,0.334736675
1,4,36,18.983357,18.983357,52.6777218592054,0.3322087475
1,4,37,19.09351,19.09351,52.373817071874164,0.33413642499999996
1,4,38,18.803179,18.803179,53.18249642786467,0.32905563250000003
1,4,39,18.932897,18.932897,52.81811864291027,0.3313256975
1,4,40,18.836556,18.836556,53.088260932624834,0.32963973
1,4,41,18.748633,18.748633,53.3372219723966,0.3281010775
1,4,42,18.825638,18.825638,53.11904967045472,0.32944866500000003
1,4,43,18.475176,18.475176,54.126683285723495,0.32331558
1,4,44,18.926486,18.926486,52.83600981185837,0.331213505
1,4,45,18.841325,18.841325,53.074823559383425,0.3297231875
1,4,46,19.475508,19.475508,51.346542539480865,0.34082139
1,4,47,19.057695,19.057695,52.47224283944097,0.33350966249999997
1,4,48,18.988989,18.988989,52.66209801901512,0.3323073075
1,4,49,19.204837,19.204837,52.07021543583004,0.3360846475
1,4,50,18.943834,18.943834,52.78762472264062,0.331517095
1,4,51,18.813902,18.813902,53.15218501722822,0.32924328499999994
1,4,52,18.7405,18.7405,53.36036925375524,0.32795875
1,4,53,19.00884,19.00884,52.607102800591726,0.33265469999999997
1,4,54,18.882264,18.882264,52.9597510129082,0.33043962
1,4,55,19.147105,19.147105,52.22721659488471,0.3350743375
1,4,56,18.716342,18.716342,53.42924381270657,0.32753598500000003
1,4,57,18.839211,18.839211,53.080779232208826,0.32968619250000003
1,4,58,18.897184,18.897184,52.917937402736825,0.33070072
1,4,59,19.344852,19.344852,51.69333939592818,0.33853490999999997
1,4,60,18.996767,18.996767,52.64053615017756,0.3324434225
1,4,61,19.246901,19.246901,51.95641625631056,0.33682076750000006
1,4,62,19.194972,19.194972,52.096976228983294,0.33591201
1,4,63,19.746661,19.746661,50.64147300649969,0.34556656750000003
1,4,64,19.482039,19.482039,51.32932954297032,0.3409356825
1,4,65,19.280097,19.280097,51.86695896810062,0.3374016975
1,4,66,19.619687,19.619687,50.96921270966249,0.34334452249999997
1,4,67,19.049823,19.049823,52.49392605905052,0.3333719025
1,4,68,18.922863,18.922863,52.846125874292916,0.3311501025
1,4,69,19.010308,19.010308,52.603040413653474,0.33268039
1,4,70,18.611186,18.611186,53.731127075942396,0.32569575500000003
1,4,71,18.930525,18.930525,52.8247367677336,0.3312841875
1,4,72,19.167516,19.167516,52.17160116104768,0.33543153000000003
1,4,73,19.042446,19.042446,52.51426208586859,0.33324280500000003
1,4,74,18.985845,18.985845,52.67081870730536,0.3322522875
1,4,75,19.019324,19.019324,52.57810424807948,0.33283817
1,4,76,18.867442,18.867442,53.00135545666444,0.330180235
1,4,77,18.688944,18.688944,53.5075711072814,0.32705651999999996
1,4,78,19.050078,19.050078,52.49322338732682,0.33337636499999995
1,4,79,18.920286,18.920286,52.853323675974025,0.331105005
1,4,80,19.010652,19.010652,52.60208855540568,0.33268641000000004
1,4,81,19.504583,19.504583,51.27000151707935,0.34133020249999996
1,4,82,19.055513,19.055513,52.478251307115166,0.33347147750000006
1,4,83,19.130435,19.130435,52.272726678719025,0.33478261249999997
1,4,84,19.097163,19.097163,52.36379874853664,0.33420035249999996
1,4,85,20.029549,20.029549,49.926236481909804,0.35051710750000004
1,4,86,19.503662,19.503662,51.272422584025506,0.341314085
1,4,87,19.120881,19.120881,52.298845434998526,0.3346154175
1,4,88,19.177503,19.177503,52.14443194194781,0.3356063025
1,4,89,18.875679,18.875679,52.978226637568895,0.3303243825
1,4,90,18.963797,18.963797,52.73205571647914,0.3318664475
1,4,91,19.048809,19.048809,52.4967203986349,0.33335415749999997
1,4,92,18.670797,18.670797,53.55957755847273,0.3267389475
1,4,93,18.821661,18.821661,53.13027367775884,0.32937906749999996
1,4,94,18.807483,18.807483,53.170325875078554,0.3291309525
1,4,95,18.66934,18.66934,53.56375747616145,0.32671344999999996
1,4,96,18.785951,18.785951,53.23126840903609,0.3287541425
1,4,97,18.734259,18.734259,53.37814535392085,0.3278495325
1,4,98,18.761846,18.761846,53.29965931923757,0.32833230499999994
1,4,99,18.703347,18.703347,53.466366207075126,0.3273085725
1,4,100,18.892485,18.892485,52.93109932335529,0.3306184875
1,4,101,18.596502,18.596502,53.77355375758301,0.325438785
1,4,102,18.855343,18.855343,53.03536509518814,0.3299685025
1,4,103,18.740865,18.740865,53.359329998908805,0.32796513749999995
1,4,104,18.592459,18.592459,53.7852470186972,0.3253680325
1,4,105,18.974021,18.974021,52.70364146851107,0.3320453675
1,4,106,19.182436,19.182436,52.13102235816139,0.33569263
1,4,107,18.97752,18.97752,52.693924179766384,0.3321066
1,4,108,19.321822,19.321822,51.754953544236145,0.338131885
1,4,109,18.962117,18.962117,52.73672765546168,0.3318370475
1,4,110,19.336183,19.336183,51.71651509504228,0.3383832025
1,4,111,18.858977,18.858977,53.0251455314888,0.33003209749999995
1,4,112,19.026343,19.026343,52.55870768229081,0.3329610025
1,4,113,19.368721,19.368721,51.62963522475231,0.33895261750000005
1,4,114,19.441243,19.441243,51.437040316815136,0.3402217525
1,4,115,18.910033,18.910033,52.88198069247156,0.33092557749999996
1,4,116,18.893643,18.893643,52.92785515212709,0.3306387525
1,4,117,19.190198,19.190198,52.10993654156148,0.335828465
1,4,118,19.184328,19.184328,52.12588108376796,0.33572574000000005
1,4,119,18.925025,18.925025,52.84008871850895,0.33118793750000003
1,4,120,18.905296,18.905296,52.89523105060085,0.33084268
1,4,121,18.87184,18.87184,52.989003721947626,0.3302572
1,4,122,18.84446,18.84446,53.06599393137293,0.32977805
1,4,123,18.904759,18.904759,52.896733568515735,0.3308332825
1,4,124,19.00374,19.00374,52.621220875469774,0.33256545
1,4,125,18.973305,18.973305,52.705630358021445,0.33203283749999996
1,4,126,18.896224,18.896224,52.92062583508748,0.33068392
1,4,127,18.638226,18.638226,53.65317493199191,0.326168955
1,4,128,18.712483,18.712483,53.44026231045875,0.32746845249999995
1,4,129,18.95213,18.95213,52.76451776132814,0.331662275
1,4,130,19.0128,19.0128,52.596145754439114,0.33272399999999996
1,4,131,18.963588,18.963588,52.732636882851494,0.33186279
1,4,132,18.750944,18.750944,53.330648312959596,0.32814152
1,4,133,18.781934,18.781934,53.242653285865025,0.32868384500000003
1,4,134,18.82076,18.82076,53.13281716572551,0.32936329999999997
1,4,135,18.943021,18.943021,52.78989027146198,0.3315028675
1,4,136,18.797532,18.797532,53.198473076146385,0.32895681000000004
1,4,137,18.704976,18.704976,53.46170986800518,0.32733707999999995
1,4,138,18.598142,18.598142,53.76881195981836,0.325467485
1,4,139,18.948924,18.948924,52.77344507793687,0.33160617000000003
1,4,140,19.127809,19.127809,52.27990304587421,0.3347366575
1,4,141,19.001635,19.001635,52.62705025120207,0.3325286125
1,4,142,18.816999,18.816999,53.143436952938146,0.3292974825
1,4,143,18.861934,18.861934,53.01683273836076,0.33008384500000004
1,4,144,18.787609,18.787609,53.22657076799927,0.32878315750000003
1,4,145,18.759137,18.759137,53.3073563032244,0.3282848975
1,4,146,18.710544,18.710544,53.44580040003113,0.32743451999999995
1,4,147,18.955658,18.955658,52.75469730462535,0.331724015
1,4,148,18.816573,18.816573,53.14464009997994,0.3292900275
1,4,149,18.83127,18.83127,53.1031629836968,0.329547225
1,4,150,18.791022,18.791022,53.216903263696885,0.32884288500000003
1,4,151,19.068393,19.068393,52.44280417337738,0.33369687750000004
1,4,152,18.857135,18.857135,53.03032512627183,0.3299998625
1,4,153,18.924301,18.924301,52.842110258127896,0.33117526750000004
1,4,154,18.87626,18.87626,52.97659599941938,0.33033455
1,4,155,18.625165,18.625165,53.69079951774924,0.3259403875
1,4,156,18.677509,18.677509,53.54033024425259,0.3268564075
1,4,157,18.830922,18.830922,53.10414434301199,0.329541135
1,4,158,18.743449,18.743449,53.35197380161997,0.32801035749999996
1,4,159,18.823449,18.823449,53.12522694432886,0.3294103575
1,4,160,18.899293,18.899293,52.912032211998614,0.3307376275
1,4,161,19.107571,19.107571,52.33527589665897,0.3343824925
1,4,162,18.833098,18.833098,53.09800862290421,0.329579215
1,4,163,18.818926,18.818926,53.13799522884568,0.329331205
1,4,164,18.839158,18.839158,53.0809285637925,0.329685265
1,4,165,19.054494,19.054494,52.48105774942122,0.333453645
1,4,166,18.743645,18.743645,53.3514159065646,0.32801378750000004
1,4,167,18.73545,18.73545,53.374752140994744,0.32787037500000005
1,4,168,18.546145,18.546145,53.919561181043285,0.3245575375
1,4,169,18.572285,18.572285,53.84367082456466,0.3250149875
1,4,170,18.557234,18.557234,53.887341184575234,0.324751595
1,4,171,18.865014,18.865014,53.008176935357696,0.330137745
1,4,172,19.231596,19.231596,51.9977645121081,0.33655293000000003
1,4,173,19.13301,19.13301,52.26569159792422,0.334827675
1,4,174,19.080293,19.080293,52.410096637404884,0.3339051275
1,4,175,18.927694,18.927694,52.83263772121422,0.331234645
1,4,176,18.597267,18.597267,53.77134177833765,0.32545217249999997
1,4,177,18.909335,18.909335,52.88393272423382,0.3309133625
1,4,178,18.970085,18.970085,52.71457666109561,0.33197648750000003
1,4,179,18.830731,18.830731,53.10468297805327,0.32953779250000004
1,4,180,18.849355,18.849355,53.05221319244081,0.32986371249999996
1,4,181,18.79196,18.79196,53.2142469439058,0.3288593
1,4,182,18.739552,18.739552,53.36306865820485,0.32794216
1,4,183,18.96707,18.96707,52.722956155062434,0.331923725
1,4,184,18.801825,18.801825,53.1863263273645,0.32903193750000004
1,4,185,18.752324,18.752324,53.32672366369096,0.32816567
1,4,186,18.831316,18.831316,53.10303326650139,0.32954803000000005
1,4,187,18.843424,18.843424,53.06891146747004,0.32975992
1,4,188,21.206901,21.206901,47.15446165377959,0.3711207675
1,4,189,19.090289,19.090289,52.382653819436676,0.33408005749999997
1,4,190,18.964433,18.964433,52.730287269859325,0.33187757749999997
1,4,191,19.052681,19.052681,52.48605170054545,0.3334219175
1,4,192,18.950902,18.950902,52.76793685071033,0.331640785
1,4,193,18.855992,18.855992,53.03353968330067,0.32997986
1,4,194,19.394366,19.394366,51.561365811081416,0.339401405
1,4,195,19.212691,19.212691,52.04892953308831,0.33622209249999996
1,4,196,18.99144,18.99144,52.65530154638089,0.33235020000000004
1,4,197,18.929402,18.929402,52.82787063215204,0.33126453499999997
1,4,198,19.127338,19.127338,52.28119040924565,0.33472841500000006
1,4,199,18.918951,18.918951,52.8570532266826,0.3310816425
1,4,200,18.877403,18.877403,52.973388341606096,0.3303545525
1,4,201,18.764327,18.764327,53.292612093148875,0.3283757225000001
1,4,202,18.963036,18.963036,52.73417189104108,0.33185312999999994
1,4,203,18.93487,18.93487,52.81261503247712,0.331360225
1,4,204,19.066499,19.066499,52.44801365998026,0.3336637325
1,4,205,19.156009,19.156009,52.2029406020847,0.3352301575
1,4,206,19.376436,19.376436,51.609078160710254,0.33908763000000003
1,4,207,19.656493,19.656493,50.87377488954922,0.34398862750000003
1,4,208,19.646089,19.646089,50.90071616798642,0.3438065575
1,4,209,19.849979,19.849979,50.37788704965381,0.3473746325
1,4,210,19.885938,19.885938,50.286790595444884,0.348003915
1,4,211,20.399729,20.399729,49.02025904363729,0.35699525750000005
1,4,212,20.01062,20.01062,49.97346409056791,0.35018585
1,4,213,19.944024,19.944024,50.14033276333804,0.34902042
1,4,214,19.686641,19.686641,50.79586710602382,0.34451621750000005
1,4,215,19.46638,19.46638,51.37061949884878,0.34066165
1,4,216,19.59969,19.59969,51.02121513146381,0.342994575
1,4,217,19.710434,19.710434,50.73455003578308,0.344932595
1,4,218,19.517846,19.517846,51.23516191284633,0.34156230499999995
1,4,219,19.27038,19.27038,51.89311264230389,0.33723165
1,4,220,19.383347,19.383347,51.59067729634102,0.3392085725
1,4,221,19.225886,19.225886,52.013207609781944,0.33645300499999997
1,4,222,19.202722,19.202722,52.07595048243681,0.336047635
1,4,223,19.24068,19.24068,51.97321508387438,0.3367119
1,4,224,19.520121,19.520121,51.22919063872607,0.3416021175
1,4,225,19.352845,19.352845,51.67198931216574,0.33867478749999996
1,4,226,19.613469,19.613469,50.98537132824388,0.3432357075
1,4,227,19.305172,19.305172,51.799590285960676,0.33784051
1,4,228,18.995536,18.995536,52.64394750429785,0.33242188000000006
1,4,229,19.446759,19.446759,51.42245039391911,0.3403182825
1,4,230,19.235308,19.235308,51.98773006390124,0.33661789
1,4,231,19.121355,19.121355,52.297548996919936,0.3346237125
1,4,232,19.260363,19.260363,51.92010140203484,0.3370563525
1,4,233,19.238243,19.238243,51.97979877892175,0.3366692525
1,4,234,19.079378,19.079378,52.41261009661846,0.33388911499999996
1,4,235,18.977007,18.977007,52.69534863954047,0.3320976225
1,4,236,19.307523,19.307523,51.79328285663573,0.33788165249999996
1,4,237,19.056939,19.056939,52.47432444423525,0.3334964325
1,4,238,18.992743,18.992743,52.65168912147129,0.3323730025
1,4,239,19.235073,19.235073,51.98836521181906,0.3366137775
1,4,240,19.357121,19.357121,51.66057493777097,0.3387496175
1,4,241,19.29912,19.29912,51.815834089844515,0.3377346
1,4,242,19.302409,19.302409,51.807005022015645,0.3377921575
1,4,243,19.069214,19.069214,52.44054631722105,0.333711245
1,4,244,19.196116,19.196116,52.09387148942005,0.33593203
1,4,245,19.227924,19.227924,52.007694642437734,0.33648867
1,4,246,19.060728,19.060728,52.463893299353515,0.33356274
1,4,247,19.082681,19.082681,52.40353805631399,0.33394691750000005
1,4,248,19.086467,19.086467,52.393143267426076,0.3340131725
1,4,249,19.214867,19.214867,52.04303521851075,0.3362601725
1,4,250,19.216585,19.216585,52.03838247014233,0.3362902375
1,4,251,19.273354,19.273354,51.88510520794668,0.33728369500000005
1,4,252,19.063245,19.063245,52.45696627200668,0.3336067875
1,4,253,18.837269,18.837269,53.086251515546124,0.32965220749999996
1,4,254,19.017996,19.017996,52.58177570339168,0.33281493
1,4,255,19.19813,19.19813,52.088406527094044,0.33596727499999995
1,4,256,19.099944,19.099944,52.35617444742246,0.33424902
1,4,257,19.221506,19.221506,52.025059847027585,0.33637635500000007
1,4,258,19.274113,19.274113,51.883062011725265,0.33729697750000004
1,4,259,19.293852,19.293852,51.82998190304352,0.33764241000000006
1,4,260,19.130298,19.130298,52.273101025399605,0.334780215
1,4,261,19.44949,19.44949,51.415229910912835,0.34036607500000005
1,4,262,19.554515,19.554515,51.139084758686174,0.3422040125
1,4,263,19.146873,19.146873,52.227849424812085,0.33507027749999996
1,4,264,19.316098,19.316098,51.77029025220311,0.338031715
1,4,265,19.354901,19.354901,51.666500386646256,0.3387107675
1,4,266,19.518923,19.518923,51.23233489880563,0.34158115250000004
1,4,267,19.544083,19.544083,51.16638114973212,0.3420214525
1,4,268,19.474833,19.474833,51.34832221667831,0.3408095775
1,4,269,19.602808,19.602808,51.01309975591252,0.34304914
1,4,270,19.2977,19.2977,51.819646900926024,0.33770975
1,4,271,19.04063,19.04063,52.519270633377154,0.333211025
1,4,272,19.102967,19.102967,52.34788920485494,0.3343019225
1,4,273,19.111977,19.111977,52.323210728016264,0.3344595975
1,4,274,19.102962,19.102962,52.34790290636604,0.33430183500000005
1,4,275,18.883883,18.883883,52.95521053588396,0.33046795250000005
1,4,276,18.857693,18.857693,53.028755956521294,0.3300096275
1,4,277,18.914486,18.914486,52.86953079243073,0.33100350500000003
1,4,278,19.123763,19.123763,52.29096386521836,0.3346658525
1,4,279,19.340229,19.340229,51.705695935658255,0.3384540075
1,4,280,19.038188,19.038188,52.526007201945895,0.33316829000000003
1,4,281,19.049925,19.049925,52.49364498810362,0.3333736875
1,4,282,19.016753,19.016753,52.58521262804433,0.33279317750000004
1,4,283,19.102524,19.102524,52.34910318657367,0.33429417
1,4,284,19.020918,19.020918,52.57369807282698,0.33286606500000004
1,4,285,19.096138,19.096138,52.36660941599815,0.334182415
1,4,286,19.377456,19.377456,51.6063615368292,0.33910548
1,4,287,19.272749,19.272749,51.88673395788011,0.33727310750000006
1,4,288,19.086716,19.086716,52.39245976101913,0.33401752999999995
1,4,289,19.015166,19.015166,52.58960137397696,0.332765405
1,4,290,19.034582,19.034582,52.535957973755345,0.333105185
1,4,291,18.944927,18.944927,52.78457921743377,0.33153622250000003
1,4,292,18.789142,18.789142,53.22222802935866,0.32880998499999997
1,4,293,18.871204,18.871204,52.99078956488415,0.33024606999999995
1,4,294,18.87787,18.87787,52.97207788802444,0.330362725
1,4,295,18.998114,18.998114,52.63680384273934,0.332466995
1,4,296,18.969564,18.969564,52.71602446951338,0.33196737
1,4,297,19.029027,19.029027,52.55129439881503,0.33300797249999997
1,4,298,19.035366,19.035366,52.533794201803104,0.33311890499999997
1,4,299,19.046447,19.046447,52.50323065504028,0.33331282250000005
1,4,300,19.038124,19.038124,52.52618377735117,0.33316717
1,4,301,19.102516,19.102516,52.349125110011684,0.33429403
1,4,302,19.044757,19.044757,52.507889704237236,0.3332832475
1,4,303,18.945275,18.945275,52.7836096335366,0.3315423125
1,4,304,19.194778,19.194778,52.09750276872179,0.335908615
1,4,305,19.120011,19.120011,52.30122514050854,0.33460019250000006
1,4,306,18.882655,18.882655,52.95865438414249,0.3304464625
1,4,307,18.905627,18.905627,52.89430496010527,0.33084847249999993
1,4,308,18.690776,18.690776,53.50232649516532,0.32708857999999996
1,4,309,19.019618,19.019618,52.577291510271124,0.33284331500000003
1,4,310,19.100827,19.100827,52.35375410708657,0.33426447249999997
1,4,311,18.989533,18.989533,52.66058938890176,0.3323168275
1,4,312,19.167603,19.167603,52.17136435891332,0.3354330525
1,4,313,18.681874,18.681874,53.527820603008024,0.326932795
1,4,314,19.367442,19.367442,51.63304477689929,0.33893023499999997
1,4,315,18.996992,18.996992,52.63991267670167,0.33244736
1,4,316,19.369779,19.369779,51.626815153647335,0.3389711325
1,4,317,19.227536,19.227536,52.00874412613244,0.33648188
1,4,318,19.138034,19.138034,52.251971127232814,0.334915595
1,4,319,19.498567,19.498567,51.28582013232049,0.3412249225
1,4,320,19.161016,19.161016,52.18929935656857,0.33531778
1,4,321,18.844074,18.844074,53.067080929527236,0.329771295
1,4,322,18.964024,18.964024,52.73142451201285,0.33187041999999994
1,4,323,18.790767,18.790767,53.2176254433893,0.3288384225
1,4,324,19.039241,19.039241,52.523102155175195,0.3331867175
1,4,325,19.317757,19.317757,51.765844243718355,0.3380607475
1,4,326,19.007347,19.007347,52.61123501349241,0.33262857249999994
1,4,327,18.998772,18.998772,52.63498082928728,0.33247850999999995
1,4,328,18.769106,18.769106,53.27904269921007,0.328459355
1,4,329,18.878189,18.878189,52.97118277605971,0.33036830749999996
1,4,330,18.826116,18.826116,53.11770096391629,0.32945703
1,4,331,18.890635,18.890635,52.936282978311745,0.33058611250000003
1,4,332,18.899003,18.899003,52.912844132571436,0.3307325525
1,4,333,18.978309,18.978309,52.69173349427497,0.3321204075
1,4,334,18.826731,18.826731,53.11596580415368,0.32946779249999997
1,4,335,19.325145,19.325145,51.74605416932189,0.3381900375
1,4,336,19.051668,19.051668,52.48884244676109,0.33340419
1,4,337,19.71813,19.71813,50.71474830523991,0.345067275
1,4,338,19.308662,19.308662,51.79022761908619,0.337901585
1,4,339,19.174609,19.174609,52.15230203651089,0.3355556575
1,4,340,18.865606,18.865606,53.006513546397606,0.33014810499999997
1,4,341,18.902292,18.902292,52.90363729435563,0.33079010999999997
1,4,342,19.046339,19.046339,52.50352836836518,0.3333109325
1,4,343,18.966472,18.966472,52.7246184741158,0.33191326
1,4,344,18.848468,18.848468,53.05470980453159,0.32984819
1,4,345,19.075564,19.075564,52.42308956107405,0.33382237
1,4,346,18.816633,18.816633,53.144470639354026,0.3292910775
1,4,347,18.970409,18.970409,52.71367633665673,0.33198215750000004
1,4,348,18.777189,18.777189,53.25610771665556,0.3286008075
1,4,349,18.827774,18.827774,53.11302334519205,0.32948604500000006
1,4,350,18.796213,18.796213,53.202206210368004,0.32893372750000005
1,4,351,18.589287,18.589287,53.794424713546036,0.3253125225
1,4,352,18.786086,18.786086,53.23088588011361,0.328756505
1,4,353,18.862839,18.862839,53.0142891003841,0.33009968250000005
1,4,354,19.040477,19.040477,52.51969265265781,0.3332083475
1,4,355,18.932842,18.932842,52.81827207980714,0.33132473500000004
1,4,356,18.774203,18.774203,53.26457799566778,0.32854855250000004
1,4,357,18.768107,18.768107,53.28187866789123,0.3284418725
1,4,358,18.979948,18.979948,52.68718333685635,0.33214909
1,4,359,18.776928,18.776928,53.25684797854047,0.32859624000000004
1,4,360,18.907575,18.907575,52.8888553926138,0.33088256250000003
1,4,361,18.941187,18.941187,52.79500170712639,0.3314707725
1,4,362,19.06542,19.06542,52.450981934832804,0.33364485
1,4,363,19.214013,19.214013,52.045348361115394,0.3362452275
1,4,364,18.907929,18.907929,52.887865191370246,0.3308887575
1,4,365,18.82995,18.82995,53.106885573248995,0.329524125
1,4,366,18.990169,18.990169,52.65882573240923,0.33232795750000005
1,4,367,18.716818,18.716818,53.42788501763494,0.327544315
1,4,368,18.8498,18.8498,53.050960752899236,0.3298715
1,4,369,18.652774,18.652774,53.61132880289012,0.326423545
1,4,370,18.727994,18.727994,53.396001728748956,0.327739895
1,4,371,18.834398,18.834398,53.09434365781163,0.329601965
1,4,372,18.892096,18.892096,52.93218920759243,0.33061167999999996
1,4,373,18.947988,18.947988,52.77605200087735,0.33158979
1,4,374,18.770776,18.770776,53.2743025647954,0.32848858000000003
1,4,375,18.915487,18.915487,52.86673295802535,0.3310210225
1,4,376,18.98225,18.98225,52.680793899564065,0.332189375
1,4,377,18.799741,18.799741,53.19222216944371,0.3289954675
1,4,378,18.991192,18.991192,52.65598915539372,0.33234586
1,4,379,18.980763,18.980763,52.68492104347965,0.33216335249999995
1,4,380,18.70725,18.70725,53.455211214903315,0.327376875
1,4,381,18.898833,18.898833,52.913320097595445,0.3307295775
1,4,382,19.361072,19.361072,51.65003260150058,0.33881876
1,4,383,19.24668,19.24668,51.95701284585185,0.33681690000000003
1,4,384,19.23983,19.23983,51.97551121813446,0.336697025
1,4,385,18.949281,18.949281,52.77245083863605,0.3316124175
1,4,386,18.885174,18.885174,52.95159049103811,0.330490545
1,4,387,18.767485,18.767485,53.283644558660896,0.3284309875
1,4,388,18.817885,18.817885,53.14093480749829,0.32931298750000004
1,4,389,18.930098,18.930098,52.82592831796222,0.331276715
1,4,390,18.668155,18.668155,53.567157547170574,0.3266927125
1,4,391,18.761283,18.761283,53.301258767857185,0.3283224525
1,4,392,18.470408,18.470408,54.14065569098419,0.32323213999999995
1,4,393,18.617058,18.617058,53.71417975922942,0.325798515
1,4,394,18.742291,18.742291,53.355270174814805,0.3279900925
1,4,395,18.676267,18.676267,53.54389075718397,0.32683467250000003
1,4,396,18.69518,18.69518,53.489723019516255,0.32716565000000003
1,4,397,18.814641,18.814641,53.15009730985566,0.32925621750000006
1,4,398,18.665358,18.665358,53.57518457454714,0.32664376500000003
1,4,399,18.516923,18.516923,54.004652932887396,0.32404615249999996
1,4,400,18.626619,18.626619,53.68660839629565,0.32596583250000005
1,4,401,18.436464,18.436464,54.24033589087365,0.32263812000000003
1,4,402,18.424539,18.424539,54.2754421155395,0.32242943249999995
1,4,403,18.550492,18.550492,53.906926026544205,0.32463360999999996
1,4,404,18.700102,18.700102,53.47564414354532,0.327251785
1,4,405,18.708515,18.708515,53.4515967729133,0.3273990125
1,4,406,18.580556,18.580556,53.81970270426783,0.32515973000000004
1,4,407,18.95874,18.95874,52.746121313969184,0.33177795
1,4,408,19.16908,19.16908,52.167344494362794,0.3354589
1,4,409,18.968142,18.968142,52.7199764742377,0.331942485
1,4,410,18.89582,18.89582,52.92175729870416,0.33067685
1,4,411,18.71515,18.71515,53.4326468128762,0.327515125
1,4,412,18.921266,18.921266,52.85058621341722,0.331122155
1,4,413,18.798167,18.798167,53.196676037615795,0.3289679225
1,4,414,18.877869,18.877869,52.972080694065625,0.3303627075
1,4,415,18.758337,18.758337,53.309629739565935,0.3282708975
1,4,416,18.843388,18.843388,53.06901285480084,0.32975929000000004
1,4,417,19.003648,19.003648,52.62147562404861,0.33256383999999994
1,4,418,18.967738,18.967738,52.72109937410565,0.331935415
1,4,419,18.953401,18.953401,52.760979414723515,0.33168451749999994
1,4,420,19.056392,19.056392,52.47583068190453,0.33348686
1,4,421,19.075144,19.075144,52.42424382222225,0.33381502
1,4,422,19.24711,19.24711,51.955852073376214,0.336824425
1,4,423,19.239477,19.239477,51.97646484881059,0.3366908475
1,4,424,19.351883,19.351883,51.67455797453922,0.3386579525
1,4,425,19.195693,19.195693,52.09501944003793,0.33592462749999996
1,4,426,19.230042,19.230042,52.001966506365406,0.336525735
1,4,427,19.605353,19.605353,51.0064776696446,0.3430936775
1,4,428,19.377622,19.377622,51.605919446668956,0.339108385
1,4,429,19.056194,19.056194,52.47637592270523,0.333483395
1,4,430,18.726362,18.726362,53.40065518331856,0.327711335
1,4,431,18.852452,18.852452,53.04349800227578,0.32991791
1,4,432,19.040848,19.040848,52.51866933657577,0.33321483999999996
1,4,433,19.185675,19.185675,52.12222139695372,0.33574931249999995
1,4,434,19.137155,19.137155,52.25437114346412,0.3349002125
1,4,435,19.036891,19.036891,52.529585844663394,0.33314559250000003
1,4,436,18.940843,18.940843,52.79596055993917,0.3314647525
1,4,437,19.038075,19.038075,52.526318968698256,0.3331663125
1,4,438,18.838154,18.838154,53.08375756987654,0.329667695
1,4,439,19.004735,19.004735,52.61846587179458,0.33258286249999996
1,4,440,19.183017,19.183017,52.12944345511449,0.3357027975
1,4,441,19.131251,19.131251,52.27049710444968,0.33479689249999994
1,4,442,19.093563,19.093563,52.373671692391824,0.33413735250000004
1,4,443,18.806982,18.806982,53.17174228166965,0.329122185
1,4,444,19.009466,19.009466,52.60537039809535,0.332665655
1,4,445,19.01396,19.01396,52.59293697893548,0.3327443
1,4,446,18.985829,18.985829,52.67086309478506,0.3322520075
1,4,447,19.08281,19.08281,52.40318380783543,0.333949175
1,4,448,19.04342,19.04342,52.511576176968205,0.33325985
1,4,449,18.946798,18.946798,52.77936672993505,0.33156896500000005
1,4,450,18.974941,18.974941,52.701086132494424,0.33206146750000004
1,4,451,18.874569,18.874569,52.981342249457455,0.3303049575
1,4,452,18.875185,18.875185,52.97961317995029,0.33031573749999993
1,4,453,18.761507,18.761507,53.30062238603754,0.3283263725000001
1,4,454,19.022042,19.022042,52.570591527450105,0.33288573499999996
1,4,455,18.992964,18.992964,52.651076472318906,0.33237687
1,4,456,18.796189,18.796189,53.202274141848655,0.32893330749999994
1,4,457,18.955555,18.955555,52.754983961166005,0.3317222125
1,4,458,18.85957,18.85957,53.02347826594137,0.330042475
1,4,459,18.98429,18.98429,52.675132965204384,0.332225075
1,4,460,19.164038,19.164038,52.18106956373182,0.335370665
1,4,461,19.05943,19.05943,52.46746623587379,0.33354002499999996
1,4,462,19.664089,19.664089,50.854122964964205,0.3441215575
1,4,463,20.313541,20.313541,49.22824632101316,0.3554869675
1,4,464,19.113358,19.113358,52.319430212106106,0.334483765
1,4,465,18.966234,18.966234,52.72528009514172,0.331909095
1,4,466,18.943711,18.943711,52.787967468464856,0.3315149425
1,4,467,18.916845,18.916845,52.86293776789946,0.3310447875
1,4,468,19.120518,19.120518,52.29983832027982,0.334609065
1,4,469,19.042746,19.042746,52.51343477458555,0.33324805500000004
1,4,470,18.913205,18.913205,52.873111669862396,0.3309810875
1,4,471,18.94726,18.94726,52.77807978567877,0.33157705
1,4,472,19.059595,19.059595,52.4670120220288,0.33354291250000007
1,4,473,18.985205,18.985205,52.67259426484991,0.3322410875
1,4,474,18.725763,18.725763,53.40236336431258,0.3277008525
1,4,475,18.713696,18.713696,53.436798374837345,0.32748967999999995
1,4,476,18.713147,18.713147,53.438366085618846,0.3274800725
1,4,477,18.717751,18.717751,53.42522186559699,0.3275606425
1,4,478,19.06829,19.06829,52.443087450421615,0.333695075
1,4,479,18.978402,18.978402,52.69147528859385,0.332122035
1,4,480,19.007913,19.007913,52.609668404942724,0.3326384775
1,4,481,18.970558,18.970558,52.71326230888938,0.33198476499999996
1,4,482,18.921829,18.921829,52.84901369735453,0.3311320075
1,4,483,19.047131,19.047131,52.501345215717784,0.3333247925
1,4,484,18.911136,18.911136,52.87889632859708,0.33094488
1,4,485,18.924397,18.924397,52.84184219978053,0.3311769475
1,4,486,18.866348,18.866348,53.004428838056,0.33016109
1,4,487,18.839137,18.839137,53.08098773314297,0.3296848975
1,4,488,19.28572,19.28572,51.85183648834474,0.3375001
1,4,489,19.276664,19.276664,51.876196005698915,0.33734161999999995
1,4,490,19.007836,19.007836,52.6098815246512,0.33263713
1,4,491,19.001742,19.001742,52.626753904984085,0.332530485
1,4,492,18.95294,18.95294,52.76226274129501,0.33167645000000007
1,4,493,18.895291,18.895291,52.92323891704022,0.3306675925
1,4,494,18.845058,18.845058,53.064310016981636,0.329788515
1,4,495,18.907346,18.907346,52.889495966276804,0.330878555
1,4,496,18.888782,18.888782,52.94147605705863,0.330553685
1,4,497,18.910936,18.910936,52.87945557004688,0.33094138
1,4,498,19.105751,19.105751,52.34026131712906,0.3343506425000001
1,4,499,18.996992,18.996992,52.63991267670167,0.33244736
1,4,500,19.022754,19.022754,52.56862387012943,0.332898195
1,5,1,19.043288,19.043288,52.5119401649547,0.33325754
1,5,2,19.052178,19.052178,52.487437394296855,0.333413115
1,5,3,19.124817,19.124817,52.288082024523426,0.3346842975
1,5,4,19.129614,19.129614,52.27497010655834,0.33476824499999996
1,5,5,19.142906,19.142906,52.238672644581754,0.335000855
1,5,6,19.03223,19.03223,52.54245035920647,0.333064025
1,5,7,19.000739,19.000739,52.62953193557367,0.33251293249999997
1,5,8,19.195762,19.195762,52.094832182228565,0.33592583499999995
1,5,9,19.127551,19.127551,52.280608217957436,0.3347321425
1,5,10,19.49378,19.49378,51.29841416082463,0.34114115000000006
1,5,11,19.27193,19.27193,51.8889389905422,0.337258775
1,5,12,19.234675,19.234675,51.989440944544164,0.33660681249999996
1,5,13,19.911815,19.911815,50.2214388793789,0.3484567625
1,5,14,21.709864,21.709864,46.06201125902954,0.37992262
1,5,15,19.632844,19.632844,50.935055563014714,0.34357477
1,5,16,19.145475,19.145475,52.231663095326695,0.3350458125
1,5,17,19.239792,19.239792,51.97561387358033,0.33669636000000003
1,5,18,19.387604,19.387604,51.57934936158176,0.33928307
1,5,19,19.18696,19.18696,52.11873063789157,0.3357718
1,5,20,19.320436,19.320436,51.75866631581192,0.33810763000000005
1,5,21,19.007196,19.007196,52.61165297606233,0.33262592999999996
1,5,22,19.080123,19.080123,52.41056360066442,0.3339021525
1,5,23,18.949387,18.949387,52.772155637541196,0.33161427250000003
1,5,24,19.153716,19.153716,52.209190112247676,0.33519002999999997
1,5,25,19.126223,19.126223,52.2842382419153,0.33470890249999996
1,5,26,19.083945,19.083945,52.40006717688612,0.3339690375
1,5,27,19.067307,19.067307,52.44579111250477,0.3336778725
1,5,28,19.124698,19.124698,52.28840737772696,0.334682215
1,5,29,19.058545,19.058545,52.46990260799028,0.33352453749999994
1,5,30,19.0614,19.0614,52.462043711374825,0.3335745
1,5,31,18.989619,18.989619,52.6603509001418,0.3323183325
1,5,32,18.881463,18.881463,52.96199770113152,0.3304256025
1,5,33,19.115993,19.115993,52.312218360824886,0.3345298775
1,5,34,19.103691,19.103691,52.34590530175556,0.3343145925
1,5,35,19.306059,19.306059,51.7972103990773,0.3378560325
1,5,36,19.347092,19.347092,51.68735435795726,0.33857411000000004
1,5,37,19.198355,19.198355,52.08779606377734,0.3359712125
1,5,38,19.259597,19.259597,51.92216638800905,0.33704294749999997
1,5,39,19.050698,19.050698,52.49151500905636,0.333387215
1,5,40,19.217117,19.217117,52.036941857615794,0.33629954749999996
1,5,41,19.092118,19.092118,52.377635629530474,0.33411206499999996
1,5,42,19.271727,19.271727,51.889485566083415,0.33725522249999995
1,5,43,19.25037,19.25037,51.94705348520574,0.33688147500000004
1,5,44,19.066493,19.066493,52.44803016475028,0.3336636275
1,5,45,19.267208,19.267208,51.901655911951536,0.33717613999999996
1,5,46,19.201183,19.201183,52.08012443816613,0.33602070250000005
1,5,47,19.141655,19.141655,52.24208669522045,0.33497896250000003
1,5,48,19.258826,19.258826,51.924245018881216,0.337029455
1,5,49,19.090214,19.090214,52.382859615926776,0.33407874499999995
1,5,50,18.933869,18.933869,52.81540714156203,0.3313427075
1,5,51,18.833568,18.833568,53.096683538668835,0.32958744
1,5,52,18.894574,18.894574,52.925247216476016,0.330655045
1,5,53,19.086876,19.086876,52.392020569526416,0.33402033
1,5,54,19.07401,19.07401,52.42736058123069,0.33379517500000006
1,5,55,19.277825,19.277825,51.873071780659906,0.3373619375
1,5,56,19.036988,19.036988,52.52931818836046,0.33314729
1,5,57,19.167247,19.167247,52.17233335595874,0.3354268225
1,5,58,19.380095,19.380095,51.59933426538931,0.3391516625
1,5,59,19.256377,19.256377,51.93084867418206,0.33698659750000004
1,5,60,19.318464,19.318464,51.76394976329381,0.33807311999999995
1,5,61,19.292466,19.292466,51.83370544750474,0.337618155
1,5,62,19.270397,19.270397,51.893066863126904,0.33723194749999996
1,5,63,19.0278,19.0278,52.55468314781531,0.33298649999999996
1,5,64,18.925225,18.925225,52.83953030941508,0.3311914375
1,5,65,19.017323,19.017323,52.58363650867159,0.33280315250000003
1,5,66,18.978089,18.978089,52.69234431348699,0.3321165575
1,5,67,18.979072,18.979072,52.68961517191146,0.33213376
1,5,68,19.163987,19.163987,52.181208430166436,0.33536977249999994
1,5,69,19.12374,19.12374,52.291026755226746,0.33466545000000003
1,5,70,18.995405,18.995405,52.64431055826396,0.33241958750000006
1,5,71,19.072339,19.072339,52.431953941254925,0.3337659325
1,5,72,19.139259,19.139259,52.24862676240496,0.3349370325
1,5,73,19.399603,19.399603,51.54744661527352,0.3394930525
1,5,74,19.063109,19.063109,52.45734051040677,0.33360440750000003
1,5,75,19.032662,19.032662,52.541257759949715,0.33307158499999995
1,5,76,19.025988,19.025988,52.55968835889101,0.33295479
1,5,77,19.064475,19.064475,52.45358185840418,0.3336283125
1,5,78,19.267785,19.267785,51.90010164634908,0.3371862375
1,5,79,18.867437,18.867437,53.00136950238658,0.33018014749999997
1,5,80,18.961384,18.961384,52.7387663263399,0.33182421999999995
1,5,81,19.947112,19.947112,50.13257056961429,0.34907446
1,5,82,19.218348,19.218348,52.0336087160041,0.33632109
1,5,83,18.972461,18.972461,52.70797499596916,0.33201806749999996
1,5,84,18.96036,18.96036,52.74161461069304,0.3318063
1,5,85,18.922329,18.922329,52.847617225131216,0.3311407575
1,5,86,19.054294,19.054294,52.48160860748764,0.333450145
1,5,87,19.12469,19.12469,52.28842925035648,0.334682075
1,5,88,19.126875,19.126875,52.28245596836912,0.33472031249999995
1,5,89,19.018026,19.018026,52.58169275822843,0.332815455
1,5,90,19.080484,19.080484,52.40957200037484,0.33390846999999996
1,5,91,19.139871,19.139871,52.24695610539904,0.3349477425
1,5,92,18.743521,18.743521,53.3517688592234,0.3280116175
1,5,93,18.658469,18.658469,53.59496537470464,0.3265232075
1,5,94,18.820962,18.820962,53.13224690640149,0.329366835
1,5,95,18.767905,18.767905,53.28245214369958,0.3284383375
1,5,96,18.848086,18.848086,53.0557850807769,0.329841505
1,5,97,18.692433,18.692433,53.497583754880914,0.32711757750000003
1,5,98,18.803868,18.803868,53.18054774687846,0.32906769
1,5,99,18.743453,18.743453,53.351962415889965,0.3280104275
1,5,100,18.714333,18.714333,53.434979488715946,0.32750082750000004
1,5,101,18.995668,18.995668,52.64358168399238,0.33242418999999995
1,5,102,18.985076,18.985076,52.672952165163835,0.33223883
1,5,103,18.791736,18.791736,53.21488126482833,0.32885538000000003
1,5,104,18.811976,18.811976,53.15762682240292,0.32920958
1,5,105,18.908438,18.908438,52.886441492417305,0.330897665
1,5,106,18.884376,18.884376,52.95382807459457,0.33047658
1,5,107,18.916723,18.916723,52.86327869790132,0.33104265250000003
1,5,108,19.055689,19.055689,52.47776661342447,0.3334745575
1,5,109,19.409715,19.409715,51.520591621257715,0.3396700125
1,5,110,18.864137,18.864137,53.01064130312455,0.3301223975
1,5,111,19.044041,19.044041,52.50986384664893,0.3332707175
1,5,112,19.012141,19.012141,52.59796884527629,0.3327124675
1,5,113,19.08953,19.08953,52.38473655454063,0.334066775
1,5,114,19.133912,19.133912,52.26322771840908,0.33484346
1,5,115,19.048194,19.048194,52.49841533533311,0.333343395
1,5,116,19.138072,19.138072,52.25186737723632,0.33491626
1,5,117,19.476061,19.476061,51.34508461438891,0.34083106750000003
1,5,118,18.935718,18.935718,52.81024992028293,0.331375065
1,5,119,19.099731,19.099731,52.35675832293136,0.33424529249999996
1,5,120,19.069347,19.069347,52.44018056832255,0.3337135725
1,5,121,19.417096,19.417096,51.501007153695895,0.33979918000000003
1,5,122,19.319112,19.319112,51.762213501324496,0.33808446000000003
1,5,123,19.09742,19.09742,52.363094072393025,0.33420484999999994
1,5,124,19.236601,19.236601,51.98423567656261,0.3366405175
1,5,125,19.306875,19.306875,51.7950212035868,0.3378703125
1,5,126,19.173073,19.173073,52.156480080162424,0.3355287775
1,5,127,18.989803,18.989803,52.65984065237539,0.3323215525
1,5,128,18.984761,18.984761,52.673826128229905,0.3322333175
1,5,129,18.931832,18.931832,52.82108989769189,0.33130706
1,5,130,18.8177,18.8177,53.14145724504058,0.32930974999999996
1,5,131,18.794862,18.794862,53.206030456621605,0.32891008499999996
1,5,132,19.028763,19.028763,52.55202348150534,0.3330033525
1,5,133,18.766373,18.766373,53.286801876952985,0.3284115275
1,5,134,18.789844,18.789844,53.22023961454922,0.32882227
1,5,135,18.831378,18.831378,53.10285843128421,0.329549115
1,5,136,18.845618,18.845618,53.062733204079585,0.329798315
1,5,137,18.990469,18.990469,52.6579938599726,0.3323332075
1,5,138,18.952214,18.952214,52.76428389844057,0.331663745
1,5,139,19.182135,19.182135,52.131840381688484,0.33568736250000003
1,5,140,18.767449,18.767449,53.28374676814095,0.3284303575
1,5,141,18.691954,18.691954,53.49895468392443,0.327109195
1,5,142,18.683666,18.683666,53.5226866076497,0.326964155
1,5,143,18.763823,18.763823,53.29404354325875,0.3283669025
1,5,144,18.897806,18.897806,52.91619566842839,0.33071160499999996
1,5,145,18.970309,18.970309,52.71395421128881,0.3319804075
1,5,146,18.891979,18.891979,52.932517022171155,0.3306096325
1,5,147,19.080233,19.080233,52.41026144701692,0.33390407749999995
1,5,148,18.907022,18.907022,52.89040230661391,0.330872885
1,5,149,19.107237,19.107237,52.33619073233874,0.33437664750000007
1,5,150,18.998598,18.998598,52.635462890472226,0.332475465
1,5,151,18.981756,18.981756,52.68216491667051,0.33218073000000004
1,5,152,20.943922,20.943922,47.746549094290934,0.36651863500000004
1,5,153,20.238808,20.238808,49.41002454294739,0.35417913999999995
1,5,154,19.092992,19.092992,52.37523799308144,0.33412735999999993
1,5,155,19.365218,19.365218,51.63897457802954,0.33889131499999997
1,5,156,19.285823,19.285823,51.85155956269017,0.3375019025
1,5,157,19.179778,19.179778,52.138246855620544,0.335646115
1,5,158,19.278215,19.278215,51.87202238381511,0.33736876250000003
1,5,159,19.407244,19.407244,51.52715140800003,0.33962676999999997
1,5,160,19.00226,19.00226,52.62531930412488,0.33253955
1,5,161,19.003711,19.003711,52.62130117638603,0.33256494249999996
1,5,162,19.108784,19.108784,52.331953723481305,0.33440372
1,5,163,18.98296,18.98296,52.67882353436977,0.3322018
1,5,164,19.340754,19.340754,51.70429239728709,0.338463195
1,5,165,18.904183,18.904183,52.89834530273009,0.33082320249999997
1,5,166,19.141884,19.141884,52.241461707739944,0.33498297000000005
1,5,167,19.085997,19.085997,52.39443346868387,0.3340049475
1,5,168,18.887837,18.887837,52.94412483546951,0.3305371475
1,5,169,19.109763,19.109763,52.32927273875662,0.33442085250000003
1,5,170,18.892978,18.892978,52.929718120668966,0.330627115
1,5,171,19.017698,19.017698,52.5825996395568,0.332809715
1,5,172,19.04952,19.04952,52.49476102284992,0.3333666
1,5,173,18.861293,18.861293,53.018634512490735,0.3300726275
1,5,174,18.913887,18.913887,52.87120516264056,0.3309930225
1,5,175,18.895097,18.895097,52.9237822912473,0.3306641975
1,5,176,18.749911,18.749911,53.33358649009054,0.32812344250000003
1,5,177,19.055537,19.055537,52.47818521199376,0.3334718975
1,5,178,19.019464,19.019464,52.577717226941836,0.33284062
1,5,179,19.047836,19.047836,52.49940203181086,0.33333713
1,5,180,19.043681,19.043681,52.51085648830182,0.33326441749999997
1,5,181,18.836309,18.836309,53.088957077525116,0.3296354075
1,5,182,19.02516,19.02516,52.56197582569608,0.33294029999999997
1,5,183,19.269033,19.269033,51.89674022562522,0.3372080775
1,5,184,19.190672,19.190672,52.108649452192196,0.33583675999999996
1,5,185,19.340414,19.340414,51.70520134677572,0.338457245
1,5,186,19.329454,19.329454,51.734518729809956,0.338265445
1,5,187,19.18775,19.18775,52.11658480019804,0.33578562500000003
1,5,188,19.08844,19.08844,52.38772786042233,0.33404769999999995
1,5,189,19.087231,19.087231,52.391046139694126,0.3340265425
1,5,190,18.955372,18.955372,52.75549327124785,0.33171901000000004
1,5,191,19.136068,19.136068,52.257339386544814,0.33488119
1,5,192,19.33347,19.33347,51.7237722974717,0.338335725
1,5,193,18.850561,18.850561,53.048819077586074,0.3298848175
1,5,194,18.911979,18.911979,52.87653925588644,0.3309596325
1,5,195,18.987356,18.987356,52.66662720180736,0.33227873
1,5,196,19.118474,19.118474,52.30542981620813,0.334573295
1,5,197,18.940768,18.940768,52.796169616775835,0.33146344
1,5,198,18.786036,18.786036,53.231027556851274,0.32875563
1,5,199,18.83033,18.83033,53.10581386518452,0.329530775
1,5,200,18.958542,18.958542,52.74667218607844,0.331774485
1,5,201,18.749779,18.749779,53.333961962965,0.32812113249999997
1,5,202,19.020179,19.020179,52.57574074355452,0.3328531325
1,5,203,19.213684,19.213684,52.04623954469116,0.33623947
1,5,204,18.730799,18.730799,53.38800549832391,0.32778898250000005
1,5,205,18.955033,18.955033,52.75643677328338,0.3317130775
1,5,206,18.940992,18.940992,52.795545238602074,0.33146736000000004
1,5,207,18.882249,18.882249,52.95979308397003,0.33043935750000003
1,5,208,18.85686,18.85686,53.03109849678048,0.32999505
1,5,209,18.85336,18.85336,53.04094336500231,0.32993379999999994
1,5,210,19.143582,19.143582,52.23682798757307,0.335012685
1,5,211,19.300877,19.300877,51.81111718394972,0.33776534750000003
1,5,212,18.986566,18.986566,52.66881857414342,0.332264905
1,5,213,18.893844,18.893844,52.92729208518923,0.33064227000000007
1,5,214,19.064769,19.064769,52.45277296567297,0.33363345749999995
1,5,215,19.254125,19.254125,51.93692260749321,0.33694718749999997
1,5,216,19.234948,19.234948,51.98870306277927,0.33661158999999996
1,5,217,19.237802,19.237802,51.98099034390728,0.33666153499999996
1,5,218,19.16769,19.16769,52.17112755892859,0.335434575
1,5,219,18.980558,18.980558,52.685490068310955,0.332159765
1,5,220,19.231034,19.231034,51.99928407385687,0.336543095
1,5,221,19.018275,19.018275,52.58100432347309,0.33281981250000003
1,5,222,19.198916,19.198916,52.086274037555036,0.33598103
1,5,223,19.152876,19.152876,52.211479884274304,0.33517533
1,5,224,19.007901,19.007901,52.6097016182902,0.3326382675
1,5,225,19.213587,19.213587,52.04650230068961,0.33623777250000003
1,5,226,19.213043,19.213043,52.047975950504046,0.3362282525
1,5,227,19.349709,19.349709,51.680363771878945,0.3386199075
1,5,228,19.180682,19.180682,52.1357895407473,0.335661935
1,5,229,19.222087,19.222087,52.02348735597753,0.33638652249999995
1,5,230,19.482582,19.482582,51.32789894070508,0.34094518500000004
1,5,231,19.178037,19.178037,52.14298001406505,0.3356156475
1,5,232,19.192957,19.192957,52.1024457044321,0.3358767475
1,5,233,18.904019,18.904019,52.89880421724079,0.3308203325
1,5,234,18.830404,18.830404,53.10560516917215,0.32953207
1,5,235,19.236149,19.236149,51.98545717232695,0.3366326075
1,5,236,19.033726,19.033726,52.53832066301679,0.33309020500000003
1,5,237,18.964353,18.964353,52.73050970945331,0.3318761775
1,5,238,19.016374,19.016374,52.58626066146996,0.332786545
1,5,239,18.89247,18.89247,52.9311413489078,0.330618225
1,5,240,18.976917,18.976917,52.69559855270485,0.3320960475
1,5,241,18.937661,18.937661,52.804831599847525,0.3314090675
1,5,242,19.0362,19.0362,52.53149262983158,0.3331335
1,5,243,19.35384,19.35384,51.66933280423936,0.3386922
1,5,244,20.034515,20.034515,49.91386115411329,0.35060401249999995
1,5,245,19.616317,19.616317,50.97796900406942,0.34328554749999995
1,5,246,19.036792,19.036792,52.52985902246556,0.33314385999999996
1,5,247,19.070402,19.070402,52.43727950779433,0.333732035
1,5,248,19.158845,19.158845,52.19521322918996,0.3352797875
1,5,249,19.114316,19.114316,52.31680798831619,0.33450052999999996
1,5,250,19.226228,19.226228,52.01228238841234,0.33645898999999996
1,5,251,19.063453,19.063453,52.4563939177231,0.3336104275
1,5,252,19.003958,19.003958,52.62061724194507,0.332569265
1,5,253,19.036442,19.036442,52.53082482535339,0.33313773500000005
1,5,254,18.946874,18.946874,52.77915502050628,0.33157029500000007
1,5,255,19.155978,19.155978,52.20302508177865,0.33522961500000004
1,5,256,19.081272,19.081272,52.40740764032922,0.33392225999999997
1,5,257,19.14102,19.14102,52.2438198173347,0.33496785
1,5,258,18.920714,18.920714,52.852128096223005,0.331112495
1,5,259,18.874479,18.874479,52.98159488269849,0.3303033825
1,5,260,19.007262,19.007262,52.61147028961878,0.33262708500000004
1,5,261,18.986089,18.986089,52.670141807509694,0.3322565575
1,5,262,19.123063,19.123063,52.29287797671325,0.3346536025
1,5,263,19.165177,19.165177,52.17796840592707,0.3353905975
1,5,264,19.250051,19.250051,51.94791431981141,0.33687589249999994
1,5,265,19.539838,19.539838,51.17749696798919,0.341947165
1,5,266,19.6104,19.6104,50.99335046709909,0.343182
1,5,267,18.998935,18.998935,52.63452925124488,0.3324813625
1,5,268,19.026747,19.026747,52.55759168921519,0.3329680725
1,5,269,19.136677,19.136677,52.25567636429251,0.3348918475
1,5,270,19.409024,19.409024,51.522425857168294,0.33965792
1,5,271,19.336272,19.336272,51.716277056921825,0.33838476
1,5,272,19.252812,19.252812,51.94046459291246,0.33692420999999995
1,5,273,19.223463,19.223463,52.0197635566495,0.3364106025
1,5,274,19.225763,19.225763,52.01354037288403,0.3364508525
1,5,275,19.198588,19.198588,52.08716391017922,0.33597529000000004
1,5,276,19.191208,19.191208,52.107194085958525,0.33584614
1,5,277,19.1076,19.1076,52.33519646632753,0.33438300000000004
1,5,278,19.244885,19.244885,51.96185895628891,0.3367854875
1,5,279,18.96684,18.96684,52.72359549613957,0.33191970000000004
1,5,280,19.034274,19.034274,52.53680807579002,0.333099795
1,5,281,19.075907,19.075907,52.422146952173755,0.3338283725
1,5,282,19.245299,19.245299,51.96074116593356,0.3367927325
1,5,283,19.082706,19.082706,52.40346940313391,0.333947355
1,5,284,19.145467,19.145467,52.23168492050886,0.3350456725
1,5,285,19.246795,19.246795,51.95670240162064,0.33681891249999996
1,5,286,19.27805,19.27805,51.87246635422151,0.33736587500000004
1,5,287,19.005657,19.005657,52.61591325151244,0.3325989975
1,5,288,19.12891,19.12891,52.27689397879962,0.33475592500000007
1,5,289,19.088845,19.088845,52.38661637202251,0.33405478749999995
1,5,290,19.144766,19.144766,52.233597422919665,0.335033405
1,5,291,19.058558,19.058558,52.46986681783585,0.333524765
1,5,292,19.137659,19.137659,52.25299499797755,0.3349090325
1,5,293,19.158403,19.158403,52.19641741537642,0.3352720525
1,5,294,19.148744,19.148744,52.22274630649404,0.33510302000000003
1,5,295,19.427762,19.427762,51.4727326801718,0.339985835
1,5,296,19.564401,19.564401,51.11324389640143,0.34237701750000005
1,5,297,19.342122,19.342122,51.70063553523238,0.33848713500000005
1,5,298,19.277617,19.277617,51.873631476338595,0.3373582975
1,5,299,19.223,19.223,52.02101649066223,0.3364025
1,5,300,19.425361,19.425361,51.47909477718329,0.33994381749999997
1,5,301,19.232136,19.232136,51.99630451864525,0.33656238
1,5,302,19.182712,19.182712,52.13027229934955,0.33569746
1,5,303,19.240555,19.240555,51.97355273795377,0.33670971250000004
1,5,304,19.321039,19.321039,51.757050953626255,0.3381181825
1,5,305,19.238279,19.238279,51.97970151072246,0.33666988249999996
1,5,306,19.788983,19.788983,50.53316787426619,0.3463072025
1,5,307,19.411994,19.411994,51.51454301912519,0.33970989500000004
1,5,308,19.321698,19.321698,51.75528568969455,0.33812971500000005
1,5,309,19.165635,19.165635,52.17672151222748,0.3353986125
1,5,310,19.182665,19.182665,52.13040002523111,0.3356966375
1,5,311,19.151555,19.151555,52.2150812296965,0.33515221249999994
1,5,312,19.115574,19.115574,52.31336500802958,0.334522545
1,5,313,18.994502,18.994502,52.646813272598564,0.332403785
1,5,314,19.058592,19.058592,52.46977321304743,0.33352536000000005
1,5,315,19.078612,19.078612,52.414714445684,0.33387571
1,5,316,19.131776,19.131776,52.26906273625617,0.33480607999999995
1,5,317,19.236493,19.236493,51.98452753316314,0.3366386275
1,5,318,19.154068,19.154068,52.20823064844502,0.33519619
1,5,319,19.151335,19.151335,52.21568104782252,0.3351483625
1,5,320,19.286522,19.286522,51.84968031042611,0.337514135
1,5,321,19.236121,19.236121,51.9855328420943,0.3366321175
1,5,322,19.146601,19.146601,52.22859138287783,0.3350655175
1,5,323,19.393067,19.393067,51.56481953060854,0.3393786725
1,5,324,19.203939,19.203939,52.07265030366947,0.3360689325
1,5,325,19.085908,19.085908,52.394677790545785,0.33400339
1,5,326,19.344121,19.344121,51.69529284892293,0.33852211750000005
1,5,327,19.300675,19.300675,51.811659436781355,0.3377618125
1,5,328,19.360837,19.360837,51.65065952468894,0.33881464749999995
1,5,329,19.49652,19.49652,51.29120478936754,0.3411891
1,5,330,19.39032,19.39032,51.572124647762394,0.3393306
1,5,331,19.458082,19.458082,51.392526765998824,0.340516435
1,5,332,19.625725,19.625725,50.95353165297078,0.34345018749999995
1,5,333,19.397099,19.397099,51.55410095086899,0.3394492325
1,5,334,19.268731,19.268731,51.89755360641031,0.33720279249999996
1,5,335,19.311519,19.311519,51.782565628317485,0.3379515825
1,5,336,19.428281,19.428281,51.47135765639791,0.3399949175
1,5,337,19.251581,19.251581,51.94378581166918,0.33690266750000003
1,5,338,19.244175,19.244175,51.963776051714355,0.3367730625
1,5,339,19.212486,19.212486,52.049484902682565,0.336218505
1,5,340,19.333196,19.333196,51.72450535338285,0.33833093000000003
1,5,341,19.239853,19.239853,51.97544908477211,0.3366974275
1,5,342,19.250404,19.250404,51.94696173649135,0.33688207
1,5,343,19.120758,19.120758,52.29918186297845,0.33461326499999994
1,5,344,19.161239,19.161239,52.18869197341571,0.33532168249999994
1,5,345,19.400518,19.400518,51.54501544752567,0.339509065
1,5,346,19.283252,19.283252,51.85847283435387,0.33745691
1,5,347,19.408321,19.408321,51.52429208070085,0.3396456175
1,5,348,20.026655,20.026655,49.93345119292263,0.3504664625
1,5,349,19.367341,19.367341,51.633314041406095,0.3389284675
1,5,350,19.336971,19.336971,51.714407597756654,0.33839699249999994
1,5,351,19.347438,19.347438,51.6864300069084,0.33858016500000004
1,5,352,19.354596,19.354596,51.66731457479143,0.33870543000000003
1,5,353,19.149049,19.149049,52.221914519097005,0.3351083575
1,5,354,19.156163,19.156163,52.202520932819375,0.33523285249999996
1,5,355,19.197583,19.197583,52.08989069092708,0.33595770250000007
1,5,356,19.126409,19.126409,52.28372978952819,0.3347121575
1,5,357,19.070625,19.070625,52.4366663389375,0.33373593749999997
1,5,358,19.22633,19.22633,52.01200645156928,0.336460775
1,5,359,19.134046,19.134046,52.262861707346154,0.33484580500000005
1,5,360,19.206219,19.206219,52.066468678712866,0.3361088325
1,5,361,18.914106,18.914106,52.870592984939385,0.330996855
1,5,362,19.053331,19.053331,52.4842611509767,0.3334332925
1,5,363,19.082086,19.082086,52.405172055088734,0.333936505
1,5,364,19.074654,19.074654,52.425590524472945,0.333806445
1,5,365,19.49671,19.49671,51.290704944577826,0.341192425
1,5,366,19.227058,19.227058,52.01003710500068,0.336473515
1,5,367,19.135801,19.135801,52.2580685282001,0.3348765175
1,5,368,19.035929,19.035929,52.53224048061957,0.3331287575
1,5,369,19.109517,19.109517,52.32994638221364,0.3344165475
1,5,370,19.267442,19.267442,51.901025574645566,0.337180235
1,5,371,19.172975,19.172975,52.15674667076966,0.3355270625
1,5,372,19.043505,19.043505,52.51134179343561,0.3332613375
1,5,373,19.106626,19.106626,52.33786436181878,0.334365955
1,5,374,19.086896,19.086896,52.39196567110755,0.33402067999999996
1,5,375,19.229148,19.229148,52.00438417760371,0.33651009
1,5,376,19.024551,19.024551,52.56365840118908,0.3329296425
1,5,377,19.137372,19.137372,52.253778627493894,0.33490401
1,5,378,19.180774,19.180774,52.13553947301605,0.335663545
1,5,379,19.283034,19.283034,51.859059108644416,0.33745309500000004
1,5,380,19.321092,19.321092,51.756908978022565,0.33811911
1,5,381,19.099718,19.099718,52.35679395894746,0.334245065
1,5,382,19.378988,19.378988,51.60228181161988,0.33913229
1,5,383,19.224908,19.224908,52.0158535999236,0.33643588999999996
1,5,384,19.019133,19.019133,52.578632264677886,0.33283482750000004
1,5,385,19.418712,19.418712,51.49672130674785,0.33982745999999997
1,5,386,19.177121,19.177121,52.14547063659869,0.3355996175
1,5,387,19.105391,19.105391,52.34124755677599,0.33434434250000006
1,5,388,19.31145,19.31145,51.782750647931664,0.337950375
1,5,389,19.239884,19.239884,51.97536534004052,0.33669797
1,5,390,19.344141,19.344141,51.695239400912136,0.3385224675
1,5,391,19.332223,19.332223,51.72710867239634,0.3383139025
1,5,392,19.242438,19.242438,51.96846678160013,0.336742665
1,5,393,19.386527,19.386527,51.58221480309495,0.3392642225
1,5,394,19.292385,19.292385,51.83392307379311,0.3376167375
1,5,395,19.294807,19.294807,51.82741656861352,0.33765912249999996
1,5,396,19.342786,19.342786,51.69886075356466,0.33849875500000004
1,5,397,19.383049,19.383049,51.59147046473442,0.33920335749999997
1,5,398,19.358017,19.358017,51.6581837902095,0.3387652975
1,5,399,19.340149,19.340149,51.70590981486233,0.3384526075
1,5,400,19.265477,19.265477,51.90631926736099,0.3371458475
1,5,401,19.259812,19.259812,51.92158677353652,0.33704671
1,5,402,19.308585,19.308585,51.79043415144093,0.3379002375
1,5,403,19.282179,19.282179,51.86135861512332,0.3374381325
1,5,404,19.12572,19.12572,52.285613299786874,0.3347001
1,5,405,19.037662,19.037662,52.52745846627595,0.333159085
1,5,406,19.168665,19.168665,52.168473913024194,0.3354516375
1,5,407,19.452536,19.452536,51.40717899198336,0.34041938
1,5,408,19.222767,19.222767,52.02164703967956,0.3363984225
1,5,409,19.267261,19.267261,51.90151314190429,0.33717706750000004
1,5,410,19.301237,19.301237,51.810150820903345,0.33777164750000005
1,5,411,19.23234,19.23234,51.99575298689603,0.33656595
1,5,412,19.336752,19.336752,51.71499329359966,0.33839316
1,5,413,19.292823,19.292823,51.8327463015651,0.3376244025
1,5,414,19.281769,19.281769,51.86246137478361,0.3374309575
1,5,415,19.40881,19.40881,51.52299393935023,0.339654175
1,5,416,19.323821,19.323821,51.7495996262851,0.33816686749999997
1,5,417,19.502883,19.502883,51.27447054879014,0.3413004525
1,5,418,19.324099,19.324099,51.74885514714036,0.33817173250000004
1,5,419,19.754845,19.754845,50.62049335239026,0.34570978750000003
1,5,420,19.320076,19.320076,51.75963075921648,0.33810133000000003
1,5,421,19.252193,19.252193,51.94213459214751,0.33691337749999994
1,5,422,19.254419,19.254419,51.93612957108704,0.33695233249999995
1,5,423,19.269642,19.269642,51.89510007502994,0.33721873500000005
1,5,424,19.276857,19.276857,51.87567662093462,0.33734499749999997
1,5,425,19.438272,19.438272,51.444902098293504,0.34016976
1,5,426,19.246055,19.246055,51.95870010763245,0.33680596249999994
1,5,427,19.138752,19.138752,52.250010868002256,0.33492816
1,5,428,19.356258,19.356258,51.66287822780622,0.338734515
1,5,429,19.263737,19.263737,51.91100771361237,0.33711539749999997
1,5,430,19.186994,19.186994,52.118638281744396,0.33577239499999995
1,5,431,19.17357,19.17357,52.15512812689551,0.33553747500000003
1,5,432,19.107467,19.107467,52.335560752244135,0.3343806725
1,5,433,19.201582,19.201582,52.079042237249,0.33602768499999996
1,5,434,19.177994,19.177994,52.14309692661286,0.335614895
1,5,435,19.208566,19.208566,52.060106933542045,0.336149905
1,5,436,19.277703,19.277703,51.87340006223771,0.33735980250000003
1,5,437,19.159437,19.159437,52.19360046957538,0.33529014749999997
1,5,438,19.373245,19.373245,51.61757877939395,0.3390317875
1,5,439,19.398708,19.398708,51.549824864625,0.33947739
1,5,440,19.64013,19.64013,50.91615992358503,0.343702275
1,5,441,19.613101,19.613101,50.98632796516981,0.3432292675
1,5,442,19.686966,19.686966,50.795028548329896,0.344521905
1,5,443,19.453711,19.453711,51.404074009323985,0.3404399425
1,5,444,19.306419,19.306419,51.796244554725554,0.33786233250000003
1,5,445,19.26589,19.26589,51.90520655936477,0.337153075
1,5,446,19.388036,19.388036,51.57820008174113,0.33929063
1,5,447,19.364452,19.364452,51.64101726193956,0.33887791
1,5,448,19.371734,19.371734,51.62160496319018,0.33900534499999996
1,5,449,19.359083,19.359083,51.65533925341402,0.33878395249999993
1,5,450,19.602887,19.602887,51.012894172169645,0.3430505225
1,5,451,19.416102,19.416102,51.50364372828285,0.33978178499999995
1,5,452,19.507362,19.507362,51.26269764204919,0.341378835
1,5,453,19.39764,19.39764,51.552663107470806,0.33945869999999995
1,5,454,19.232486,19.232486,51.995358270376485,0.336568505
1,5,455,19.385511,19.385511,51.584918241257604,0.3392464425
1,5,456,19.333511,19.333511,51.723662608410855,0.33833644250000006
1,5,457,19.28481,19.28481,51.85428324157718,0.337484175
1,5,458,19.330423,19.330423,51.731925369662115,0.33828240249999997
1,5,459,19.138182,19.138182,52.25156705062163,0.334918185
1,5,460,19.089098,19.089098,52.38592205875836,0.334059215
1,5,461,19.055451,19.055451,52.47842205361604,0.3334703925
1,5,462,18.98399,18.98399,52.67596537924852,0.33221982499999997
1,5,463,18.903668,18.903668,52.89978643298222,0.33081419
1,5,464,19.06772,19.06772,52.444655155414495,0.3336851
1,5,465,19.06887,19.06887,52.44149233803576,0.333705225
1,5,466,19.058836,19.058836,52.46910147083484,0.33352963
1,5,467,18.888612,18.888612,52.941952537327786,0.33055070999999997
1,5,468,19.109967,19.109967,52.32871412075175,0.3344244225
1,5,469,18.958303,18.958303,52.74733714299218,0.3317703025
1,5,470,19.286316,19.286316,51.85023412454717,0.33751053000000003
1,5,471,19.159222,19.159222,52.194186173112875,0.335286385
1,5,472,19.010177,19.010177,52.60340290361316,0.3326780975
1,5,473,18.992936,18.992936,52.651154092237235,0.33237637999999997
1,5,474,19.202914,19.202914,52.0754298019561,0.336050995
1,5,475,19.251263,19.251263,51.94464383973145,0.3368971025
1,5,476,19.05228,19.05228,52.48715639283067,0.3334149
1,5,477,19.233361,19.233361,51.99299280037432,0.33658381749999994
1,5,478,18.948447,18.948447,52.77477357379209,0.33159782250000003
1,5,479,19.090398,19.090398,52.38235473142047,0.33408196500000004
1,5,480,19.221159,19.221159,52.02599905656053,0.3363702825
1,5,481,18.972207,18.972207,52.708680650595895,0.3320136225
1,5,482,18.958797,18.958797,52.74596273170708,0.33177894750000003
1,5,483,19.070233,19.070233,52.43774420585212,0.3337290775
1,5,484,19.071395,19.071395,52.43454922935633,0.3337494125
1,5,485,19.277241,19.277241,51.8746432645626,0.3373517175
1,5,486,19.207029,19.207029,52.06427292841595,0.33612300749999996
1,5,487,19.002922,19.002922,52.62348600915164,0.33255113500000005
1,5,488,19.141687,19.141687,52.241999359826536,0.3349795225
1,5,489,19.093729,19.093729,52.373216358103754,0.33414025750000004
1,5,490,19.167056,19.167056,52.17285325404173,0.33542348
1,5,491,19.045846,19.045846,52.50488741744525,0.33330230499999997
1,5,492,19.057187,19.057187,52.473641571549884,0.3335007725
1,5,493,19.090523,19.090523,52.38201174478038,0.3340841525
1,5,494,18.976813,18.976813,52.69588734420264,0.3320942275
1,5,495,19.205689,19.205689,52.06790550445756,0.3360995575
1,5,496,19.08179,19.08179,52.40598497310786,0.333931325
1,5,497,19.138976,19.138976,52.24939934090518,0.33493207999999997
1,5,498,19.148019,19.148019,52.22472361240084,0.33509033250000003
1,5,499,19.204446,19.204446,52.07127557858217,0.336077805
1,5,500,19.398722,19.398722,51.54978766126965,0.33947763499999994
8,1,1,97.872641,12.234080125,81.73887940757622,0.21409640218749998
8,1,2,101.509038,12.68862975,78.81071634232214,0.222051020625
8,1,3,103.203555,12.900444375,77.51670957458782,0.2257577765625
8,1,4,102.082886,12.76036075,78.36769034919331,0.223306313125
8,1,5,101.148287,12.643535875,79.0917991522684,0.22126187781249998
8,1,6,100.494574,12.56182175,79.60628799720072,0.219831880625
8,1,7,99.860323,12.482540375,80.11189789562367,0.2184444565625
8,1,8,100.467831,12.558478875,79.62747797352169,0.2197733803125
8,1,9,101.848834,12.73110425,78.54778190195088,0.222794324375
8,1,10,99.613129,12.451641125,80.31069880356836,0.2179037196875
8,1,11,102.205594,12.77569925,78.27360212788352,0.223574736875
8,1,12,101.35743,12.66967875,78.92859951164903,0.221719378125
8,1,13,103.127017,12.890877125,77.57424031764634,0.22559034968749997
8,1,14,102.490901,12.811362625,78.05570955025559,0.22419884593749997
8,1,15,100.011875,12.501484375,79.99050112799105,0.2187759765625
8,1,16,104.078829,13.009853625,76.86481561009877,0.2276724384375
8,1,17,110.42535,13.80316875,72.4471328367988,0.24155545312499999
8,1,18,101.069996,12.6337495,79.15306536669893,0.22109061625
8,1,19,99.90799,12.48849875,80.07367578909354,0.218548728125
8,1,20,99.539054,12.44238175,80.37046444102232,0.217741680625
8,1,21,99.065103,12.383137875,80.75497584654003,0.2167049128125
8,1,22,101.128202,12.64102525,79.10750751803143,0.22121794187500002
8,1,23,99.781458,12.47268225,80.17521652169083,0.218271939375
8,1,24,99.815722,12.47696525,80.14769456859712,0.21834689187499998
8,1,25,100.097515,12.512189375,79.9220639992911,0.2189633140625
8,1,26,99.868646,12.48358075,80.10522141253422,0.218462663125
8,1,27,101.337965,12.667245625,78.94376011991162,0.2216767984375
8,1,28,100.356068,12.5445085,79.7161562766688,0.21952889875
8,1,29,100.053388,12.5066735,79.9573123900612,0.21886678625
8,1,30,102.686952,12.835869,77.90668477529647,0.22462770750000002
8,1,31,101.442736,12.680342,78.86222627118417,0.221905985
8,1,32,101.772482,12.72156025,78.60671021072278,0.222627304375
8,1,33,102.809516,12.8511895,77.81380859725085,0.22489581625
8,1,34,101.894218,12.73677725,78.51279647683248,0.222893601875
8,1,35,101.566469,12.695808625,78.76615263645722,0.2221766509375
8,1,36,102.193341,12.774167625,78.28298714688269,0.2235479334375
8,1,37,100.975732,12.6219665,79.22695722572232,0.22088441374999998
8,1,38,101.531849,12.691481125,78.79301006327582,0.22210091968749998
8,1,39,102.464806,12.80810075,78.07558821708989,0.22414176312499998
8,1,40,102.781334,12.84766675,77.83514465768658,0.22483416812499998
8,1,41,101.82226,12.7277825,78.56828163114824,0.22273619375
8,1,42,101.503424,12.687928,78.81507524317604,0.22203873999999998
8,1,43,101.918166,12.73977075,78.494348102771,0.222945988125
8,1,44,100.938668,12.6173335,79.25604883155383,0.22080333625000004
8,1,45,101.99811,12.74976375,78.4328258631459,0.223120865625
8,1,46,100.106412,12.5133015,79.9149608918158,0.21898277625
8,1,47,100.799571,12.599946375,79.3654171405154,0.22049906156250001
8,1,48,101.780384,12.722548,78.60060736261322,0.22264459
8,1,49,102.877793,12.859724125,77.76216583495332,0.22504517218749998
8,1,50,102.681609,12.835201125,77.91073862116828,0.2246160196875
8,1,51,103.579642,12.94745525,77.23525439487423,0.22658046687500003
8,1,52,102.729742,12.84121775,77.87423431862605,0.224721310625
8,1,53,102.115459,12.764432375,78.34269246148126,0.2233775665625
8,1,54,103.389767,12.923720875,77.37709671016087,0.2261651153125
8,1,55,101.024638,12.62807975,79.18860347710427,0.220991395625
8,1,56,100.594715,12.574339375,79.52704075954686,0.2200509390625
8,1,57,100.94492,12.618115,79.25114012671466,0.2208170125
8,1,58,98.409015,12.301126875,81.2933652470762,0.2152697203125
8,1,59,95.793662,11.97420775,83.51283198673416,0.209548635625
8,1,60,97.682835,12.210354375,81.89770495502101,0.2136812015625
8,1,61,98.832811,12.354101375,80.94477855132543,0.2161967740625
8,1,62,98.667835,12.333479375,81.08012099383755,0.2158358890625
8,1,63,100.500451,12.562556375,79.60163283247356,0.2198447365625
8,1,64,101.641752,12.705219,78.70781290743591,0.2223413325
8,1,65,100.714256,12.589282,79.43264754892296,0.22031243500000003
8,1,66,103.585699,12.948212375,77.23073819292371,0.22659371656250002
8,1,67,102.539038,12.81737975,78.01906626040318,0.224304145625
8,1,68,100.300091,12.537511375,79.76064548136851,0.2194064490625
8,1,69,101.126745,12.640843125,79.10864727229182,0.22121475468750001
8,1,70,101.298193,12.662274125,78.9747552555059,0.2215897971875
8,1,71,101.012813,12.626601625,79.19787364005,0.22096552843749998
8,1,72,101.292096,12.661512,78.97950892436859,0.22157646
8,1,73,100.816556,12.6020695,79.35204610639546,0.22053621625000003
8,1,74,100.838893,12.604861625,79.33446869552604,0.2205850784375
8,1,75,101.11132,12.638915,79.12071566269731,0.2211810125
8,1,76,100.623307,12.577913375,79.50444323997422,0.2201134840625
8,1,77,101.51536,12.68942,78.80580830329518,0.22206485
8,1,78,100.443854,12.55548175,79.64648588653318,0.219720930625
8,1,79,100.393972,12.5492465,79.68605923869612,0.21961181375000002
8,1,80,99.722885,12.465360625,80.22230804894984,0.21814381093750002
8,1,81,99.700147,12.462518375,80.24060385788599,0.2180940715625
8,1,82,101.077192,12.634649,79.14743021353424,0.2211063575
8,1,83,101.026848,12.628356,79.18687119685254,0.22099623
8,1,84,100.242221,12.530277625,79.8066914339418,0.2192798584375
8,1,85,101.1306,12.641325,79.10563172768677,0.2212231875
8,1,86,98.129653,12.266206625,81.52479658722527,0.2146586159375
8,1,87,98.881485,12.360185625,80.90493382052263,0.2163032484375
8,1,88,99.352841,12.419105125,80.52109954258883,0.21733433968750002
8,1,89,100.372077,12.546509625,79.70344182476168,0.2195639184375
8,1,90,99.587461,12.448432625,80.33139834742849,0.2178475709375
8,1,91,99.301347,12.412668375,80.56285480195953,0.21722169656250004
8,1,92,99.77773,12.47221625,80.17821211206147,0.218263784375
8,1,93,100.65286,12.5816075,79.48109969254723,0.22017813125000002
8,1,94,100.231927,12.528990875,79.81488772534524,0.2192573403125
8,1,95,100.813685,12.601710625,79.35430591590814,0.22052993593750003
8,1,96,100.701908,12.5877385,79.44238752656007,0.22028542375000001
8,1,97,101.750742,12.71884275,78.6235052713424,0.222579748125
8,1,98,100.349511,12.543688875,79.72136505976596,0.21951455531250003
8,1,99,98.78585,12.34823125,80.98325822979709,0.216094046875
8,1,100,102.061607,12.757700875,78.38402936375478,0.22325976531249997
8,1,101,101.744458,12.71805725,78.62836126170136,0.22256600187499997
8,1,102,101.733969,12.716746125,78.63646802180695,0.2225430571875
8,1,103,99.224168,12.403021,80.62551857325727,0.21705286750000002
8,1,104,99.702966,12.46287075,80.23833513638903,0.218100238125
8,1,105,100.584449,12.573056125,79.53515756695153,0.2200284821875
8,1,106,100.153139,12.519142375,79.87767612555808,0.2190849915625
8,1,107,100.132277,12.516534625,79.8943181927242,0.2190393559375
8,1,108,98.908662,12.36358275,80.88270368069482,0.216362698125
8,1,109,100.611184,12.576398,79.51402301358466,0.220086965
8,1,110,100.963074,12.62038425,79.23689011291395,0.220856724375
8,1,111,101.020193,12.627524125,79.19208786306713,0.2209816721875
8,1,112,103.311385,12.913923125,77.43580245294359,0.2259936546875
8,1,113,101.974263,12.746782875,78.4511676245211,0.2230687003125
8,1,114,102.016098,12.75201225,78.41899618626856,0.223160214375
8,1,115,102.414022,12.80175275,78.11430352769467,0.224030673125
8,1,116,102.984041,12.873005125,77.68193908801851,0.2252775896875
8,1,117,102.499078,12.81238475,78.04948255241867,0.22421673312499998
8,1,118,101.456601,12.682075125,78.85144900527467,0.22193631468750002
8,1,119,101.753926,12.71924075,78.62104504940673,0.22258671312500003
8,1,120,100.768586,12.59607325,79.38982095074749,0.220431281875
8,1,121,101.57097,12.69637125,78.76266220554947,0.22218649687500003
8,1,122,101.966551,12.745818875,78.45710109386755,0.22305183031249998
8,1,123,101.364138,12.67051725,78.92337623391026,0.221734051875
8,1,124,101.040733,12.630091625,79.17598935075026,0.2210266034375
8,1,125,101.670495,12.708811875,78.68556162729413,0.2224042078125
8,1,126,99.693885,12.461735625,80.24564395298668,0.21808037343749997
8,1,127,99.4269,12.4283625,80.46112269416024,0.21749634375
8,1,128,98.261437,12.282679625,81.41545904727609,0.2149468934375
8,1,129,98.697523,12.337190375,81.0557322699983,0.2159008315625
8,1,130,100.514176,12.564272,79.59076339639893,0.21987476
8,1,131,99.429427,12.428678375,80.45907777382645,0.2175018715625
8,1,132,100.321667,12.540208375,79.74349150318645,0.21945364656250002
8,1,133,101.43592,12.67949,78.86752542886188,0.221891075
8,1,134,100.333616,12.541702,79.73399463645364,0.219479785
8,1,135,100.209253,12.526156625,79.83294716307286,0.2192077409375
8,1,136,99.480223,12.435027875,80.41799423791,0.2176129878125
8,1,137,98.864367,12.358045875,80.91894221099903,0.2162658028125
8,1,138,98.750501,12.343812625,81.01224721887739,0.2160167209375
8,1,139,99.624137,12.453017125,80.30182484792817,0.2179277996875
8,1,140,99.053603,12.381700375,80.76435139870682,0.2166797565625
8,1,141,98.910577,12.363822125,80.88113771695014,0.2163668871875
8,1,142,98.127623,12.265952875,81.52648311882578,0.2146541753125
8,1,143,99.155302,12.39441275,80.6815151447978,0.21690222312500002
8,1,144,99.642495,12.455311875,80.2870301471275,0.2179679578125
8,1,145,98.905213,12.363151625,80.88552420386577,0.2163551534375
8,1,146,99.170515,12.396314375,80.66913840267947,0.21693550156249997
8,1,147,98.316692,12.2895865,81.36970271538428,0.21506776375
8,1,148,99.697343,12.462167875,80.24286063471119,0.2180879378125
8,1,149,100.456821,12.557102625,79.63620509153878,0.21974929593750003
8,1,150,101.556017,12.694502125,78.77425913621641,0.2221537871875
8,1,151,101.467882,12.68348525,78.8426824559125,0.221960991875
8,1,152,99.640189,12.455023625,80.28888825170735,0.21796291343750002
8,1,153,99.268974,12.40862175,80.58912747501552,0.21715088062500001
8,1,154,97.948978,12.24362225,81.67517582470336,0.214263389375
8,1,155,99.196196,12.3995245,80.64825389070363,0.21699167875
8,1,156,98.271895,12.283986875,81.40679489288367,0.2149697703125
8,1,157,99.935095,12.491886875,80.05195772316021,0.2186080203125
8,1,158,100.617492,12.5771865,79.5090380507596,0.22010076375
8,1,159,101.059509,12.632438625,79.16127912317484,0.2210676759375
8,1,160,102.071295,12.758911875,78.37658961807038,0.2232809578125
8,1,161,103.918888,12.989861,76.98311783320852,0.2273225675
8,1,162,102.25301,12.78162625,78.23730567931447,0.22367845937500003
8,1,163,101.709804,12.7137255,78.65515108061756,0.22249019625000002
8,1,164,102.66042,12.8325525,77.92681931361668,0.22456966875
8,1,165,102.692607,12.836575875,77.90239466800176,0.22464007781249998
8,1,166,102.595036,12.8243795,77.97648221498748,0.22442664124999998
8,1,167,101.012633,12.626579125,79.19801476712324,0.22096513468749998
8,1,168,100.902889,12.612861125,79.28415211183894,0.2207250696875
8,1,169,101.208149,12.651018625,79.0450184006428,0.2213928259375
8,1,170,99.169991,12.396248875,80.6695646468295,0.2169343553125
8,1,171,101.299223,12.662402875,78.97395224838003,0.22159205031249998
8,1,172,101.736172,12.7170215,78.63476522391662,0.22254787625
8,1,173,102.266232,12.783279,78.22719037893172,0.2237073825
8,1,174,101.055353,12.631919125,79.16453470802284,0.2210585846875
8,1,175,101.976293,12.747036625,78.44960592948794,0.2230731409375
8,1,176,101.237393,12.654674125,79.0221850141874,0.2214567971875
8,1,177,100.777065,12.597133125,79.38314139233961,0.22044982968749996
8,1,178,98.711709,12.338963625,81.04408363550874,0.2159318634375
8,1,179,101.46235,12.68279375,78.8469811708481,0.22194889062499998
8,1,180,101.933441,12.741680125,78.48258551381582,0.2229794021875
8,1,181,103.672716,12.9590895,77.16591508994517,0.22678406625
8,1,182,102.454326,12.80679075,78.08357452861483,0.224118838125
8,1,183,102.95551,12.86943875,77.70346628364038,0.22521517812500003
8,1,184,101.065415,12.633176875,79.15665314390684,0.22108059531250002
8,1,185,102.125368,12.765671,78.33509104221784,0.22339924249999998
8,1,186,102.034297,12.754287125,78.40500924899791,0.2232000246875
8,1,187,100.896668,12.6120835,79.28904054591773,0.22071146125000002
8,1,188,97.904406,12.23805075,81.71235929872248,0.21416588812499998
8,1,189,101.240221,12.655027625,79.01997764307526,0.2214629834375
8,1,190,101.901215,12.737651875,78.50740543181944,0.2229089078125
8,1,191,101.417995,12.677249375,78.88146477358382,0.2218518640625
8,1,192,101.206119,12.650764875,79.04660389160857,0.2213883853125
8,1,193,102.508874,12.81360925,78.04202395199464,0.224238161875
8,1,194,100.735432,12.591929,79.41594969285484,0.2203587575
8,1,195,102.357453,12.794681625,78.15747427791115,0.22390692843750004
8,1,196,101.471784,12.683973,78.83965063627934,0.22196952749999999
8,1,197,100.880162,12.61002025,79.30201380921653,0.220675354375
8,1,198,101.412514,12.67656425,78.88572804732955,0.221839874375
8,1,199,101.734628,12.7168285,78.6359586433048,0.22254449875
8,1,200,100.731813,12.591476625,79.41880287610826,0.22035084093750001
8,1,201,101.131787,12.641473375,79.104703252203,0.22122578406249999
8,1,202,101.620274,12.70253425,78.72444823362709,0.222294349375
8,1,203,96.515501,12.064437625,82.8882398900877,0.2111276584375
8,1,204,101.373226,12.67165325,78.9163008386455,0.221753931875
8,1,205,95.094301,11.886787625,84.12701829523937,0.2080187834375
8,1,206,95.657617,11.957202125,83.63160457990502,0.20925103718750002
8,1,207,97.221001,12.152625125,82.28674790130992,0.2126709396875
8,1,208,95.480061,11.935007625,83.78712703168465,0.20886263343750003
8,1,209,97.08751,12.13593875,82.39988851295085,0.21237892812499998
8,1,210,95.225816,11.903227,84.01083168455077,0.20830647249999998
8,1,211,97.420507,12.177563375,82.11823410034194,0.2131073590625
8,1,212,100.540524,12.5675655,79.56990556365112,0.21993239625000002
8,1,213,99.784758,12.47309475,80.1725650324271,0.21827915812499998
8,1,214,100.857407,12.607175875,79.31990557718781,0.22062557781249997
8,1,215,99.195927,12.399490875,80.64847259303298,0.2169910903125
8,1,216,99.249488,12.406186,80.60494982100059,0.21710825499999997
8,1,217,98.655996,12.3319995,81.08985083886843,0.21580999125
8,1,218,99.046335,12.380791875,80.77027787045326,0.2166638578125
8,1,219,95.506556,11.9383195,83.76388318305604,0.20892059125
8,1,220,95.820615,11.977576875,83.48934099410654,0.2096075953125
8,1,221,96.476943,12.059617875,82.9213670254871,0.2110433128125
8,1,222,97.096074,12.13700925,82.39262073562315,0.212397661875
8,1,223,99.011487,12.376435875,80.79870570977283,0.21658762781250002
8,1,224,95.645938,11.95574225,83.64181655053663,0.209225489375
8,1,225,94.883774,11.86047175,84.31367833239854,0.20755825562500002
8,1,226,95.494208,11.936776,83.7747143784888,0.20889358000000002
8,1,227,95.905473,11.988184125,83.41546889612859,0.2097932221875
8,1,228,94.635872,11.829484,84.53454098251453,0.20701597000000002
8,1,229,93.874736,11.734342,85.21994671708052,0.205350985
8,1,230,94.588224,11.823528,84.57712452662183,0.20691173999999998
8,1,231,98.15744,12.26968,81.50171805621663,0.21471939999999998
8,1,232,95.389776,11.923722,83.86643029751951,0.208665135
8,1,233,96.596045,12.074505625,82.81912577269597,0.2113038484375
8,1,234,96.762528,12.095316,82.67663283869557,0.21166803
8,1,235,98.359476,12.2949345,81.33430885703376,0.21516135374999998
8,1,236,100.08127,12.51015875,79.93503679559622,0.218927778125
8,1,237,100.647588,12.5809485,79.48526297520414,0.22016659875
8,1,238,96.660195,12.082524375,82.76416160757796,0.2114441765625
8,1,239,97.599293,12.199911625,81.9678068774535,0.2134984534375
8,1,240,95.597663,11.949707875,83.68405407567337,0.2091198878125
8,1,241,96.372648,12.046581,83.01110497659046,0.2108151675
8,1,242,99.962826,12.49535325,80.0297502593614,0.218668681875
8,1,243,99.667099,12.458387375,80.26721034591365,0.21802177906249998
8,1,244,101.029239,12.628654875,79.18499712741576,0.2210014603125
8,1,245,99.4404,12.43005,80.4501993153688,0.21752587499999998
8,1,246,101.993866,12.74923325,78.43608948012618,0.223111581875
8,1,247,101.284779,12.660597375,78.98521455035213,0.22156045406250002
8,1,248,101.82376,12.72797,78.56712421540905,0.22273947499999996
8,1,249,101.44902,12.6811275,78.85734135233638,0.22191973125
8,1,250,101.084489,12.635561125,79.14171678703347,0.2211223196875
8,1,251,102.110323,12.763790375,78.34663298440454,0.2233663315625
8,1,252,102.01167,12.75145875,78.42240010383127,0.223150528125
8,1,253,101.747745,12.718468125,78.6258211422769,0.2225731921875
8,1,254,101.560612,12.6950765,78.7706950800966,0.22216383875000004
8,1,255,100.495328,12.561916,79.6056907242494,0.21983353
8,1,256,100.28341,12.53542625,79.77391275386427,0.219369959375
8,1,257,100.055774,12.50697175,79.95540567204047,0.21887200562499998
8,1,258,101.307974,12.66349675,78.96713046497209,0.221611193125
8,1,259,99.394174,12.42427175,80.48761489783094,0.21742475562500002
8,1,260,100.889928,12.611241,79.29433748827732,0.2206967175
8,1,261,101.406614,12.67582675,78.8903177459411,0.221826968125
8,1,262,100.393454,12.54918175,79.68647039477294,0.21961068062500003
8,1,263,99.317136,12.414642,80.55004727482275,0.217256235
8,1,264,99.364113,12.420514125,80.51196511964032,0.21735899718749999
8,1,265,100.525449,12.565681125,79.58183802790079,0.2198994196875
8,1,266,99.862186,12.48277325,80.11040335127453,0.218448531875
8,1,267,99.816179,12.477022375,80.14732761910271,0.21834789156250003
8,1,268,95.922415,11.990301875,83.40073589681828,0.2098302828125
8,1,269,96.164567,12.020570875,83.19072450042852,0.2103599903125
8,1,270,99.802826,12.47535325,80.1580508351537,0.21831868187499998
8,1,271,97.426322,12.17829025,82.11333278084746,0.213120079375
8,1,272,96.664492,12.0830615,82.7604825151308,0.21145357625
8,1,273,96.149465,12.018683125,83.20379109753756,0.2103269546875
8,1,274,96.554843,12.069355375,82.85446645074033,0.21121371906250003
8,1,275,96.53387,12.06673375,82.87246745624101,0.211167840625
8,1,276,98.041334,12.25516675,81.59823692321444,0.214465418125
8,1,277,96.729731,12.091216375,82.70466502176048,0.2115962865625
8,1,278,95.055824,11.881978,84.161071498365,0.20793461500000002
8,1,279,95.011315,11.876414375,84.2004975933656,0.2078372515625
8,1,280,94.908091,11.863511375,84.29207579362227,0.20761144906249998
8,1,281,95.382899,11.922862375,83.87247697304734,0.2086500915625
8,1,282,97.326391,12.165798875,82.19764359699724,0.2129014803125
8,1,283,98.906379,12.363297375,80.88457065039253,0.21635770406250002
8,1,284,97.655197,12.206899625,81.9208833299471,0.2136207434375
8,1,285,99.300961,12.412620125,80.56316796370177,0.2172208521875
8,1,286,98.913446,12.36418075,80.87879174687737,0.216373163125
8,1,287,98.654657,12.331832125,81.0909514388155,0.2158070621875
8,1,288,98.269255,12.283656875,81.40898188349958,0.21496399531250002
8,1,289,100.770435,12.596304375,79.38836425584547,0.22043532656250003
8,1,290,99.237297,12.404662125,80.61485189383987,0.21708158718749998
8,1,291,100.656431,12.582053875,79.47827993225788,0.2201859428125
8,1,292,98.764266,12.34553325,81.00095635804148,0.216046831875
8,1,293,98.343145,12.292893125,81.34781534595014,0.21512562968750001
8,1,294,100.281902,12.53523775,79.77511236274717,0.21936666062500002
8,1,295,101.023201,12.627900125,79.1897298918493,0.22098825218749998
8,1,296,102.144703,12.768087875,78.32026297046455,0.2234415378125
8,1,297,102.171308,12.7714135,78.29986868720522,0.22349973625
8,1,298,100.049188,12.5061485,79.96066894615876,0.21885759875
8,1,299,100.328694,12.54108675,79.73790628631127,0.219469018125
8,1,300,100.928996,12.6161245,79.2636439185425,0.22078217874999997
8,1,301,100.077474,12.50968425,79.93806878059293,0.218919474375
8,1,302,102.06364,12.757955,78.38246803660931,0.2232642125
8,1,303,101.939558,12.74244475,78.47787607633143,0.222992783125
8,1,304,102.266737,12.783342125,78.22680408782378,0.22370848718750003
8,1,305,100.81071,12.60133875,79.35664772125898,0.220523428125
8,1,306,102.130261,12.766282625,78.33133805464377,0.2234099459375
8,1,307,102.457067,12.807133375,78.08148558459125,0.22412483406249997
8,1,308,102.436213,12.804526625,78.09738144068251,0.2240792159375
8,1,309,103.186739,12.898342375,77.52934221518522,0.22572099156250003
8,1,310,101.805438,12.72567975,78.58126399888383,0.222699395625
8,1,311,101.960586,12.74507325,78.46169106952759,0.223038781875
8,1,312,100.889369,12.611171125,79.29477683619966,0.2206954946875
8,1,313,100.205835,12.525729375,79.83567024814474,0.21920026406249998
8,1,314,99.902968,12.487871,80.0777009948293,0.21853774250000002
8,1,315,100.653058,12.58163225,79.4809433410359,0.220178564375
8,1,316,102.180038,12.77250475,78.29317894753572,0.22351883312499998
8,1,317,102.159391,12.769923875,78.30900244892807,0.2234736678125
8,1,318,101.018943,12.627367875,79.19306777937679,0.2209789378125
8,1,319,98.669283,12.333660375,81.07893111982987,0.2158390565625
8,1,320,101.397477,12.674684625,78.8974266095398,0.22180698093749998
8,1,321,102.884472,12.860559,77.75711771160181,0.2250597825
8,1,322,101.423223,12.677902875,78.87739871962066,0.22186330031249998
8,1,323,100.591066,12.57388325,79.52992564965959,0.220042956875
8,1,324,102.238977,12.779872125,78.24804428549788,0.22364776218750002
8,1,325,103.082474,12.88530925,77.60776094683175,0.225492911875
8,1,326,102.103674,12.76295925,78.35173492385789,0.22335178687499999
8,1,327,101.63792,12.70474,78.71078038590322,0.22233294999999997
8,1,328,100.978085,12.622260625,79.22511107236784,0.2208895609375
8,1,329,99.859657,12.482457125,80.1124321907094,0.2184429996875
8,1,330,100.894071,12.611758875,79.2910814353006,0.2207057803125
8,1,331,101.587666,12.69845825,78.74971750999772,0.222223019375
8,1,332,102.148456,12.768557,78.31738543360851,0.2234497475
8,1,333,101.583478,12.69793475,78.75296413851866,0.222213858125
8,1,334,100.151494,12.51893675,79.87898812572881,0.219081393125
8,1,335,100.842899,12.605362375,79.33131712129776,0.2205938415625
8,1,336,102.432743,12.804092875,78.10002705873062,0.2240716253125
8,1,337,102.022937,12.752867125,78.41373945155098,0.2231751746875
8,1,338,102.115485,12.764435625,78.34267251435959,0.2233776234375
8,1,339,101.326628,12.6658285,78.95259279722602,0.22165199875
8,1,340,101.836465,12.729558125,78.55732227154586,0.2227672671875
8,1,341,102.798612,12.8498265,77.82206242239924,0.22487196375000001
8,1,342,102.592112,12.824014,77.97870463959256,0.224420245
8,1,343,101.692789,12.711598625,78.6683114768344,0.22245297593750002
8,1,344,101.789821,12.723727625,78.59332024957584,0.2226652334375
8,1,345,102.470454,12.80880675,78.07128482128127,0.224154118125
8,1,346,102.246971,12.780871375,78.24192659946866,0.22366524906250002
8,1,347,102.122612,12.7653265,78.33720508441363,0.22339321375
8,1,348,101.631568,12.703946,78.71569983058806,0.222319055
8,1,349,100.245188,12.5306485,79.80432936092653,0.21928634875
8,1,350,101.37631,12.67203875,78.91390010151287,0.221760678125
8,1,351,102.213501,12.776687625,78.26754706308319,0.2235920334375
8,1,352,101.685662,12.71070775,78.67382522424843,0.22243738562499998
8,1,353,99.953117,12.494139625,80.03752399237334,0.2186474434375
8,1,354,99.88652,12.485815,80.09088713872502,0.2185017625
8,1,355,102.242604,12.7803255,78.24526847927308,0.22365569625
8,1,356,100.522088,12.565261,79.58449888147966,0.21989206749999998
8,1,357,100.647162,12.58089525,79.48559940517747,0.220165666875
8,1,358,101.127735,12.640966875,79.1078728303368,0.2212169203125
8,1,359,101.86962,12.7337025,78.53175460947043,0.22283979375
8,1,360,103.12309,12.89038625,77.57719439943081,0.22558175937500002
8,1,361,101.711429,12.713928625,78.6538944409089,0.22249375093749998
8,1,362,100.061663,12.507707875,79.9506999998591,0.21888488781249998
8,1,363,99.533606,12.44170075,80.3748635410637,0.217729763125
8,1,364,99.627917,12.453489625,80.29877810252722,0.2179360684375
8,1,365,101.073917,12.634239625,79.14999475087129,0.22109919343749998
8,1,366,107.493349,13.436668625,74.42320919780815,0.2351417009375
8,1,367,99.037108,12.3796385,80.7778030028906,0.21664367375000002
8,1,368,100.506912,12.563364,79.59651571028269,0.21985886999999998
8,1,369,98.359119,12.294889875,81.33460406451992,0.21516057281250003
8,1,370,100.00844,12.501055,79.99324856982072,0.2187684625
8,1,371,101.175102,12.64688775,79.07083701284532,0.22132053562499998
8,1,372,100.017512,12.502189,79.98599285293159,0.2187883075
8,1,373,100.192985,12.524123125,79.84590937179884,0.21917215468749998
8,1,374,101.497596,12.6871995,78.81960081103793,0.22202599125
8,1,375,101.249338,12.65616725,79.01286228656626,0.22148292687499999
8,1,376,101.751665,12.718958125,78.62279206929931,0.22258176718750003
8,1,377,101.591346,12.69891825,78.74686491504896,0.222231069375
8,1,378,100.330802,12.54135025,79.73623095328192,0.219473629375
8,1,379,101.657296,12.707162,78.69577801872676,0.222375335
8,1,380,99.900708,12.4875885,80.07951254960075,0.21853279874999998
8,1,381,102.597546,12.82469325,77.974574557563,0.22443213187499997
8,1,382,100.372636,12.5465795,79.70299793660894,0.21956514125
8,1,383,100.69188,12.586485,79.45029926941477,0.2202634875
8,1,384,99.980408,12.497551,80.01567667137346,0.2187071425
8,1,385,100.820405,12.602550625,79.3490166995461,0.22054463593749998
8,1,386,100.219592,12.527449,79.82471131991835,0.21923035750000003
8,1,387,101.450613,12.681326625,78.85610311689294,0.2219232159375
8,1,388,101.190336,12.648792,79.05893305858773,0.22135385999999999
8,1,389,100.988161,12.623520125,79.21720646046816,0.22091160218750003
8,1,390,103.373027,12.921628375,77.38962698654457,0.22612849656249998
8,1,391,99.675448,12.459431,80.26048701581958,0.2180400425
8,1,392,102.141911,12.767738875,78.32240381717551,0.2234354303125
8,1,393,102.650719,12.831339875,77.9341837829699,0.2245484478125
8,1,394,102.865011,12.858126375,77.77182855694247,0.22501721156249999
8,1,395,103.046964,12.8808705,77.63450459345896,0.22541523375
8,1,396,103.115595,12.889449375,77.58283313013904,0.2255653640625
8,1,397,102.594815,12.824351875,77.9766501845147,0.22442615781249997
8,1,398,102.574723,12.821840375,77.99192399476428,0.22438220656250002
8,1,399,102.436824,12.804603,78.09691561698556,0.2240805525
8,1,400,100.856159,12.607019875,79.32088708633054,0.2206228478125
8,1,401,98.086647,12.260830875,81.5605410591719,0.2145645403125
8,1,402,99.235359,12.404419875,80.61642624782563,0.2170773478125
8,1,403,98.011593,12.251449125,81.62299739378788,0.21440035968750001
8,1,404,98.9199,12.3649875,80.873514833719,0.21638728125
8,1,405,99.760828,12.4701035,80.19179632310188,0.21822681124999999
8,1,406,97.190869,12.148858625,82.31225918969815,0.21260502593750003
8,1,407,97.469782,12.18372275,82.07671994177642,0.21321514812499998
8,1,408,97.104461,12.138057625,82.38550441055432,0.2124160084375
8,1,409,96.503806,12.06297575,82.89828486142817,0.211102075625
8,1,410,98.410382,12.30129775,81.29223601631787,0.215272710625
8,1,411,102.15068,12.768835,78.31568032635711,0.22345461249999998
8,1,412,99.93018,12.4912725,80.05589502590709,0.21859726875
8,1,413,97.981141,12.247642625,81.64836537267922,0.2143337459375
8,1,414,98.560844,12.3201055,81.16813610078258,0.21560184625
8,1,415,97.442711,12.180338875,82.09952204634372,0.2131559303125
8,1,416,97.318676,12.1648345,82.20415986752636,0.21288460374999998
8,1,417,100.723146,12.59039325,79.42563668533546,0.220331881875
8,1,418,100.913377,12.614172125,79.27591205276977,0.2207480121875
8,1,419,98.85508,12.356885,80.92654418973714,0.2162454875
8,1,420,96.093137,12.011642125,83.252563603996,0.2102037371875
8,1,421,96.783841,12.097980125,82.658426420584,0.2117146521875
8,1,422,96.595737,12.074467125,82.81938984533033,0.21130317468749998
8,1,423,95.883883,11.985485375,83.43425140594275,0.2097459940625
8,1,424,95.67511,11.95938875,83.6163135845885,0.209289303125
8,1,425,96.304117,12.038014625,83.07017653253598,0.21066525593750002
8,1,426,95.862938,11.98286725,83.45248087430828,0.209700176875
8,1,427,95.543255,11.942906875,83.73170874280973,0.2090008703125
8,1,428,96.419267,12.052408375,82.97096886247849,0.21091714656250002
8,1,429,95.786713,11.973339125,83.5188905584431,0.2095334346875
8,1,430,95.64716,11.955895,83.64074793229616,0.2092281625
8,1,431,99.006977,12.375872125,80.80238628031233,0.21657776218750002
8,1,432,96.974326,12.12179075,82.49606189580528,0.212131338125
8,1,433,97.753887,12.219235875,81.83817795398764,0.2138366278125
8,1,434,96.86432,12.10804,82.58975028163104,0.21189070000000002
8,1,435,94.968553,11.871069125,84.23841100327179,0.2077437096875
8,1,436,96.644317,12.080539625,82.77775919302114,0.21140944343749998
8,1,437,97.178085,12.147260625,82.32308755621187,0.2125770609375
8,1,438,95.104656,11.888082,84.1178585410161,0.208041435
8,1,439,94.404167,11.800520875,84.7420220338367,0.2065091153125
8,1,440,94.363346,11.79541825,84.77868090858075,0.206419819375
8,1,441,94.100554,11.76256925,85.01543997286137,0.20584496187499998
8,1,442,96.592462,12.07405775,82.82219786467395,0.211296010625
8,1,443,96.213261,12.026657625,83.14862126957738,0.2104665084375
8,1,444,98.540336,12.317542,81.18502863639516,0.215556985
8,1,445,97.518974,12.18987175,82.03531755779137,0.21332275562500003
8,1,446,95.246581,11.905822625,83.9925162248081,0.20835189593750003
8,1,447,93.530012,11.6912515,85.53404227083816,0.20459690125
8,1,448,94.007398,11.75092475,85.09968545241514,0.205641183125
8,1,449,93.287277,11.660909625,85.7566032289698,0.20406591843750002
8,1,450,95.617923,11.952240375,83.66632268303924,0.2091642065625
8,1,451,93.518017,11.689752125,85.54501321387087,0.2045706621875
8,1,452,96.22133,12.02766625,83.14164853052853,0.21048415937499998
8,1,453,97.237328,12.154666,82.27293123480315,0.21270665500000002
8,1,454,96.207274,12.02590925,83.15379562672153,0.210453411875
8,1,455,97.794208,12.224276,81.80443569827776,0.21392482999999998
8,1,456,96.647008,12.080876,82.77545436274654,0.21141533
8,1,457,96.152248,12.019031,83.20138287354447,0.2103330425
8,1,458,96.436996,12.0546245,82.95571546007095,0.21095592875
8,1,459,96.881073,12.110134125,82.57546858507646,0.2119273471875
8,1,460,94.212147,11.776518375,84.91474034659247,0.2060890715625
8,1,461,95.112481,11.889060125,84.11093807972479,0.2080585521875
8,1,462,94.106379,11.763297375,85.01017768412915,0.2058577040625
8,1,463,94.226048,11.778256,84.90221302712388,0.20611948000000002
8,1,464,97.113867,12.139233375,82.37752493163515,0.21243658406250002
8,1,465,93.946954,11.74336925,85.15443725828514,0.205508961875
8,1,466,94.525238,11.81565475,84.63348169512147,0.20677395812500002
8,1,467,93.971768,11.746471,85.13195154527688,0.2055632425
8,1,468,96.105287,12.013160875,83.24203849471883,0.2102303153125
8,1,469,99.963332,12.4954165,80.02934516028338,0.21866978874999998
8,1,470,97.174104,12.146763,82.32646014415528,0.2125683525
8,1,471,95.901104,11.987638,83.41926908370105,0.209783665
8,1,472,98.47325,12.30915625,81.24033684274663,0.21541023437499998
8,1,473,98.554212,12.3192765,81.17359814109213,0.21558733875000002
8,1,474,99.294706,12.41183825,80.56824298366924,0.217207169375
8,1,475,96.039421,12.004927625,83.2991277612971,0.2100862334375
8,1,476,95.080547,11.885068375,84.1391877983201,0.2079886965625
8,1,477,94.673326,11.83416575,84.50109801783027,0.207097900625
8,1,478,98.112105,12.264013125,81.53937783721997,0.2146202296875
8,1,479,94.917112,11.864639,84.28406460575835,0.20763118249999998
8,1,480,96.255223,12.031902875,83.11237302935758,0.2105583003125
8,1,481,96.598419,12.074802375,82.81709041221471,0.21130904156250002
8,1,482,96.103522,12.01294025,83.2435672857026,0.210226454375
8,1,483,96.469299,12.058662375,82.92793751927232,0.2110265915625
8,1,484,96.40792,12.05099,82.98073436290296,0.210892325
8,1,485,96.480242,12.06003025,82.9185316512784,0.211050529375
8,1,486,94.665151,11.833143875,84.50839528053994,0.2070800178125
8,1,487,95.370089,11.921261125,83.88374262710398,0.2086220696875
8,1,488,95.260994,11.90762425,83.97980814686859,0.20838342437500001
8,1,489,94.796748,11.8495935,84.39108058854508,0.20736788625
8,1,490,94.863096,11.857887,84.33205679898957,0.2075130225
8,1,491,95.633124,11.9541405,83.65302382049131,0.20919745874999998
8,1,492,95.568898,11.94611225,83.70924189164555,0.20905696437500002
8,1,493,94.622939,11.827867375,84.54609510702262,0.2069876790625
8,1,494,97.504462,12.18805775,82.04752721983124,0.213291010625
8,1,495,98.655687,12.331960875,81.0901048208199,0.2158093153125
8,1,496,97.773181,12.221647625,81.82202847629556,0.2138788334375
8,1,497,97.975904,12.246988,81.65272963442114,0.21432229
8,1,498,96.466204,12.0582755,82.93059816057445,0.21101982125000002
8,1,499,100.193405,12.524175625,79.84557466631661,0.2191730734375
8,1,500,99.069198,12.38364975,80.75163786023583,0.216713870625
8,2,1,99.045425,12.380678125,80.77101996381964,0.21666186718749997
8,2,2,99.39683,12.42460375,80.48546417425989,0.217430565625
8,2,3,101.692366,12.71154575,78.66863870587886,0.22245205062500004
8,2,4,101.221009,12.652626125,79.03497583194414,0.2214209571875
8,2,5,98.362603,12.295325375,81.33172319565395,0.21516819406249998
8,2,6,98.498448,12.312306,81.21955383500053,0.215465355
8,2,7,98.822145,12.352768125,80.95351502439054,0.2161734421875
8,2,8,98.699805,12.337475625,81.05385821177661,0.2159058234375
8,2,9,100.103768,12.512971,79.91707165308704,0.2189769925
8,2,10,97.462413,12.182801625,82.08292565052746,0.2131990284375
8,2,11,95.666132,11.9582665,83.62416074269628,0.20926966375
8,2,12,97.433785,12.179223125,82.10704326019975,0.2131364046875
8,2,13,100.746998,12.59337475,79.40683254899565,0.22038405812500003
8,2,14,100.676166,12.58452075,79.46270023830665,0.220229113125
8,2,15,99.542466,12.44280825,80.3677095964249,0.217749144375
8,2,16,98.336853,12.292106625,81.35302031680838,0.2151118659375
8,2,17,96.007483,12.000935375,83.32683817989479,0.21001636906249999
8,2,18,95.355007,11.919375875,83.89701025348359,0.2085890778125
8,2,19,97.705318,12.21316475,81.87885944959515,0.213730383125
8,2,20,97.659286,12.20741075,81.9174532977847,0.213629688125
8,2,21,99.539584,12.442448,80.37003650728538,0.21774284
8,2,22,95.929571,11.991196375,83.39451450272827,0.20984593656249997
8,2,23,94.51094,11.8138675,84.6462853929926,0.20674268125
8,2,24,93.139443,11.642430375,85.89271894185582,0.2037425315625
8,2,25,94.732386,11.84154825,84.44841661646736,0.207227094375
8,2,26,95.371669,11.921458625,83.88235294487717,0.2086255259375
8,2,27,94.73395,11.84174375,84.44702242437901,0.20723051562499997
8,2,28,94.811932,11.8514915,84.37756547351023,0.20740110125
8,2,29,95.318515,11.914814375,83.9291296134859,0.2085092515625
8,2,30,97.821804,12.2277255,81.78135827468486,0.21398519625
8,2,31,96.514291,12.064286375,82.88927906023783,0.2111250115625
8,2,32,97.656876,12.2071095,81.91947487650536,0.21362441625
8,2,33,97.138965,12.142370625,82.35624087615099,0.21249148593749997
8,2,34,97.456047,12.182005875,82.08828745126507,0.2131851028125
8,2,35,96.275578,12.03444725,83.0948010512074,0.210602826875
8,2,36,96.628007,12.078500875,82.79173138694664,0.2113737653125
8,2,37,95.032353,11.879044125,84.18185751961755,0.20788327218750002
8,2,38,96.902101,12.112762625,82.55754950039731,0.2119733459375
8,2,39,95.860427,11.982553375,83.45466685642867,0.20969468406250003
8,2,40,94.528226,11.81602825,84.63080646409253,0.206780494375
8,2,41,96.142107,12.017763375,83.2101588953111,0.2103108590625
8,2,42,97.490426,12.18630325,82.05933985763895,0.213260306875
8,2,43,97.67417,12.20927125,81.90497037241268,0.213662246875
8,2,44,95.567499,11.945937375,83.71046730018539,0.20905390406250002
8,2,45,95.011907,11.876488375,84.1999729570737,0.2078385465625
8,2,46,95.983139,11.997892375,83.3479721891571,0.20996311656249997
8,2,47,97.275394,12.15942425,82.24073602827042,0.212789924375
8,2,48,95.494492,11.9368115,83.77446523303145,0.20889420124999997
8,2,49,95.100116,11.8875145,84.12187425723015,0.20803150375
8,2,50,95.268855,11.908606875,83.97287864958595,0.2084006203125
8,2,51,96.491196,12.0613995,82.90911846506701,0.21107449125
8,2,52,96.677546,12.08469325,82.7493076830891,0.21148213187500003
8,2,53,96.587846,12.07348075,82.82615599482361,0.211285913125
8,2,54,98.408571,12.301071375,81.29373202665447,0.2152687490625
8,2,55,96.418688,12.052336,82.97146710811911,0.21091588000000003
8,2,56,97.435418,12.17942725,82.10566716099068,0.213139976875
8,2,57,94.946232,11.868279,84.25821469144769,0.20769488249999998
8,2,58,94.689706,11.83621325,84.48648050507201,0.207133731875
8,2,59,95.606117,11.950764625,83.67665428771676,0.20913838093749998
8,2,60,93.438075,11.679759375,85.61820221574557,0.2043957890625
8,2,61,94.925233,11.865654125,84.27685397411665,0.2076489471875
8,2,62,94.407323,11.800915375,84.73918914107966,0.20651601906250003
8,2,63,93.722597,11.715324625,85.3582834457735,0.2050181809375
8,2,64,92.605023,11.575627875,86.38840249518645,0.2025734878125
8,2,65,93.454068,11.6817585,85.60355018467467,0.20443077375000002
8,2,66,96.166512,12.020814,83.18904194008826,0.21036424499999998
8,2,67,94.685708,11.8357135,84.49004785389575,0.20712498625
8,2,68,95.643457,11.955432125,83.64398622688847,0.2092200621875
8,2,69,98.993821,12.374227625,80.81312468987332,0.2165489834375
8,2,70,97.600216,12.200027,81.96703171230686,0.2135004725
8,2,71,95.556072,11.944509,83.7204777525807,0.2090289075
8,2,72,98.116787,12.264598375,81.53548688870133,0.21463047156249998
8,2,73,96.05465,12.00683125,83.28592108763085,0.210119546875
8,2,74,95.735057,11.966882125,83.56395505149175,0.2094204371875
8,2,75,93.288776,11.661097,85.75522525882427,0.2040691975
8,2,76,93.589299,11.698662375,85.4798581192493,0.2047265915625
8,2,77,94.429666,11.80370825,84.71913900447345,0.206564894375
8,2,78,92.011798,11.50147475,86.94537194023748,0.201275808125
8,2,79,93.141727,11.642715875,85.8906127003636,0.20374752781250002
8,2,80,93.352707,11.669088375,85.69649726386618,0.2042090465625
8,2,81,93.403271,11.675408875,85.65010533731736,0.20431965531250001
8,2,82,92.765101,11.595637625,86.23932830084452,0.2029236584375
8,2,83,92.485669,11.560708625,86.49988789073905,0.2023124009375
8,2,84,91.879643,11.484955375,87.07042973599712,0.2009867190625
8,2,85,94.563246,11.82040575,84.59946478571601,0.206857100625
8,2,86,96.282473,12.035309125,83.08885044944785,0.2106179096875
8,2,87,97.595846,12.19948075,81.97070190876772,0.213490913125
8,2,88,96.264502,12.03306275,83.10436177190218,0.210578598125
8,2,89,97.646121,12.205765125,81.92849770243306,0.2136008896875
8,2,90,95.360724,11.9200905,83.89198051810092,0.20860158375
8,2,91,95.281998,11.91024975,83.96129560591288,0.208429370625
8,2,92,95.935312,11.991914,83.38952397423797,0.209858495
8,2,93,95.281344,11.910168,83.96187190642483,0.20842794
8,2,94,94.201407,11.775175875,84.92442156410678,0.2060655778125
8,2,95,94.596016,11.824502,84.57015779607462,0.206928785
8,2,96,96.712564,12.0890705,82.71934554439069,0.21155873374999998
8,2,97,95.403201,11.925400125,83.85462873515115,0.2086945021875
8,2,98,94.705028,11.8381285,84.47281172864444,0.20716724875
8,2,99,93.946666,11.74333325,85.15469830510004,0.20550833187499998
8,2,100,93.868686,11.73358575,85.22543929079822,0.20533775062499998
8,2,101,95.965916,11.9957395,83.36293064716851,0.20992544125
8,2,102,94.790312,11.848789,84.39681050949595,0.2073538075
8,2,103,97.526043,12.190755375,82.02937137519257,0.2133382190625
8,2,104,95.515732,11.9394665,83.75583615901095,0.20894066375
8,2,105,94.381729,11.797716125,84.76216832179456,0.20646003218750003
8,2,106,94.510016,11.813752,84.64711295784778,0.20674066
8,2,107,93.780618,11.72257725,85.30547324821424,0.205145101875
8,2,108,93.047156,11.6308945,85.97790995352936,0.20354065375
8,2,109,93.098726,11.63734075,85.93028437360142,0.203653463125
8,2,110,94.176571,11.772071375,84.94681761135686,0.20601124906249998
8,2,111,93.430311,11.678788875,85.62531703442579,0.20437880531250002
8,2,112,93.654938,11.70686725,85.4199487057479,0.204870176875
8,2,113,93.586011,11.698251375,85.4828613220837,0.2047193990625
8,2,114,95.468863,11.933607875,83.79695482494643,0.20883813781250002
8,2,115,96.769834,12.09622925,82.67039085754762,0.21168401187500002
8,2,116,97.020522,12.12756525,82.4567816693462,0.21223239187499998
8,2,117,100.019194,12.50239925,79.98464774671149,0.21879198687499998
8,2,118,99.368643,12.421080375,80.50829475451324,0.2173689065625
8,2,119,95.91484,11.989355,83.40732257907118,0.2098137125
8,2,120,98.450015,12.306251875,81.25951021947535,0.2153594078125
8,2,121,97.446962,12.18087025,82.09594055892681,0.213165229375
8,2,122,95.42571,11.92821375,83.8348491198022,0.20874374062499998
8,2,123,93.265034,11.65812925,85.77705552543948,0.204017261875
8,2,124,94.123801,11.765475125,84.99444258525003,0.2058958146875
8,2,125,93.72827,11.71603375,85.35311704782347,0.205030590625
8,2,126,94.537068,11.8171335,84.6228909912882,0.20679983625
8,2,127,94.358343,11.794792875,84.78317598264734,0.20640887531250002
8,2,128,94.190551,11.773818875,84.93420958966468,0.2060418303125
8,2,129,93.951646,11.74395575,85.15018459602081,0.205519225625
8,2,130,96.756286,12.09453575,82.68196652360137,0.211654375625
8,2,131,95.585833,11.948229125,83.6944110744947,0.20909400968749997
8,2,132,95.328503,11.916062875,83.9203359775827,0.2085311003125
8,2,133,96.287342,12.03591775,83.08464886277575,0.210628560625
8,2,134,95.287852,11.9109815,83.95613745181285,0.20844217625
8,2,135,95.722581,11.965322625,83.57484635730832,0.2093931459375
8,2,136,96.817916,12.1022395,82.62933484335689,0.21178919124999998
8,2,137,94.18017,11.77252125,84.9435714545854,0.206019121875
8,2,138,95.627097,11.953387125,83.65829614173062,0.20918427468750003
8,2,139,95.668423,11.958552875,83.62215817020419,0.20927467531250002
8,2,140,94.99512,11.87439,84.2148522997813,0.207801825
8,2,141,94.142666,11.76783325,84.97741077355936,0.205937081875
8,2,142,93.199837,11.649979625,85.83705999399977,0.2038746434375
8,2,143,94.402505,11.800313125,84.74351395654172,0.20650547968750002
8,2,144,95.244754,11.90559425,83.99412738259579,0.208347899375
8,2,145,93.758532,11.7198165,85.3255680240386,0.20509678875
8,2,146,94.501887,11.812735875,84.65439425564064,0.2067228778125
8,2,147,93.938678,11.74233475,85.161939366445,0.20549085812499998
8,2,148,95.293628,11.9117035,83.9510486472401,0.20845481125
8,2,149,97.662297,12.207787125,81.9149277228243,0.2136362746875
8,2,150,95.989153,11.998644125,83.34275019595182,0.2099762721875
8,2,151,95.179448,11.897431,84.0517587368231,0.2082050425
8,2,152,94.942061,11.867757625,84.26191632810668,0.2076857584375
8,2,153,95.679292,11.9599115,83.61265883949058,0.20929845125
8,2,154,97.580164,12.1975205,81.98387532941634,0.21345660875
8,2,155,95.562909,11.945363625,83.7144880133358,0.20904386343750003
8,2,156,98.192453,12.274056625,81.47265655946084,0.2147959909375
8,2,157,101.737763,12.717220375,78.63353551424166,0.2225513565625
8,2,158,97.060866,12.13260825,82.42250795495683,0.212320644375
8,2,159,95.806276,11.9757845,83.50183656026877,0.20957622874999998
8,2,160,95.155167,11.894395875,84.07320645026033,0.20815192781250003
8,2,161,95.075081,11.884385125,84.14402507845352,0.2079767396875
8,2,162,95.450791,11.931348875,83.81282036730319,0.2087986053125
8,2,163,94.003897,11.750487125,85.10285483164598,0.2056335246875
8,2,164,94.757716,11.8447145,84.42584242954948,0.20728250375
8,2,165,98.317871,12.289733875,81.36872695300735,0.2150703428125
8,2,166,99.45945,12.43243125,80.43479025874363,0.21756754687500002
8,2,167,97.765456,12.220682,81.82849369617833,0.21386193499999998
8,2,168,96.202465,12.025308125,83.15795234560778,0.2104428921875
8,2,169,96.937582,12.11719775,82.52733186598361,0.212050960625
8,2,170,99.305565,12.413195625,80.55943289784415,0.2172309234375
8,2,171,96.506935,12.063366875,82.89559708843721,0.2111089203125
8,2,172,97.128543,12.141067875,82.36507779180833,0.21246868781249997
8,2,173,95.88027,11.98503375,83.43739540992115,0.20973809062499998
8,2,174,95.83341,11.97917625,83.47819408700995,0.20963558437500002
8,2,175,95.211244,11.9014055,84.02368947096207,0.20827459624999997
8,2,176,94.02273,11.75284125,85.08580850609209,0.205674721875
8,2,177,93.694421,11.711802625,85.38395258347346,0.2049565459375
8,2,178,95.004856,11.875607,84.20622204827089,0.2078231225
8,2,179,94.8942,11.861775,84.30441481144264,0.2075810625
8,2,180,95.974649,11.996831125,83.35534522246598,0.2099445446875
8,2,181,96.242959,12.030369875,83.12296383156715,0.2105314728125
8,2,182,95.122004,11.8902505,84.10251743644929,0.20807938375
8,2,183,97.632188,12.2040235,81.94018964319432,0.21357041125
8,2,184,97.085713,12.135714125,82.40141368689335,0.2123749971875
8,2,185,96.93013,12.11626625,82.5336765771386,0.21203465937500002
8,2,186,96.390548,12.0488185,82.99568957736396,0.21085432375
8,2,187,95.393308,11.9241635,83.86332508775143,0.20867286125
8,2,188,95.198933,11.899866625,84.03455530326164,0.2082476659375
8,2,189,95.06235,11.88279375,84.15529386765634,0.207948890625
8,2,190,93.613056,11.701632,85.45816515166432,0.20477856
8,2,191,93.861931,11.732741375,85.231572744865,0.2053229740625
8,2,192,94.540504,11.817563,84.61981543910534,0.2068073525
8,2,193,94.342213,11.792776625,84.79767164249158,0.20637359093750002
8,2,194,93.076655,11.634581875,85.95066077525024,0.2036051828125
8,2,195,94.337483,11.792185375,84.80192332458138,0.2063632440625
8,2,196,94.905127,11.863140875,84.29470833540954,0.20760496531249997
8,2,197,93.710927,11.713865875,85.36891327518295,0.20499265281249998
8,2,198,94.370308,11.7962885,84.77242651364452,0.20643504875
8,2,199,97.591316,12.1989145,81.97450683009541,0.21348100375
8,2,200,98.139935,12.267491875,81.51625533479312,0.2146811078125
8,2,201,96.418664,12.052333,82.97148776091733,0.2109158275
8,2,202,95.338301,11.917287625,83.91171141176514,0.20855253343750002
8,2,203,96.90325,12.11290625,82.55657060005727,0.211975859375
8,2,204,95.783056,11.972882,83.52207931223242,0.209525435
8,2,205,94.152082,11.76901025,84.96891231783913,0.205957679375
8,2,206,94.205509,11.775688625,84.92072369143507,0.20607455093750002
8,2,207,93.430037,11.678754625,85.62556814571315,0.20437820593749997
8,2,208,93.435682,11.67946025,85.62039500070219,0.204390554375
8,2,209,92.733052,11.5916315,86.26913303791619,0.20285355125
8,2,210,93.515508,11.6894385,85.54730836729242,0.20456517375
8,2,211,94.310623,11.788827875,84.82607521318144,0.20630448781250002
8,2,212,94.030475,11.753809375,85.07880025066342,0.2056916640625
8,2,213,93.582563,11.697820375,85.4860108928626,0.20471185656249996
8,2,214,94.902026,11.86275325,84.29746273277664,0.207598181875
8,2,215,94.927732,11.8659665,84.27463536156115,0.20765441375000002
8,2,216,93.370878,11.67135975,85.67981978278065,0.204248795625
8,2,217,94.842478,11.85530975,84.35038991705805,0.207467920625
8,2,218,95.474472,11.934309,83.79203186376354,0.20885040750000003
8,2,219,95.2069,11.9008625,84.02752321522914,0.20826509375000002
8,2,220,97.688451,12.211056375,81.89299674738419,0.2136934865625
8,2,221,95.332861,11.916607625,83.916499684196,0.20854063343749998
8,2,222,94.89786,11.8622325,84.3011633771299,0.20758906875
8,2,223,95.803544,11.975443,83.50421775628676,0.2095702525
8,2,224,96.784285,12.098035625,82.65804722326564,0.2117156234375
8,2,225,95.816616,11.977077,83.49282550325093,0.20959884750000002
8,2,226,95.258731,11.907341375,83.98180320080057,0.2083784740625
8,2,227,95.56091,11.94511375,83.71623920282885,0.20903949062500002
8,2,228,98.92804,12.366005,80.86686039670856,0.21640508749999998
8,2,229,96.383882,12.04798525,83.00142963737443,0.210839741875
8,2,230,96.133469,12.016683625,83.21763568107586,0.2102919634375
8,2,231,97.214921,12.151865125,82.29189426590183,0.2126576396875
8,2,232,96.762194,12.09527425,82.67691821870017,0.211667299375
8,2,233,95.510904,11.938863,83.76006994970962,0.2089301025
8,2,234,97.120003,12.140000375,82.372320355056,0.2124500065625
8,2,235,97.061094,12.13263675,82.42231434152184,0.212321143125
8,2,236,96.935006,12.11687575,82.52952498914581,0.212045325625
8,2,237,97.185076,12.1481345,82.31716565205959,0.21259235375
8,2,238,96.82535,12.10316875,82.62299077669226,0.21180545312500001
8,2,239,97.859669,12.232458625,81.74971448145814,0.2140680259375
8,2,240,97.669327,12.208665875,81.90903168606864,0.2136516528125
8,2,241,96.398841,12.049855125,82.98854962374496,0.2108724646875
8,2,242,97.673802,12.20922525,81.90527896108723,0.21366144187499997
8,2,243,95.839919,11.979989875,83.47252463767212,0.2096498228125
8,2,244,97.872472,12.234059,81.73902054910802,0.2140960325
8,2,245,96.117952,12.014744,83.23107009188044,0.21025802000000002
8,2,246,96.869877,12.108734625,82.58501246987234,0.2119028559375
8,2,247,96.611743,12.076467875,82.80566887195069,0.2113381878125
8,2,248,96.849534,12.10619175,82.6023592431534,0.211858355625
8,2,249,97.98038,12.2475475,81.64899952419046,0.21433208125
8,2,250,98.997921,12.374740125,80.80977781341488,0.2165579521875
8,2,251,99.750644,12.4688305,80.19998347078341,0.21820453374999998
8,2,252,100.578695,12.572336875,79.5397076885915,0.2200158953125
8,2,253,101.3554,12.669425,78.93018033572952,0.22171493750000001
8,2,254,98.805212,12.3506515,80.967388643425,0.21613640125
8,2,255,99.084588,12.3855735,80.73909536768726,0.21674753624999998
8,2,256,97.634932,12.2043665,81.93788673914372,0.21357641375
8,2,257,99.915336,12.489417,80.06778859253399,0.2185647975
8,2,258,99.400019,12.425002375,80.48288200025394,0.2174375415625
8,2,259,100.54778,12.5684725,79.56416342558731,0.21994826875
8,2,260,98.99144,12.37393,80.81506845440373,0.216543775
8,2,261,100.125221,12.515652625,79.89994848550697,0.21902392093749998
8,2,262,99.898741,12.487342625,80.08108931022464,0.21852849593749998
8,2,263,96.683208,12.085401,82.74446168563212,0.21149451749999998
8,2,264,98.804828,12.3506035,80.96770331911311,0.21613556125
8,2,265,95.572058,11.94650725,83.70647412447684,0.209063876875
8,2,266,95.848461,11.981057625,83.46508557920403,0.2096685084375
8,2,267,95.447462,11.93093275,83.81574357629331,0.20879132312499998
8,2,268,94.621631,11.827703875,84.54726382807753,0.20698481781249997
8,2,269,94.564876,11.8206095,84.59800655795287,0.20686066625000002
8,2,270,95.892404,11.9865505,83.42683743750965,0.20976463375
8,2,271,96.054374,12.00679675,83.28616039910895,0.21011894312499999
8,2,272,97.316083,12.164510375,82.20635020832064,0.2128789315625
8,2,273,98.65841,12.33230125,81.08786671100822,0.21581527187500002
8,2,274,95.782301,11.972787625,83.5227376715454,0.20952378343750003
8,2,275,94.439251,11.804906375,84.7105405357355,0.20658586156249997
8,2,276,95.360981,11.920122625,83.89175442731656,0.20860214593749998
8,2,277,93.996706,11.74958825,85.10936542818851,0.20561779437500002
8,2,278,94.770995,11.846374375,84.41401295828962,0.2073115515625
8,2,279,93.980357,11.747544625,85.12417121377821,0.20558203093750002
8,2,280,94.241469,11.780183625,84.88832023617968,0.2061532134375
8,2,281,92.772865,11.596608125,86.23211108118737,0.2029406421875
8,2,282,96.504285,12.063035625,82.89787339494822,0.21110312343749998
8,2,283,96.390023,12.048752875,82.99614162349562,0.21085317531249997
8,2,284,96.495384,12.061923,82.90552012311801,0.2110836525
8,2,285,96.903881,12.112985125,82.55603302410562,0.2119772396875
8,2,286,95.25875,11.90734375,83.98178645006364,0.208378515625
8,2,287,97.980085,12.247510625,81.64924535429827,0.2143314359375
8,2,288,95.022177,11.877772125,84.19087262124083,0.2078610121875
8,2,289,93.723754,11.71546925,85.35722971574526,0.20502071187499998
8,2,290,93.11569,11.63946125,85.91462942496587,0.20369057187499998
8,2,291,94.450851,11.806356375,84.70013679389717,0.20661123656250002
8,2,292,96.354242,12.04428025,83.0269621134065,0.21077490437500002
8,2,293,94.46763,11.80845375,84.68509266084055,0.206647940625
8,2,294,93.535091,11.691886375,85.52939773159572,0.2046080115625
8,2,295,94.820435,11.852554375,84.36999893535607,0.2074197015625
8,2,296,94.245574,11.78069675,84.8846228046741,0.206162193125
8,2,297,94.875317,11.859414625,84.32119388860646,0.2075397559375
8,2,298,96.304114,12.03801425,83.07017912028141,0.210665249375
8,2,299,95.839018,11.97987725,83.47330937802388,0.20964785187499999
8,2,300,95.725792,11.965724,83.57204294533285,0.20940017
8,2,301,96.959335,12.119916875,82.50881671166577,0.2120985453125
8,2,302,95.873116,11.9841395,83.44362146318474,0.20972244125
8,2,303,93.692227,11.711528375,85.38595202780269,0.2049517465625
8,2,304,96.723801,12.090475125,82.70973552828016,0.21158331468749997
8,2,305,95.760808,11.970101,83.54148390226615,0.2094767675
8,2,306,94.927288,11.865911,84.27502953629097,0.2076534425
8,2,307,93.489133,11.686141625,85.57144283282635,0.2045074784375
8,2,308,93.881488,11.735186,85.21381765913212,0.205365755
8,2,309,95.246066,11.90575825,83.99297037633029,0.208350769375
8,2,310,95.932368,11.991546,83.39208305584619,0.209852055
8,2,311,96.34138,12.0426725,83.03804657977703,0.21074676875
8,2,312,95.506137,11.938267125,83.76425066799635,0.2089196746875
8,2,313,94.360658,11.79508225,84.7810959520863,0.20641393937500002
8,2,314,96.072142,12.00901775,83.27075709418449,0.210157810625
8,2,315,94.483556,11.8104445,84.6708182744519,0.20668277875
8,2,316,96.540561,12.067570125,82.86672375976767,0.2111824771875
8,2,317,95.014047,11.876755875,84.19807652230622,0.2078432278125
8,2,318,93.735091,11.716886375,85.34690599489578,0.2050455115625
8,2,319,95.534854,11.94185675,83.73907181561192,0.208982493125
8,2,320,97.952488,12.244061,81.67224910101314,0.21427106750000002
8,2,321,96.425682,12.05321025,82.96544897654962,0.210931179375
8,2,322,98.215898,12.27698725,81.4532083186777,0.21484727687499997
8,2,323,97.431261,12.178907625,82.10917027954713,0.21313088343750003
8,2,324,97.621597,12.202699625,81.94907936201864,0.21354724343749998
8,2,325,95.064077,11.883009625,84.15376504418172,0.2079526684375
8,2,326,95.232032,11.904004,84.00534811648248,0.20832007000000002
8,2,327,94.815023,11.851877875,84.3748147379556,0.20740786281249998
8,2,328,96.808986,12.10112325,82.63695686266149,0.21176965687500002
8,2,329,94.104395,11.763049375,85.01196995103152,0.2058533640625
8,2,330,94.800456,11.850057,84.3877797381059,0.2073759975
8,2,331,97.376566,12.17207075,82.15528980555753,0.213011238125
8,2,332,99.618896,12.452362,80.30604956714235,0.21791633500000002
8,2,333,98.496014,12.31200175,81.22156090499256,0.215460030625
8,2,334,95.184257,11.898032125,84.04751218470928,0.2082155621875
8,2,335,99.367157,12.420894625,80.50949872702908,0.2173656559375
8,2,336,100.245877,12.530734625,79.80378085774042,0.21928785593749997
8,2,337,98.748155,12.343519375,81.01417185971728,0.21601158906249998
8,2,338,99.541207,12.442650875,80.36872608948774,0.2177463903125
8,2,339,98.89619,12.36202375,80.89290396323659,0.216335415625
8,2,340,101.835397,12.729424625,78.55814614244593,0.2227649309375
8,2,341,98.211747,12.276468375,81.45665100530184,0.2148381965625
8,2,342,97.725485,12.215685625,81.86196261906503,0.2137744984375
8,2,343,98.394363,12.299295375,81.30547072091925,0.2152376690625
8,2,344,101.392083,12.674010375,78.90162390686855,0.2217951815625
8,2,345,100.214338,12.52679225,79.82889634016242,0.21921886437500002
8,2,346,100.280042,12.53500525,79.77659203613018,0.21936259187499998
8,2,347,100.139419,12.517427375,79.88862008476401,0.2190549790625
8,2,348,99.074407,12.384300875,80.74739220997812,0.2167252653125
8,2,349,99.600748,12.4500935,80.32068192901524,0.21787663624999998
8,2,350,100.256321,12.532040125,79.79546745985223,0.2193107021875
8,2,351,97.892396,12.2365495,81.72238423911904,0.21413961625000003
8,2,352,99.063283,12.382910375,80.75645948459027,0.21670093156249998
8,2,353,98.463211,12.307901375,81.24861985254574,0.2153882740625
8,2,354,97.730948,12.2163685,81.85738666936905,0.21378644875
8,2,355,99.173729,12.396716125,80.66652409530755,0.21694253218749998
8,2,356,98.060605,12.257575625,81.58220112959737,0.2145075734375
8,2,357,98.629108,12.3286385,81.11195733413709,0.21575117375
8,2,358,99.304576,12.413072,80.56023521010755,0.21722876
8,2,359,100.219214,12.52740175,79.82501239732335,0.219229530625
8,2,360,101.281202,12.66015025,78.98800411156259,0.22155262937499998
8,2,361,100.234125,12.529265625,79.8131374918472,0.2192621484375
8,2,362,100.654638,12.58182975,79.47969570960058,0.220182020625
8,2,363,99.909691,12.488711375,80.07231250469988,0.2185524490625
8,2,364,100.637234,12.57965425,79.49344076765861,0.220143949375
8,2,365,101.218896,12.652362,79.03662573043674,0.221416335
8,2,366,102.227081,12.778385125,78.25714988379644,0.2236217396875
8,2,367,98.520735,12.315091875,81.20118064486628,0.21551410781250002
8,2,368,99.176916,12.3971145,80.66393191738287,0.21694950375000002
8,2,369,100.980315,12.622539375,79.22336150367525,0.2208944390625
8,2,370,99.731987,12.466498375,80.21498659201485,0.2181637215625
8,2,371,100.82503,12.60312875,79.34537683747776,0.220554753125
8,2,372,102.954747,12.869343375,77.70404214581771,0.2252135090625
8,2,373,101.556807,12.694600875,78.77364635932281,0.2221555153125
8,2,374,99.836691,12.479586375,80.13086090763966,0.2183927615625
8,2,375,96.613876,12.0767345,82.80384072366581,0.21134285375
8,2,376,98.351393,12.293924125,81.34099330957112,0.21514367218750002
8,2,377,97.935859,12.241982375,81.68611662455527,0.2142346915625
8,2,378,100.37074,12.5463425,79.70450352363648,0.21956099375
8,2,379,100.711907,12.588988375,79.43450023243031,0.2203072965625
8,2,380,101.047515,12.630939375,79.17067530062465,0.2210414390625
8,2,381,100.354301,12.544287625,79.71755988814071,0.21952503343750002
8,2,382,100.375762,12.54697025,79.70051574801495,0.21957197937499998
8,2,383,99.976176,12.497022,80.01906374174584,0.21869788499999998
8,2,384,102.099746,12.76246825,78.35474928605602,0.223343194375
8,2,385,100.325472,12.540684,79.74046710689784,0.21946197
8,2,386,100.87617,12.60952125,79.30515204928973,0.220666621875
8,2,387,98.028782,12.25359775,81.60868509005854,0.214437960625
8,2,388,97.254772,12.1568465,82.25817443693148,0.21274481374999998
8,2,389,100.827731,12.603466375,79.3432513124787,0.2205606615625
8,2,390,100.546835,12.568354375,79.56491121774246,0.2199462015625
8,2,391,100.438383,12.554797875,79.65082432679148,0.2197089628125
8,2,392,96.270667,12.033833375,83.09903991835851,0.21059208406250002
8,2,393,94.880611,11.860076375,84.31648906645425,0.20755133656250002
8,2,394,96.171985,12.021498125,83.18430777944326,0.2103762171875
8,2,395,96.545555,12.068194375,82.86243732298189,0.2111934015625
8,2,396,98.00612,12.250765,81.6275555036767,0.2143883875
8,2,397,97.160935,12.145116875,82.33761850892029,0.2125395453125
8,2,398,97.539382,12.19242275,82.0181534469841,0.213367398125
8,2,399,100.158521,12.519815125,79.87338391308715,0.21909676468749997
8,2,400,99.489869,12.436233625,80.41019734381196,0.21763408843749998
8,2,401,103.111053,12.888881625,77.58625062242358,0.22555542843749998
8,2,402,99.713784,12.464223,80.2296300379093,0.21812390250000002
8,2,403,99.781061,12.472632625,80.17553551570273,0.21827107093749998
8,2,404,99.291819,12.411477375,80.57058557865679,0.2172008540625
8,2,405,99.603071,12.450383875,80.3188086439624,0.2178817178125
8,2,406,101.802414,12.72530175,78.58359822390852,0.222692780625
8,2,407,98.288288,12.286036,81.3932174706309,0.21500563
8,2,408,95.823055,11.977881875,83.4872150548738,0.20961293281249999
8,2,409,97.347801,12.168475125,82.179565617512,0.21294831468750003
8,2,410,98.656307,12.332038375,81.08959521462728,0.2158106715625
8,2,411,95.5817,11.9477125,83.69803006223995,0.20908496875
8,2,412,96.462765,12.057845625,82.93355472445766,0.21101229843750002
8,2,413,97.488124,12.1860155,82.06127753571297,0.21325527125
8,2,414,95.969761,11.996220125,83.35959073608613,0.20993385218750002
8,2,415,95.67635,11.95954375,83.6152298870097,0.209292015625
8,2,416,99.925007,12.490625875,80.06003942536627,0.21858595281249998
8,2,417,99.495412,12.4369265,80.40571760233527,0.21764621375
8,2,418,102.532774,12.81659675,78.0238326527672,0.224290443125
8,2,419,102.354671,12.794333875,78.15959859809428,0.2239008428125
8,2,420,101.685853,12.710731625,78.67367744852375,0.22243780343749997
8,2,421,101.43413,12.67926625,78.86891719779132,0.22188715937499998
8,2,422,101.161388,12.6451735,79.08155629497689,0.22129053625
8,2,423,100.691441,12.586430125,79.4506456611342,0.22026252718749997
8,2,424,99.701091,12.462636375,80.23984411564764,0.21809613656250001
8,2,425,100.184623,12.523077875,79.85257378270515,0.2191538628125
8,2,426,101.423483,12.677935375,78.87719651670807,0.22186386906250002
8,2,427,99.83027,12.47878375,80.13601485801851,0.218378715625
8,2,428,99.472158,12.43401975,80.42451436511512,0.217595345625
8,2,429,100.169412,12.5211765,79.86469961508809,0.21912058874999998
8,2,430,98.750484,12.3438105,81.01226116522123,0.21601668375
8,2,431,99.424741,12.428092625,80.46286990076243,0.2174916209375
8,2,432,102.064482,12.75806025,78.38182140580501,0.22326605437500002
8,2,433,101.469141,12.683642625,78.84170419852082,0.22196374593749998
8,2,434,101.935001,12.741875125,78.48138442653276,0.2229828146875
8,2,435,101.068149,12.633518625,79.15451187297394,0.2210865759375
8,2,436,97.364975,12.170621875,82.16507013944182,0.2129858828125
8,2,437,96.759172,12.0948965,82.6795003991973,0.21166068875000002
8,2,438,99.334613,12.416826625,80.5358752442112,0.21729446593750001
8,2,439,100.993683,12.624210375,79.2128751260611,0.2209236815625
8,2,440,100.525024,12.565628,79.58217448423588,0.21989849
8,2,441,102.98321,12.87290125,77.68256592506681,0.225275771875
8,2,442,102.107707,12.763463375,78.34864022556103,0.2233606090625
8,2,443,100.933859,12.616732375,79.25982499093787,0.2207928165625
8,2,444,100.237055,12.529631875,79.81080449739869,0.21926855781250001
8,2,445,100.372613,12.546576625,79.70301620024578,0.2195650909375
8,2,446,97.454888,12.181861,82.08926370117013,0.2131825675
8,2,447,96.107303,12.013412875,83.24029236363026,0.2102347253125
8,2,448,100.92105,12.61513125,79.2698847267245,0.22076479687499997
8,2,449,100.91397,12.61424625,79.27544620432631,0.22074930937500004
8,2,450,102.160305,12.770038125,78.30830183993676,0.2234756671875
8,2,451,102.676259,12.834532375,77.91479820081875,0.2246043165625
8,2,452,100.090359,12.511294875,79.92777805902364,0.21894766031250001
8,2,453,100.140778,12.51759725,79.88753592467596,0.219057951875
8,2,454,98.894328,12.361791,80.89442702922254,0.2163313425
8,2,455,99.867765,12.483470625,80.10592807398864,0.2184607359375
8,2,456,100.285115,12.535639375,79.77255647560457,0.21937368906250002
8,2,457,99.177096,12.397137,80.66378551757555,0.21694989750000002
8,2,458,100.107715,12.513464375,79.91392072029613,0.21898562656249998
8,2,459,101.219827,12.652478375,79.0358987671457,0.2214183715625
8,2,460,100.595927,12.574490875,79.52608260173396,0.22005359031250002
8,2,461,101.966465,12.745808125,78.457167265728,0.22305164218749998
8,2,462,102.068341,12.758542625,78.37885794577576,0.2232744959375
8,2,463,102.17557,12.77194625,78.29660260275524,0.22350905937499999
8,2,464,101.73806,12.7172575,78.63330596239008,0.22255200625000002
8,2,465,101.950261,12.743782625,78.4696372675299,0.2230161959375
8,2,466,102.223743,12.777967875,78.25970528197152,0.2236144378125
8,2,467,103.111948,12.8889935,77.5855771825783,0.22555738625000002
8,2,468,103.045873,12.880734125,77.63532655014724,0.22541284718750002
8,2,469,102.127039,12.765879875,78.33380932546179,0.22340289781249997
8,2,470,103.041335,12.880166875,77.63874565483842,0.2254029203125
8,2,471,102.86815,12.85851875,77.7694553659223,0.225024078125
8,2,472,102.416514,12.80206425,78.11240284940766,0.224036124375
8,2,473,101.920379,12.740047375,78.49264375282593,0.2229508290625
8,2,474,101.86351,12.73293875,78.53646511886346,0.222826428125
8,2,475,101.395274,12.67440925,78.89914080216401,0.221802161875
8,2,476,102.59632,12.82454,77.97550633395038,0.22442945
8,2,477,101.741836,12.7177295,78.6303876018121,0.22256026625
8,2,478,102.536323,12.817040375,78.0211320821403,0.2242982065625
8,2,479,101.582792,12.697849,78.75349596612782,0.22221235749999999
8,2,480,103.17404,12.896755,77.53888478148184,0.22569321250000002
8,2,481,101.680571,12.710071375,78.6777643095651,0.2224262490625
8,2,482,99.84735,12.48091875,80.12230670117935,0.21841607812500002
8,2,483,101.024472,12.628059,79.18873359714267,0.22099103250000002
8,2,484,101.90957,12.73869625,78.50096904539976,0.222927184375
8,2,485,101.237569,12.654696125,79.0220476353003,0.2214571821875
8,2,486,101.270384,12.658798,78.99644184226653,0.22152896500000002
8,2,487,100.894673,12.611834125,79.29060833568488,0.22070709718749998
8,2,488,98.819863,12.352482875,80.9553844453316,0.2161684503125
8,2,489,99.14002,12.3925025,80.69395184709464,0.21686879375
8,2,490,100.958406,12.61980075,79.24055377815692,0.220846513125
8,2,491,102.635294,12.82941175,77.94589646715485,0.224514705625
8,2,492,100.396309,12.549538625,79.684204326675,0.2196169259375
8,2,493,99.90174,12.4877175,80.07868531619168,0.21853505625
8,2,494,100.046285,12.505785625,79.96298913048096,0.2188512484375
8,2,495,103.015185,12.876898125,77.6584539454062,0.22534571718750002
8,2,496,103.063865,12.882983125,77.62177364491424,0.22545220468750002
8,2,497,103.985008,12.998126,76.93416727919087,0.22746720499999998
8,2,498,111.880681,13.985085125,71.50474888510914,0.2447389896875
8,2,499,104.726884,13.0908605,76.38917243064351,0.22909005875
8,2,500,103.362693,12.920336625,77.39736425017487,0.2261058909375
8,3,1,103.496349,12.937043625,77.29741268457693,0.2263982634375
8,3,2,102.777995,12.847249375,77.8376733268634,0.22482686406250002
8,3,3,102.947246,12.86840575,77.70970386133496,0.225197100625
8,3,4,102.910421,12.863802625,77.73751115059572,0.2251165459375
8,3,5,103.872856,12.984107,77.01723345317471,0.22722187249999998
8,3,6,103.413114,12.92663925,77.35962771607478,0.22621618687499997
8,3,7,103.925682,12.99071025,76.97808516666747,0.227337429375
8,3,8,103.326721,12.915840125,77.42430924523386,0.22602720218750003
8,3,9,103.075777,12.884472125,77.61280324862358,0.2254782621875
8,3,10,102.720587,12.840073375,77.88117488074714,0.22470128406249998
8,3,11,102.187287,12.773410875,78.28762495671306,0.2235346903125
8,3,12,102.500882,12.81261025,78.04810889334591,0.224220679375
8,3,13,103.044463,12.880557875,77.63638886642556,0.2254097628125
8,3,14,102.703112,12.837889,77.89442641231747,0.2246630575
8,3,15,102.274752,12.784344,78.22067366147218,0.22372602
8,3,16,103.651263,12.956407875,77.18188634131742,0.22673713781250002
8,3,17,102.939892,12.8674865,77.71525542303851,0.22518101375
8,3,18,102.914959,12.864369875,77.73408334156748,0.2251264728125
8,3,19,102.718177,12.839772125,77.88300214868495,0.22469601218750002
8,3,20,102.629338,12.82866725,77.95041998614471,0.22450167687500003
8,3,21,101.548337,12.693542125,78.78021675529753,0.22213698718750002
8,3,22,99.403515,12.425439375,80.48005143480087,0.2174451890625
8,3,23,100.44311,12.55538875,79.64707584223547,0.21971930312500002
8,3,24,100.495646,12.56195575,79.60543882667315,0.219834225625
8,3,25,100.296969,12.537121125,79.7631282357097,0.21939961968750002
8,3,26,99.729909,12.466238625,80.2166579736877,0.2181591759375
8,3,27,100.887794,12.61097425,79.29601473890885,0.220692049375
8,3,28,99.937714,12.49221425,80.04985985570973,0.218613749375
8,3,29,101.403376,12.675422,78.89283686176287,0.221819885
8,3,30,101.45349,12.68168625,78.85386692956546,0.221929509375
8,3,31,102.013268,12.7516585,78.4211716460255,0.22315402374999999
8,3,32,103.046727,12.880840875,77.6346831471901,0.2254147153125
8,3,33,102.614225,12.826778125,77.96190050648435,0.2244686171875
8,3,34,102.145692,12.7682115,78.31950465419531,0.22344370125000002
8,3,35,102.688734,12.83609175,77.90533282842888,0.22463160562499998
8,3,36,102.423386,12.80292325,78.1071619717786,0.22405115687499996
8,3,37,102.763137,12.845392125,77.84892748067821,0.2247943621875
8,3,38,101.906615,12.738326875,78.50324534869497,0.22292072031250001
8,3,39,102.197803,12.774725375,78.27956927802059,0.22355769406249998
8,3,40,100.403073,12.550384125,79.67883612486641,0.2196317221875
8,3,41,100.091481,12.511435125,79.92688208899617,0.2189501146875
8,3,42,101.478649,12.684831125,78.83431715769098,0.2219845446875
8,3,43,101.445337,12.680667125,78.86020428913356,0.22191167468749998
8,3,44,100.134969,12.516871125,79.89217033661836,0.2190452446875
8,3,45,101.924577,12.740572125,78.48941085131999,0.2229600121875
8,3,46,102.049447,12.756180875,78.39336944177658,0.2232331653125
8,3,47,101.341845,12.667730625,78.94073765876277,0.22168528593750003
8,3,48,97.841682,12.23021025,81.76474316948067,0.21402867937500003
8,3,49,98.362787,12.295348375,81.331571054407,0.2151685965625
8,3,50,97.621571,12.202696375,81.94910118789217,0.2135471865625
8,3,51,100.851643,12.606455375,79.32443896823774,0.2206129690625
8,3,52,101.167723,12.645965375,79.07660430392409,0.2213043940625
8,3,53,99.761848,12.470231,80.19097641414983,0.2182290425
8,3,54,96.807214,12.10090175,82.6384694843093,0.21176578062499998
8,3,55,95.213954,11.90174425,84.0212979706735,0.208280524375
8,3,56,96.743541,12.092942625,82.69285905092104,0.2116264959375
8,3,57,95.114514,11.88931425,84.10914027274534,0.208062999375
8,3,58,95.31304,11.91413,83.93395069551867,0.208497275
8,3,59,96.790854,12.09885675,82.65243738835076,0.211729993125
8,3,60,96.951574,12.11894675,82.51542156499697,0.21208156812499998
8,3,61,98.959993,12.369999125,80.84074945316539,0.21647498468749998
8,3,62,96.963272,12.120409,82.50546660595364,0.2121071575
8,3,63,100.371957,12.546494625,79.70353711445519,0.2195636559375
8,3,64,100.180999,12.522624875,79.85546241158964,0.2191459353125
8,3,65,96.861638,12.10770475,82.59203710761116,0.211884833125
8,3,66,97.765798,12.22072475,81.82820744735291,0.213862683125
8,3,67,98.739787,12.342473375,81.02103764918998,0.2159932840625
8,3,68,95.203882,11.90048525,84.03018692031908,0.20825849187499998
8,3,69,95.536798,11.94209975,83.73736787787256,0.208986745625
8,3,70,97.089726,12.13621575,82.39800779744708,0.212383775625
8,3,71,96.779588,12.0974485,82.66205886307348,0.21170534875000002
8,3,72,97.317784,12.164723,82.20491333834728,0.21288265250000002
8,3,73,95.719615,11.964951875,83.57743603544581,0.20938665781250002
8,3,74,96.683688,12.085461,82.7440508889152,0.2114955675
8,3,75,97.194016,12.149252,82.30959403920504,0.21261191000000002
8,3,76,96.382069,12.047758625,83.00299094015091,0.2108357759375
8,3,77,94.975038,11.87187975,84.23265911196582,0.207757895625
8,3,78,95.99695,11.99961875,83.33598098689593,0.20999332812500002
8,3,79,97.865967,12.233245875,81.74445361583155,0.2140818028125
8,3,80,96.716974,12.08962175,82.71557379369624,0.21156838062499997
8,3,81,97.741287,12.217660875,81.84872785642776,0.2138090653125
8,3,82,97.394993,12.174374125,82.13974613664175,0.2130515471875
8,3,83,96.798064,12.099758,82.64628102479405,0.211745765
8,3,84,97.019716,12.1274645,82.45746668646196,0.21223062874999998
8,3,85,96.762684,12.0953355,82.67649954811094,0.21166837125
8,3,86,95.324944,11.915618,83.92346918137187,0.208523315
8,3,87,93.596727,11.699590875,85.47307428816394,0.20474284031249998
8,3,88,94.786351,11.848293875,84.40033734392836,0.2073451428125
8,3,89,95.828095,11.978511875,83.48282411332501,0.2096239578125
8,3,90,95.731315,11.966414375,83.56722144681707,0.20941225156249998
8,3,91,98.752236,12.3440295,81.01082389668625,0.21602051625
8,3,92,99.753766,12.46922075,80.19747344676692,0.218211363125
8,3,93,98.376351,12.297043875,81.3203571659209,0.2151982678125
8,3,94,101.265435,12.658179375,79.00030252178347,0.22151813906249998
8,3,95,101.68953,12.71119125,78.67083268061127,0.222445846875
8,3,96,101.413722,12.67671525,78.88478839185095,0.221842516875
8,3,97,102.089424,12.761178,78.36267153392892,0.22332061499999997
8,3,98,97.821159,12.227644875,81.7818975136044,0.21398378531249998
8,3,99,99.157108,12.3946385,80.68004565038343,0.21690617375
8,3,100,98.418119,12.302264875,81.28584534317304,0.2152896353125
8,3,101,98.828211,12.353526375,80.94854615955762,0.2161867115625
8,3,102,97.585086,12.19813575,81.97974022382887,0.213467375625
8,3,103,97.587428,12.1984285,81.97777279261832,0.21347249875
8,3,104,95.74212,11.967765,83.55779044792406,0.2094358875
8,3,105,99.728208,12.466026,80.21802617770892,0.218155455
8,3,106,95.681155,11.960144375,83.61103082419939,0.2093025265625
8,3,107,99.364448,12.420556,80.51169367941338,0.21735972999999997
8,3,108,99.894806,12.48685075,80.08424381944343,0.218519888125
8,3,109,99.801775,12.475221875,80.15889496955339,0.21831638281250001
8,3,110,98.92003,12.36500375,80.8734085503209,0.21638756562499997
8,3,111,98.402853,12.300356625,81.29845584863277,0.2152562409375
8,3,112,97.878189,12.234773625,81.73424622721615,0.21410853843750002
8,3,113,99.658935,12.457366875,80.27378578749612,0.2180039203125
8,3,114,98.464085,12.308010625,81.24789866274592,0.2153901859375
8,3,115,98.474051,12.309256375,81.23967602388979,0.2154119865625
8,3,116,100.112358,12.51404475,79.9102144812132,0.218995783125
8,3,117,100.211265,12.526408125,79.83134431044255,0.21921214218750001
8,3,118,100.156176,12.519522,79.87525402327661,0.219091635
8,3,119,100.556383,12.569547875,79.55735639377562,0.2199670878125
8,3,120,101.442164,12.6802705,78.86267095011893,0.22190473375000003
8,3,121,102.59019,12.82377375,77.98016554994194,0.22441604062500004
8,3,122,103.491971,12.936496375,77.30068258145359,0.22638868656250002
8,3,123,101.895015,12.736876875,78.51218236731208,0.22289534531250002
8,3,124,101.398148,12.6747685,78.89690450756555,0.22180844875000003
8,3,125,101.213552,12.651694,79.0407988052825,0.221404645
8,3,126,100.92974,12.6162175,79.26305962940161,0.22078380625
8,3,127,99.369733,12.421216625,80.50741164817259,0.2173712909375
8,3,128,97.739974,12.21749675,81.84982737973718,0.21380619312500002
8,3,129,98.670401,12.333800125,81.07801244265744,0.2158415021875
8,3,130,100.145381,12.518172625,79.88386403962056,0.2190680209375
8,3,131,101.397811,12.674726375,78.89716672483196,0.2218077115625
8,3,132,100.928326,12.61604075,79.26417010027492,0.220780713125
8,3,133,99.218618,12.40232725,80.63002852952457,0.217040726875
8,3,134,98.612239,12.326529875,81.12583266667335,0.21571427281250002
8,3,135,100.054243,12.506780375,79.95662912566337,0.2188686565625
8,3,136,97.732985,12.216623125,81.85568055656952,0.21379090468749998
8,3,137,100.149054,12.51863175,79.88093427222987,0.21907605562500002
8,3,138,100.727798,12.59097475,79.4219685016841,0.22034205812500002
8,3,139,99.852875,12.481609375,80.11787342127106,0.2184281640625
8,3,140,99.250993,12.406374125,80.60372756169805,0.21711154718749998
8,3,141,100.261678,12.53270975,79.79120397326683,0.21932242062500001
8,3,142,99.761487,12.470185875,80.1912665956954,0.21822825281250002
8,3,143,100.412617,12.551577125,79.67126282546745,0.21965259968749998
8,3,144,101.165554,12.64569425,79.07829971454512,0.221299649375
8,3,145,100.363892,12.5454865,79.7099418982277,0.21954601375000002
8,3,146,98.198122,12.27476525,81.46795312439886,0.21480839187499998
8,3,147,97.957187,12.244648375,81.66833128844338,0.2142813465625
8,3,148,98.503574,12.31294675,81.21532727330279,0.215476568125
8,3,149,100.537524,12.5671905,79.5722798982,0.21992583375000002
8,3,150,98.547369,12.318421125,81.1792347292397,0.21557236968750002
8,3,151,100.479605,12.559950625,79.61814738423783,0.2197991359375
8,3,152,98.645702,12.33071275,81.09831282867245,0.215787473125
8,3,153,95.30284,11.912855,83.94293391466613,0.2084749625
8,3,154,97.087014,12.13587675,82.40030947908234,0.212377843125
8,3,155,98.041917,12.255239625,81.5977517045082,0.2144666934375
8,3,156,96.595358,12.07441975,82.81971479416225,0.21130234562500003
8,3,157,98.164024,12.270503,81.49625162065483,0.2147338025
8,3,158,97.037844,12.1297305,82.44206250089397,0.21227028375
8,3,159,94.880677,11.860084625,84.31643041501484,0.2075514809375
8,3,160,94.835666,11.85445825,84.3564487647506,0.207453019375
8,3,161,95.994286,11.99928575,83.33829369802282,0.209987500625
8,3,162,97.459307,12.182413375,82.08554160968947,0.21319223406249999
8,3,163,95.55969,11.94496125,83.71730799880159,0.20903682187500003
8,3,164,95.967929,11.995991125,83.36118204655641,0.2099298446875
8,3,165,99.053846,12.38173075,80.76415326669901,0.21668028812499998
8,3,166,100.237819,12.529727375,79.81019618952404,0.2192702290625
8,3,167,101.229445,12.653680625,79.02838941772328,0.2214394109375
8,3,168,97.301156,12.1626445,82.21896150956316,0.21284627875
8,3,169,95.658572,11.9573215,83.6307696502097,0.20925312625
8,3,170,93.961399,11.745174875,85.14134618195712,0.20554056031249998
8,3,171,95.802623,11.975327875,83.50502052537747,0.2095682378125
8,3,172,98.826454,12.35330675,80.9499853146608,0.216182868125
8,3,173,96.202309,12.025288625,83.15808719310469,0.2104425509375
8,3,174,96.753198,12.09414975,82.68460542255151,0.211647620625
8,3,175,99.0055,12.3756875,80.80359171965195,0.21657453125
8,3,176,99.265751,12.408218875,80.5917440749529,0.2171438303125
8,3,177,98.637113,12.329639125,81.10537460681762,0.21576868468750002
8,3,178,100.748735,12.593591875,79.405463502842,0.22038785781249998
8,3,179,101.213179,12.651647375,79.0410900936132,0.2214038290625
8,3,180,100.776521,12.597065125,79.3835699091061,0.22044863968750003
8,3,181,100.759207,12.594900875,79.39721081766751,0.2204107653125
8,3,182,100.758161,12.594770125,79.3980350633831,0.2204084771875
8,3,183,101.320865,12.665108125,78.95708351877967,0.2216393921875
8,3,184,101.871771,12.733971375,78.53009642877417,0.22284449906249998
8,3,185,100.632864,12.579108,79.49689278444862,0.22013438999999999
8,3,186,100.887003,12.610875375,79.29663645573851,0.2206903190625
8,3,187,100.011966,12.50149575,79.99042834534418,0.218776175625
8,3,188,98.625436,12.3281795,81.11497727624749,0.21574314125
8,3,189,96.905897,12.113237125,82.55431555419172,0.21198164968749997
8,3,190,99.338099,12.417262375,80.53304905703904,0.21730209156250002
8,3,191,101.008973,12.626121625,79.20088446003703,0.22095712843749998
8,3,192,100.627116,12.5783895,79.50143378848301,0.22012181625
8,3,193,99.425956,12.4282445,80.46188663250068,0.21749427875000002
8,3,194,100.446146,12.55576825,79.6446684972861,0.21972594437499998
8,3,195,99.78522,12.4731525,80.17219383792511,0.21828016875
8,3,196,99.410908,12.4263635,80.47406628656887,0.21746136125
8,3,197,99.551594,12.44394925,80.36034058882072,0.217769111875
8,3,198,100.64721,12.58090125,79.48556149743247,0.220165771875
8,3,199,101.593453,12.699181625,78.74523174244308,0.22223567843749997
8,3,200,101.244773,12.655596625,79.01642487755886,0.2214729409375
8,3,201,100.581013,12.572626625,79.53787460860033,0.2200209659375
8,3,202,100.822402,12.60280025,79.34744502516416,0.22054900437499997
8,3,203,100.268839,12.533604875,79.78550544501667,0.2193380853125
8,3,204,101.701256,12.712657,78.66176205336146,0.2224714975
8,3,205,101.563048,12.695381,78.76880575699147,0.2221691675
8,3,206,100.490789,12.561348625,79.60928637947104,0.2198236009375
8,3,207,100.991469,12.623933625,79.2146116817055,0.2209188384375
8,3,208,100.830911,12.603863875,79.34074898916663,0.2205676178125
8,3,209,100.63819,12.57977375,79.49268562958059,0.22014604062499998
8,3,210,100.510978,12.56387225,79.59329576914475,0.21986776437499997
8,3,211,100.553588,12.5691985,79.55956777991851,0.21996097375
8,3,212,101.128096,12.641012,79.10759043658847,0.22121771
8,3,213,102.025638,12.75320475,78.41166354676459,0.223181083125
8,3,214,101.400901,12.675112625,78.89476248342211,0.2218144709375
8,3,215,100.958279,12.619784875,79.24065345844495,0.2208462353125
8,3,216,101.04991,12.63123875,79.16879886384858,0.221046678125
8,3,217,99.724805,12.465600625,80.22076353019692,0.2181480109375
8,3,218,99.271615,12.408951875,80.58698349976477,0.2171566578125
8,3,219,96.771299,12.096412375,82.66913932818035,0.2116872165625
8,3,220,98.864575,12.358071875,80.9187719666018,0.21626625781250003
8,3,221,96.515693,12.064461625,82.88807499936824,0.2111280784375
8,3,222,94.263807,11.782975875,84.8682039756786,0.2062020778125
8,3,223,96.424259,12.053032375,82.966673355509,0.21092806656250002
8,3,224,96.883563,12.110445375,82.57334631675344,0.21193279406249999
8,3,225,98.996901,12.374612625,80.81061042506775,0.21655572093749997
8,3,226,95.708041,11.963505125,83.58754307801578,0.20936133968749998
8,3,227,93.864665,11.733083125,85.22909020130206,0.2053289546875
8,3,228,95.49873,11.93734125,83.77074752721843,0.20890347187499997
8,3,229,97.398593,12.174824125,82.1367101268085,0.2130594221875
8,3,230,98.553656,12.319207,81.17405608981163,0.2155861225
8,3,231,97.917691,12.239711375,81.70127295995981,0.2141949490625
8,3,232,98.034225,12.254278125,81.60415405946239,0.21444986718750003
8,3,233,97.26195,12.15774375,82.25210372607171,0.212760515625
8,3,234,99.887136,12.485892,80.0903932214054,0.21850311
8,3,235,100.07084,12.508855,79.94336811802519,0.21890496250000002
8,3,236,100.424871,12.553108875,79.66154121323193,0.2196794053125
8,3,237,100.535557,12.566944625,79.57383674713216,0.2199215309375
8,3,238,99.660625,12.457578125,80.2724245407853,0.2180076171875
8,3,239,96.777818,12.09722725,82.66357069550793,0.211701476875
8,3,240,95.959952,11.994994,83.36811173061028,0.209912395
8,3,241,95.281874,11.91023425,83.96140487329205,0.20842909937499998
8,3,242,95.159591,11.894948875,84.06929785984472,0.2081616053125
8,3,243,97.082675,12.135334375,82.40399226741538,0.21236835156249997
8,3,244,98.27771,12.28471375,81.40197812912002,0.214982490625
8,3,245,95.789791,11.973723875,83.5162068575763,0.20954016781249998
8,3,246,95.287931,11.910991375,83.95606784661952,0.2084423490625
8,3,247,94.605666,11.82570825,84.56153144146778,0.206949894375
8,3,248,95.171614,11.89645175,84.05867741194344,0.208187905625
8,3,249,94.085889,11.760736125,85.0286911781213,0.2058128821875
8,3,250,94.979698,11.87246225,84.22852639518815,0.207768089375
8,3,251,95.573791,11.946723875,83.70495630962257,0.2090676678125
8,3,252,96.136151,12.017018875,83.21531408096419,0.2102978303125
8,3,253,95.548094,11.94351175,83.7274681795327,0.20901145562500004
8,3,254,94.881948,11.8602435,84.31530094639288,0.20755426124999998
8,3,255,95.35656,11.91957,83.89564388648247,0.208592475
8,3,256,96.177404,12.0221755,83.17962085980196,0.21038807125
8,3,257,95.481354,11.93516925,83.78599239386573,0.208865461875
8,3,258,94.129951,11.766243875,84.98888945559952,0.20590926781250002
8,3,259,93.774049,11.721756125,85.31144901293534,0.2051307321875
8,3,260,95.481319,11.935164875,83.78602310678176,0.20886538531249998
8,3,261,95.616896,11.952112,83.6672213245659,0.20916195999999998
8,3,262,92.457983,11.557247875,86.52578977415071,0.20225183781249997
8,3,263,92.812513,11.601564125,86.19527412214342,0.2030273721875
8,3,264,94.692658,11.83658225,84.4838466779547,0.20714018937499998
8,3,265,92.833748,11.6042185,86.17555762156668,0.20307382375
8,3,266,92.3577,11.5447125,86.61974042229289,0.20203246875
8,3,267,93.757062,11.71963275,85.3269058281711,0.205093573125
8,3,268,94.390912,11.798864,84.75392207249783,0.20648012
8,3,269,94.080294,11.76003675,85.03374787498007,0.205800643125
8,3,270,93.861831,11.732728875,85.23166355022417,0.2053227553125
8,3,271,95.401504,11.925188,83.85612033957032,0.20869079
8,3,272,94.374938,11.79686725,84.76826760935197,0.206445176875
8,3,273,93.277714,11.65971425,85.76539515108614,0.204044999375
8,3,274,95.303637,11.912954625,83.94223192132742,0.20847670593749998
8,3,275,93.019843,11.627480375,86.00315526225948,0.2034809065625
8,3,276,96.533212,12.0666515,82.87303234041357,0.21116640125
8,3,277,96.871376,12.108922,82.58373453887968,0.211906135
8,3,278,96.126019,12.015752375,83.22408525000917,0.2102756665625
8,3,279,93.504318,11.68803975,85.55754612316406,0.204540695625
8,3,280,93.001642,11.62520525,86.01998661485997,0.203441091875
8,3,281,93.33191,11.66648875,85.7155928770771,0.20416355312499998
8,3,282,94.976744,11.872093,84.23114610035483,0.2077616275
8,3,283,95.594204,11.9492755,83.68708211640111,0.20911232125
8,3,284,92.544272,11.568034,86.44511245385343,0.202440595
8,3,285,93.67075,11.70884375,85.40552947424891,0.20490476562499998
8,3,286,93.095885,11.636985625,85.93290670151534,0.20364724843749998
8,3,287,93.674537,11.709317125,85.40207676713683,0.20491304968750002
8,3,288,97.224745,12.153093125,82.28357914438345,0.2126791296875
8,3,289,93.385723,11.673215375,85.66619974661437,0.2042812690625
8,3,290,93.441203,11.680150375,85.61533609536255,0.2044026315625
8,3,291,93.424387,11.678048375,85.63074649877018,0.2043658465625
8,3,292,96.643947,12.080493375,82.77807610651499,0.2114086340625
8,3,293,93.409952,11.676244,85.6439793481534,0.20433427
8,3,294,93.655464,11.706933,85.41946895912021,0.20487132749999998
8,3,295,94.273033,11.784129125,84.85989837624085,0.2062222596875
8,3,296,96.807363,12.100920375,82.63834229220768,0.2117661065625
8,3,297,94.667398,11.83342475,84.50638941190715,0.207084933125
8,3,298,94.66625,11.83328125,84.50741420516815,0.20708242187500003
8,3,299,93.462233,11.682779125,85.59607173092046,0.2044486346875
8,3,300,93.981939,11.747742375,85.12273831677382,0.20558549156249997
8,3,301,95.558784,11.944848,83.71810172887926,0.20903484
8,3,302,94.697512,11.837189,84.47951620946493,0.2071508075
8,3,303,91.357361,11.419670125,87.56820372690056,0.1998442271875
8,3,304,92.71848,11.58981,86.2826914332504,0.202821675
8,3,305,93.98486,11.7481075,85.12009274685306,0.20559188125
8,3,306,94.546182,11.81827275,84.61473357009804,0.20681977312500002
8,3,307,94.297225,11.787153125,84.83812752708259,0.20627517968749998
8,3,308,92.636384,11.579548,86.35915667865447,0.20264209000000002
8,3,309,95.500666,11.93758325,83.76904931741524,0.20890770687500002
8,3,310,95.131811,11.891476375,84.09384743027756,0.2081008365625
8,3,311,94.539672,11.817459,84.6205601390282,0.2068055325
8,3,312,92.694354,11.58679425,86.30514863936588,0.202768899375
8,3,313,92.98442,11.6230525,86.03591870552077,0.20340341875
8,3,314,92.731513,11.591439125,86.27056478632026,0.20285018468750002
8,3,315,97.521576,12.190197,82.03312875091355,0.2133284475
8,3,316,95.816051,11.977006375,83.49331783669523,0.20959761156249998
8,3,317,94.987921,11.873490125,84.22123482416254,0.2077860771875
8,3,318,93.436287,11.679535875,85.61984060860638,0.20439187781249998
8,3,319,93.201186,11.65014825,85.83581758283633,0.203877594375
8,3,320,92.653473,11.581684125,86.34322860191112,0.20267947218750001
8,3,321,92.414352,11.551794,86.56664064473449,0.202156395
8,3,322,95.170961,11.896370125,84.0592541668251,0.2081864771875
8,3,323,96.820924,12.1026155,82.62676774288995,0.21179577125000001
8,3,324,93.527884,11.6909855,85.53598839037136,0.20459224625
8,3,325,93.502034,11.68775425,85.55963606096526,0.204535699375
8,3,326,96.240965,12.030120625,83.12468604195729,0.2105271109375
8,3,327,96.17485,12.02185625,83.18182976110698,0.210382484375
8,3,328,94.066666,11.75833325,85.04606722215499,0.205770831875
8,3,329,95.292886,11.91161075,83.95170233379227,0.208453188125
8,3,330,95.177774,11.89722175,84.05323705091065,0.20820138062500002
8,3,331,93.846902,11.73086275,85.24522205325435,0.205290098125
8,3,332,93.101557,11.637694625,85.92767143518341,0.2036596559375
8,3,333,96.219349,12.027418625,83.14336028193249,0.21047982593749998
8,3,334,95.800754,11.97509425,83.50664964494956,0.209564149375
8,3,335,94.183097,11.772887125,84.94093159837374,0.2060255246875
8,3,336,93.794522,11.72431525,85.29282765575584,0.205175516875
8,3,337,95.612257,11.951532125,83.67128076476638,0.2091518121875
8,3,338,96.86713,12.10839125,82.58735445140162,0.211896846875
8,3,339,96.667036,12.0833795,82.7583044958573,0.21145914124999998
8,3,340,95.738066,11.96725825,83.56132867776962,0.20942701937500002
8,3,341,96.084089,12.010511125,83.26040329112138,0.2101839446875
8,3,342,94.989846,11.87373075,84.21952805355637,0.207790288125
8,3,343,96.70811,12.08851375,82.72315527622244,0.21154899062500002
8,3,344,98.940228,12.3675285,80.85689877326743,0.21643174874999999
8,3,345,96.316343,12.039542875,83.05963194636657,0.2106920003125
8,3,346,98.897836,12.3622295,80.89155762720632,0.21633901625
8,3,347,97.821032,12.227629,81.78200369016757,0.2139835075
8,3,348,98.80919,12.35114875,80.96412894387657,0.216145103125
8,3,349,95.370614,11.92132675,83.8832808604965,0.20862321812499998
8,3,350,94.588275,11.823534375,84.57707892442272,0.2069118515625
8,3,351,94.281089,11.785136125,84.85264738509755,0.2062398821875
8,3,352,95.200285,11.900035625,84.03336187491456,0.2082506234375
8,3,353,95.241346,11.90516825,83.99713292586185,0.208340444375
8,3,354,94.544088,11.818011,84.61660765081366,0.2068151925
8,3,355,95.221613,11.902701625,84.01453985031738,0.2082972784375
8,3,356,95.000448,11.875056,84.21012919854861,0.20781348000000002
8,3,357,94.280745,11.785093125,84.85295698501322,0.2062391296875
8,3,358,93.969857,11.746232125,85.1336828149052,0.20555906218750003
8,3,359,94.618834,11.82735425,84.5497631053031,0.20697869937500002
8,3,360,94.585091,11.823136375,84.57992602660813,0.20690488656250003
8,3,361,93.000824,11.625103,86.02074321406013,0.2034393025
8,3,362,95.506004,11.9382505,83.76436731663487,0.20891938375000002
8,3,363,94.086119,11.760764875,85.02848331962763,0.2058133853125
8,3,364,93.856721,11.732090125,85.23630396165237,0.20531157718749998
8,3,365,93.764654,11.72058175,85.31999702147891,0.205110180625
8,3,366,95.833756,11.9792195,83.4778926957637,0.20963634125
8,3,367,95.075943,11.884492875,84.1432621919932,0.2079786253125
8,3,368,94.140821,11.767602625,84.9790761863018,0.2059330459375
8,3,369,93.624416,11.703052,85.44779601081838,0.20480341
8,3,370,94.139059,11.767382375,84.98066673897813,0.2059291915625
8,3,371,94.492482,11.81156025,84.66282005376894,0.20670230437499998
8,3,372,96.634859,12.079357375,82.78586094899771,0.21138875406250002
8,3,373,96.611399,12.076424875,82.8059637144888,0.21133743531250002
8,3,374,95.83155,11.97894375,83.47981432002301,0.209631515625
8,3,375,94.67527,11.83440875,84.49936292761564,0.207102153125
8,3,376,94.870794,11.85884925,84.3252139325407,0.207529861875
8,3,377,94.499922,11.81249025,84.65615453100585,0.206718579375
8,3,378,94.250745,11.781343125,84.87996567029789,0.20617350468749998
8,3,379,93.187079,11.648384875,85.84881172206289,0.2038467353125
8,3,380,93.824563,11.728070375,85.26551836964059,0.2052412315625
8,3,381,92.858218,11.60727725,86.1528486364018,0.203127351875
8,3,382,94.486944,11.810868,84.66778224936559,0.20669018999999997
8,3,383,93.815368,11.726921,85.2738753846811,0.20522111750000002
8,3,384,95.541601,11.942700125,83.73315829195703,0.2089972521875
8,3,385,97.631602,12.20395025,81.94068146090648,0.213569129375
8,3,386,93.724005,11.715500625,85.35700112260461,0.2050212609375
8,3,387,94.070211,11.758776375,85.04286229356921,0.2057785865625
8,3,388,93.095413,11.636926625,85.93334238712707,0.20364621593749999
8,3,389,93.904004,11.7380005,85.19338536405753,0.20541500875
8,3,390,93.263739,11.657967375,85.77824657019165,0.2040144290625
8,3,391,93.589798,11.69872475,85.47940235964607,0.204727683125
8,3,392,94.426862,11.80335775,84.72165473422172,0.206558760625
8,3,393,93.683288,11.710411,85.39409931897352,0.20493219250000003
8,3,394,91.384043,11.423005375,87.54263586258708,0.19990259406250002
8,3,395,94.710288,11.838786,84.46812029544245,0.20717875500000002
8,3,396,94.576512,11.822064,84.58759824003661,0.20688611999999998
8,3,397,94.309904,11.788738,84.82672191035206,0.206302915
8,3,398,94.862053,11.857756625,84.33298402259963,0.2075107409375
8,3,399,95.6967,11.9620875,83.59744902384303,0.20933653125
8,3,400,97.666383,12.208297875,81.91150070541673,0.2136452128125
8,3,401,94.259641,11.782455125,84.87195490167419,0.2061929646875
8,3,402,93.19041,11.64880125,85.8457431403081,0.203854021875
8,3,403,94.734477,11.841809625,84.44655265263142,0.2072316684375
8,3,404,93.396532,11.6745665,85.65628539612158,0.20430491374999998
8,3,405,92.889927,11.611240875,86.12343941232724,0.2031967153125
8,3,406,95.544786,11.94309825,83.73036703436648,0.209004219375
8,3,407,97.025545,12.128193125,82.45251289235222,0.21224337968749998
8,3,408,94.518178,11.81477225,84.63980336142323,0.206758514375
8,3,409,93.743201,11.717900125,85.33952238306861,0.2050632521875
8,3,410,93.388954,11.67361925,85.6632359325922,0.204288336875
8,3,411,94.792932,11.8491165,84.39447784988864,0.20735953875
8,3,412,95.145533,11.893191625,84.08171931729049,0.2081308534375
8,3,413,96.382364,12.0477955,83.00273689074487,0.21083642125
8,3,414,96.762309,12.095288625,82.67681995889535,0.2116675509375
8,3,415,95.806512,11.975814,83.50163087035253,0.20957674499999998
8,3,416,95.272967,11.909120875,83.96925436362237,0.2084096153125
8,3,417,97.632828,12.2041035,81.93965251114102,0.21357181125
8,3,418,97.846662,12.23083275,81.76058167421183,0.21403957312499997
8,3,419,96.003842,12.00048025,83.3299983973558,0.210008404375
8,3,420,94.301343,11.787667875,84.83442277168841,0.2062841878125
8,3,421,94.976106,11.87201325,84.23171192131208,0.207760231875
8,3,422,95.521935,11.940241875,83.75039722551683,0.2089542328125
8,3,423,93.700494,11.71256175,85.37841860257427,0.20496983062500002
8,3,424,94.142077,11.767759625,84.97794243481583,0.2059357934375
8,3,425,93.975369,11.746921125,85.12868941222247,0.20557111968750003
8,3,426,97.943057,12.242882125,81.68011337444777,0.21425043718749998
8,3,427,96.464371,12.058046375,82.93217399406461,0.21101581156250002
8,3,428,94.799461,11.849932625,84.38866545876249,0.2073738209375
8,3,429,95.570301,11.946287625,83.70801301546597,0.20906003343750001
8,3,430,94.772561,11.846570125,84.41261812055497,0.2073149771875
8,3,431,94.184253,11.773031625,84.93988904918108,0.2060280534375
8,3,432,93.530482,11.69131025,85.53361245374528,0.20459792937500001
8,3,433,94.159865,11.769983125,84.96188901715185,0.20597470468749998
8,3,434,95.564427,11.945553375,83.7131582445422,0.20904718406249997
8,3,435,93.984371,11.748046375,85.12053562607767,0.2055908115625
8,3,436,93.625822,11.70322775,85.44651282207167,0.204806485625
8,3,437,95.689717,11.961214625,83.60354958516598,0.2093212559375
8,3,438,95.897719,11.987214875,83.42221361907472,0.2097762603125
8,3,439,94.635052,11.8293815,84.53527346294479,0.20701417625
8,3,440,94.024249,11.753031125,85.08443391023522,0.2056780446875
8,3,441,98.243197,12.280399625,81.43057478066396,0.21490699343749997
8,3,442,94.428444,11.8035555,84.72023535620262,0.20656222124999998
8,3,443,94.631412,11.8289265,84.5385251146839,0.20700621375
8,3,444,94.169206,11.77115075,84.95346132577565,0.205995138125
8,3,445,98.078284,12.2597855,81.5674956140138,0.21454624625
8,3,446,98.014816,12.251852,81.6203134024146,0.21440741
8,3,447,98.46872,12.30859,81.24407426033363,0.215400325
8,3,448,95.627541,11.953442625,83.65790771510062,0.2091852459375
8,3,449,96.073848,12.009231,83.26927844089268,0.2101615425
8,3,450,95.963122,11.99539025,83.365357788172,0.209919329375
8,3,451,96.259864,12.032483,83.10836591250535,0.21056845249999998
8,3,452,94.947128,11.868391,84.25741956091605,0.2076968425
8,3,453,95.596082,11.94951025,83.68543807056862,0.209116429375
8,3,454,96.916998,12.11462475,82.54485967466718,0.21200593312500002
8,3,455,98.907621,12.363452625,80.88355496893409,0.21636042093750002
8,3,456,96.745263,12.093157875,82.691387174171,0.21163026281249997
8,3,457,96.496006,12.06200075,82.90498572552319,0.211085013125
8,3,458,97.628112,12.203514,81.94361066820589,0.21356149500000002
8,3,459,95.457398,11.93217475,83.8070193365212,0.208813058125
8,3,460,98.347829,12.293478625,81.34394100351722,0.2151358759375
8,3,461,98.423589,12.302948625,81.2813277922633,0.2153016009375
8,3,462,99.34634,12.4182925,80.52636866139206,0.21732011875
8,3,463,98.232728,12.279091,81.4392531173521,0.21488409249999998
8,3,464,98.525107,12.315638375,81.19757738502126,0.2155236715625
8,3,465,97.863254,12.23290675,81.74671976470351,0.214075868125
8,3,466,98.022936,12.252867,81.61355215885392,0.2144251725
8,3,467,96.052969,12.006621125,83.2873786545838,0.2101158696875
8,3,468,94.94331,11.86791375,84.26080784417564,0.207688490625
8,3,469,97.899765,12.237470625,81.7162329245632,0.2141557359375
8,3,470,96.205926,12.02574075,83.1549607453495,0.210450463125
8,3,471,94.982572,11.8728215,84.22597779306292,0.20777437625
8,3,472,95.28678,11.9108475,83.95708197926304,0.20843983124999999
8,3,473,94.867305,11.858413125,84.32831521882065,0.2075222296875
8,3,474,96.07656,12.00957,83.2669279582866,0.210167475
8,3,475,96.062728,12.007841,83.27891750065643,0.21013721750000003
8,3,476,94.96341,11.87042625,84.24297316197891,0.20773245937499998
8,3,477,95.131823,11.891477875,84.09383682261614,0.2081008628125
8,3,478,96.772135,12.096516875,82.66842516185056,0.21168904531250002
8,3,479,95.234587,11.904323375,84.00309437998612,0.20832565906250003
8,3,480,95.019718,11.87746475,84.19305138329288,0.207855633125
8,3,481,94.844378,11.85554725,84.34870014119339,0.20747207687500002
8,3,482,97.342975,12.167871875,82.18363985690802,0.2129377578125
8,3,483,94.302185,11.787773125,84.83366530690672,0.20628602968749998
8,3,484,93.024075,11.628009375,85.99924266916925,0.20349016406249998
8,3,485,96.082837,12.010354625,83.26148820938748,0.21018120593749998
8,3,486,95.998065,11.999758125,83.33501305469022,0.20999576718750002
8,3,487,94.630482,11.82881025,84.53935593395794,0.207004179375
8,3,488,94.02488,11.75311,85.08386290947674,0.20567942499999997
8,3,489,93.980088,11.747511,85.12441486541277,0.2055814425
8,3,490,93.334608,11.666826,85.71311511802782,0.204169455
8,3,491,94.665674,11.83320925,84.50792839651679,0.207081161875
8,3,492,93.923866,11.74048325,85.17536959136669,0.205458456875
8,3,493,94.91532,11.864415,84.28565588779557,0.2076272625
8,3,494,94.568122,11.82101525,84.59510277681098,0.206867766875
8,3,495,96.028594,12.00357425,83.30851954366842,0.210062549375
8,3,496,96.3671,12.0458875,83.01588405171475,0.21080303124999997
8,3,497,97.126903,12.140862875,82.36646853652896,0.2124651003125
8,3,498,96.002276,12.0002845,83.33135768572821,0.21000497875
8,3,499,94.85631,11.85703875,84.33808989618086,0.207498178125
8,3,500,98.863681,12.357960125,80.9195036951942,0.21626430218749998
8,4,1,98.663551,12.332943875,81.08364151620692,0.21582651781249998
8,4,2,100.020773,12.502596625,79.98338505142326,0.21879544093750003
8,4,3,99.311339,12.413917375,80.55474914098178,0.2172435540625
8,4,4,98.593828,12.3242285,81.14098176612028,0.21567399875
8,4,5,97.221156,12.1526445,82.28661671128454,0.21267127875
8,4,6,96.173323,12.021665375,83.18315048758376,0.2103791440625
8,4,7,96.099571,12.012446375,83.24698972901763,0.2102178115625
8,4,8,96.961637,12.120204625,82.5068578411068,0.2121035809375
8,4,9,96.831435,12.103929375,82.6177986518531,0.2118187640625
8,4,10,96.969348,12.1211685,82.50029689794347,0.21212044874999997
8,4,11,98.394321,12.299290125,81.3055054264768,0.21523757718750003
8,4,12,96.169192,12.021149,83.18672366510056,0.2103701075
8,4,13,95.555565,11.944445625,83.72092195781586,0.2090277984375
8,4,14,95.812826,11.97660325,83.49612816972959,0.209590556875
8,4,15,100.261415,12.532676875,79.79141327698198,0.21932184531249999
8,4,16,97.015243,12.126905375,82.46126848334545,0.2122208440625
8,4,17,95.752262,11.96903275,83.54894007621459,0.209458073125
8,4,18,98.93667,12.36708375,80.85980658132115,0.21642396562500002
8,4,19,95.633326,11.95416575,83.65284712569759,0.209197900625
8,4,20,95.260899,11.907612375,83.9798918966742,0.2083832165625
8,4,21,96.123175,12.015396875,83.22654760415477,0.2102694453125
8,4,22,95.441678,11.93020975,83.82082301612509,0.208778670625
8,4,23,95.582624,11.947828,83.69722095095445,0.20908698999999997
8,4,24,94.347482,11.79343525,84.79293596833882,0.206385116875
8,4,25,97.753064,12.219133,81.83886696380176,0.2138348275
8,4,26,97.443573,12.180446625,82.0987957820471,0.2131578159375
8,4,27,95.335208,11.916901,83.9144337944907,0.20854576749999998
8,4,28,95.687656,11.960957,83.60535030767186,0.2093167475
8,4,29,96.97359,12.12169875,82.49668801577832,0.21212972812500003
8,4,30,99.250763,12.406345375,80.60391434975668,0.2171110440625
8,4,31,96.71282,12.0891025,82.71912658528622,0.21155929375
8,4,32,97.289417,12.161177125,82.22888209927294,0.2128205996875
8,4,33,96.291105,12.036388125,83.08140196334854,0.2106367921875
8,4,34,98.171687,12.271460875,81.48989025725919,0.2147505653125
8,4,35,96.393995,12.049249375,82.99272169391878,0.21086186406250002
8,4,36,99.138774,12.39234675,80.69496602812538,0.216866068125
8,4,37,97.418226,12.17727825,82.12015685853281,0.21310236937500002
8,4,38,97.765998,12.22074975,81.828040051307,0.21386312062499999
8,4,39,98.78992,12.34874,80.97992183817945,0.21610295
8,4,40,95.370596,11.9213245,83.88329669241031,0.20862317875000003
8,4,41,96.230947,12.028868375,83.13333963137659,0.2105051965625
8,4,42,97.44129,12.18016125,82.10071931518969,0.213152821875
8,4,43,96.942958,12.11786975,82.5227552887338,0.212062720625
8,4,44,95.748598,11.96857475,83.55213723338278,0.209450058125
8,4,45,97.161803,12.145225375,82.33688294154031,0.2125414440625
8,4,46,95.248557,11.906069625,83.99077373949086,0.20835621843750002
8,4,47,97.09875,12.13734375,82.3903500302527,0.21240351562499998
8,4,48,101.059575,12.632446875,79.16122742451668,0.22106782031249997
8,4,49,100.366358,12.54579475,79.70798342607988,0.219551408125
8,4,50,100.837304,12.604663,79.33571885261827,0.2205816025
8,4,51,101.799445,12.724930625,78.5858901293617,0.2226862859375
8,4,52,100.934143,12.616767875,79.25960197631044,0.2207934378125
8,4,53,99.786023,12.473252875,80.17154867470768,0.21828192531249999
8,4,54,98.656586,12.33207325,81.08936589393028,0.215811281875
8,4,55,99.518526,12.43981575,80.38704271001764,0.21769677562499998
8,4,56,102.543144,12.817893,78.01594224573414,0.22431312750000001
8,4,57,101.548896,12.693612,78.77978309089643,0.22213820999999997
8,4,58,100.651656,12.581457,79.48205044932395,0.2201754975
8,4,59,98.0949,12.2618625,81.55367914132131,0.21458259375
8,4,60,99.223024,12.402878,80.62644815179188,0.217050365
8,4,61,100.173978,12.52174725,79.86105932620545,0.219130576875
8,4,62,101.435885,12.679485625,78.86755264175001,0.22189099843750001
8,4,63,101.087757,12.635969625,79.13915826621813,0.22112946843749998
8,4,64,99.828527,12.478565875,80.13741402795615,0.2183749028125
8,4,65,100.92632,12.61579,79.26574554585959,0.22077632500000002
8,4,66,99.910282,12.48878525,80.07183885238159,0.21855374187499998
8,4,67,99.08941,12.38617625,80.7351663512781,0.21675808437500002
8,4,68,100.327817,12.540977125,79.73860330281083,0.2194670996875
8,4,69,99.728107,12.466013375,80.21810741880421,0.2181552340625
8,4,70,99.202244,12.4002805,80.64333705999636,0.21700490875
8,4,71,97.079973,12.134996625,82.4062857949085,0.2123624409375
8,4,72,97.619955,12.202494375,81.95045777269615,0.2135436515625
8,4,73,99.235711,12.404463875,80.61614029248,0.21707811781249997
8,4,74,100.737452,12.5921815,79.41435723428859,0.22036317625000001
8,4,75,98.403288,12.300411,81.29809646198001,0.2152571925
8,4,76,97.380557,12.172569625,82.15192279091195,0.21301996843749998
8,4,77,101.012314,12.62653925,79.19826487689411,0.22096443687500003
8,4,78,102.254489,12.781811125,78.23617406175684,0.22368169468750002
8,4,79,99.629197,12.453649625,80.2977464527793,0.21793886843750002
8,4,80,100.707214,12.58840175,79.4382019147109,0.220297030625
8,4,81,99.823809,12.477976125,80.14120158448372,0.2183645821875
8,4,82,99.736768,12.467096,80.21114139170822,0.21817418
8,4,83,100.039813,12.504976625,79.96816227555324,0.2188370909375
8,4,84,99.537688,12.442211,80.37156740068144,0.21773869250000003
8,4,85,99.351296,12.418912,80.52235171647887,0.21733096000000002
8,4,86,99.050297,12.381287125,80.76704706902595,0.2166725246875
8,4,87,99.094444,12.3868055,80.73106500299856,0.21676909625
8,4,88,100.643303,12.580412875,79.48864714823598,0.2201572253125
8,4,89,97.477332,12.1846665,82.07036277931776,0.21323166375
8,4,90,99.820658,12.47758225,80.14373137071487,0.21835768937499997
8,4,91,99.0857,12.3857125,80.73818926444481,0.21674996875
8,4,92,99.076325,12.384540625,80.74582903635152,0.2167294609375
8,4,93,99.273628,12.4092035,80.58534941424725,0.21716106125
8,4,94,100.772187,12.596523375,79.38698402963111,0.2204391590625
8,4,95,98.814173,12.351771625,80.96004608569665,0.2161560034375
8,4,96,99.179711,12.397463875,80.66165871364558,0.2169556178125
8,4,97,100.200003,12.525000375,79.8403169708488,0.21918750656249997
8,4,98,98.344515,12.293064375,81.34668212050259,0.2151286265625
8,4,99,102.543293,12.817911625,78.01582888507393,0.2243134534375
8,4,100,102.671434,12.83392925,77.9184597733387,0.22459376187500002
8,4,101,101.69732,12.712165,78.6648065062088,0.2224628875
8,4,102,101.224424,12.653053,79.03230943551726,0.2214284275
8,4,103,101.082968,12.635371,79.14290763603222,0.2211189925
8,4,104,100.747711,12.593463875,79.40627058018222,0.2203856178125
8,4,105,101.137209,12.642151125,79.10046242229208,0.22123764468749998
8,4,106,102.27634,12.7845425,78.21945916328252,0.22372949375
8,4,107,103.021579,12.877697375,77.65363409931817,0.22535970406250003
8,4,108,103.204358,12.90054475,77.51610644193921,0.225759533125
8,4,109,102.614201,12.826775125,77.96191874066243,0.22446856468749998
8,4,110,102.645687,12.830710875,77.93800435083064,0.2245374403125
8,4,111,101.841998,12.73024975,78.55305431065875,0.222779370625
8,4,112,101.991133,12.748891625,78.43819128864858,0.22310560343750002
8,4,113,102.616127,12.827015875,77.96045547499565,0.2244727778125
8,4,114,102.399778,12.79997225,78.1251693729258,0.223999514375
8,4,115,100.594148,12.5742685,79.52748901456971,0.22004969875
8,4,116,101.198245,12.649780625,79.05275432395096,0.2213711609375
8,4,117,101.039339,12.629917375,79.17708171071864,0.2210235540625
8,4,118,99.511476,12.4389345,80.39273781850045,0.21768135375
8,4,119,101.192668,12.6490835,79.05711113378294,0.22135896124999999
8,4,120,102.000101,12.750012625,78.43129488665899,0.22312522093749998
8,4,121,102.172028,12.7715035,78.29931691284429,0.22350131124999997
8,4,122,101.767299,12.720912375,78.61071364387887,0.2226159665625
8,4,123,100.089272,12.511159,79.92864609905446,0.21894528249999998
8,4,124,99.18161,12.39770125,80.66011430949749,0.216959771875
8,4,125,101.712318,12.71403975,78.65320697931593,0.222495695625
8,4,126,101.668179,12.708522375,78.68735408352303,0.22239914156249999
8,4,127,100.811658,12.60145725,79.35590147718828,0.22052550187499997
8,4,128,99.70042,12.4625525,80.24038414281505,0.21809466874999997
8,4,129,100.345224,12.543153,79.7247709567124,0.2195051775
8,4,130,98.390731,12.298841375,81.30847203483019,0.2152297240625
8,4,131,96.473914,12.05923925,82.92397051497258,0.211036686875
8,4,132,105.596019,13.199502375,75.76043183976472,0.2309912915625
8,4,133,97.133055,12.141631875,82.36125179013467,0.2124785578125
8,4,134,96.957823,12.119727875,82.51010338794426,0.2120952378125
8,4,135,95.897739,11.987217375,83.42219622091403,0.2097763040625
8,4,136,98.362715,12.295339375,81.33163058787062,0.2151684390625
8,4,137,99.674472,12.459309,80.26127291649962,0.2180379075
8,4,138,97.37065,12.17133125,82.1602813578835,0.212998296875
8,4,139,97.505147,12.188143375,82.04695081378627,0.2132925090625
8,4,140,99.068752,12.383594,80.75200139797865,0.21671289500000002
8,4,141,99.466153,12.433269125,80.42936977767704,0.2175822096875
8,4,142,99.24634,12.4057925,80.6075065337422,0.21710136875
8,4,143,99.772571,12.471571375,80.18235793482759,0.2182524990625
8,4,144,100.948712,12.618589,79.24816316626209,0.2208253075
8,4,145,101.849507,12.731188375,78.54726287482177,0.2227957965625
8,4,146,101.451099,12.681387375,78.85572535788893,0.2219242790625
8,4,147,100.290263,12.536282875,79.76846167010252,0.2193849503125
8,4,148,99.706906,12.46336325,80.23516445290159,0.218108856875
8,4,149,100.166296,12.520787,79.86718406758297,0.2191137725
8,4,150,101.778065,12.722258125,78.60239826724943,0.2226395171875
8,4,151,101.090442,12.63630525,79.13705630053532,0.221135341875
8,4,152,100.244252,12.5305315,79.80507450940927,0.21928430125
8,4,153,99.302091,12.412761375,80.56225120173954,0.2172233240625
8,4,154,99.255878,12.40698475,80.59976055020138,0.21712223312499998
8,4,155,100.857168,12.607146,79.32009354059991,0.22062505500000001
8,4,156,100.276877,12.534609625,79.77910999362295,0.21935566843749998
8,4,157,100.774595,12.596824375,79.3850870846963,0.22044442656250002
8,4,158,99.866067,12.483258375,80.1072900968454,0.2184570215625
8,4,159,101.265158,12.65814475,79.00051861865461,0.221517533125
8,4,160,101.692491,12.711561375,78.66854200670528,0.22245232406249998
8,4,161,102.67607,12.83450875,77.91494162174303,0.22460390312499998
8,4,162,101.007319,12.625914875,79.20218137855932,0.2209535103125
8,4,163,99.881225,12.485153125,80.09513299421387,0.21849017968749998
8,4,164,100.937548,12.6171935,79.25692825429046,0.22080088625000002
8,4,165,101.634931,12.704366375,78.71309520542697,0.2223264115625
8,4,166,101.833267,12.729158375,78.55978930735866,0.2227602715625
8,4,167,99.90893,12.48861625,80.07292241043919,0.218550784375
8,4,168,99.079058,12.38488225,80.74360174074324,0.216735439375
8,4,169,102.837268,12.8546585,77.79280950948639,0.22495652374999997
8,4,170,100.714206,12.58927575,79.4326869836019,0.220312325625
8,4,171,98.678989,12.334873625,81.07095624986592,0.2158602884375
8,4,172,98.816011,12.352001375,80.95854021065472,0.2161600240625
8,4,173,97.765447,12.220680875,81.8285012290692,0.2138619153125
8,4,174,97.546208,12.193276,82.0124140550907,0.21338233
8,4,175,99.963755,12.495469375,80.02900651341078,0.21867071406250002
8,4,176,100.325498,12.54068725,79.74044644164138,0.219462026875
8,4,177,100.727811,12.590976375,79.42195825143068,0.2203420865625
8,4,178,100.218405,12.527300625,79.82565677432203,0.21922776093750002
8,4,179,98.540931,12.317616375,81.18453843307002,0.2155582865625
8,4,180,97.317548,12.1646935,82.20511268944014,0.21288213625
8,4,181,98.187516,12.2734395,81.4767531139091,0.21478519125
8,4,182,98.426984,12.303373,81.27852419007372,0.2153090275
8,4,183,98.940847,12.367605875,80.85639291121088,0.2164331028125
8,4,184,100.750082,12.59376025,79.40440187433296,0.22039080437500003
8,4,185,100.137642,12.51720525,79.89003775423431,0.219051091875
8,4,186,100.585033,12.573129125,79.53469578321857,0.2200297596875
8,4,187,104.539935,13.067491875,76.52577935886416,0.22868110781249998
8,4,188,103.505148,12.9381435,77.29084161108585,0.22641751125
8,4,189,102.945475,12.868184375,77.71104072325664,0.22519322656250002
8,4,190,99.409359,12.426169875,80.47532023619628,0.21745797281249998
8,4,191,100.076523,12.509565375,79.93882841033556,0.2189173940625
8,4,192,99.057625,12.382203125,80.76107215370851,0.2166885546875
8,4,193,99.185434,12.39817925,80.65700453556516,0.216968136875
8,4,194,99.390597,12.423824625,80.49051159235918,0.2174169309375
8,4,195,100.339864,12.542483,79.72902973039709,0.21949345250000002
8,4,196,99.075116,12.3843895,80.74681436658626,0.21672681624999998
8,4,197,97.810698,12.22633725,81.79064420949128,0.213960901875
8,4,198,98.711358,12.33891975,81.04437181382916,0.215931095625
8,4,199,99.822523,12.477815375,80.14223403269419,0.2183617690625
8,4,200,98.948512,12.368564,80.85012940871714,0.21644987
8,4,201,98.229508,12.2786885,81.44192272651921,0.21487704875
8,4,202,97.154187,12.144273375,82.34333740037371,0.21252478406249997
8,4,203,98.562119,12.320264875,81.167086109421,0.2156046353125
8,4,204,98.122462,12.26530775,81.53077121118302,0.214642885625
8,4,205,98.517798,12.31472475,81.20360140408334,0.215507683125
8,4,206,100.246373,12.530796625,79.80338600380085,0.2192889409375
8,4,207,101.208602,12.65107525,79.04466460271826,0.221393816875
8,4,208,101.97546,12.7469325,78.45024675544488,0.22307131875
8,4,209,102.664403,12.833050375,77.9237960405809,0.2245783815625
8,4,210,102.438777,12.804847125,78.09542669569356,0.2240848246875
8,4,211,102.140835,12.767604375,78.32322890252463,0.2234330765625
8,4,212,100.891167,12.611395875,79.29336370943157,0.22069942781250002
8,4,213,102.316473,12.789559125,78.18877806704693,0.2238172846875
8,4,214,100.26522,12.5331525,79.78838524465412,0.21933016874999997
8,4,215,99.661029,12.457628625,80.27209913716625,0.21800850093750002
8,4,216,99.07443,12.38430375,80.74737346457607,0.216725315625
8,4,217,100.67147,12.58393375,79.46640691747126,0.220218840625
8,4,218,101.253891,12.656736375,79.00930938051556,0.2214928865625
8,4,219,101.076103,12.634512875,79.14828295269753,0.2211039753125
8,4,220,100.364536,12.545567,79.70943043068519,0.2195474225
8,4,221,98.477724,12.3097155,81.23664596472601,0.21542002124999998
8,4,222,100.686194,12.58577425,79.45478602557962,0.220251049375
8,4,223,100.303739,12.537967375,79.75774462405634,0.21941442906249997
8,4,224,104.674539,13.084317375,76.4273726584074,0.22897555406249998
8,4,225,102.916559,12.864569875,77.73287484281319,0.2251299728125
8,4,226,99.992241,12.499030125,80.00620768165402,0.21873302718750004
8,4,227,99.996132,12.4995165,80.00309451969602,0.21874153875000002
8,4,228,98.904194,12.36302425,80.88635755931644,0.216352924375
8,4,229,100.26331,12.53291375,79.78990520061625,0.219325990625
8,4,230,100.145185,12.518148125,79.88402038500404,0.2190675921875
8,4,231,100.503012,12.5628765,79.5996044377257,0.21985033874999999
8,4,232,101.769258,12.72115725,78.60920043261002,0.22262025187499998
8,4,233,101.437779,12.679722375,78.86608006273481,0.2218951415625
8,4,234,104.474327,13.059290875,76.57383617316816,0.2285375903125
8,4,235,102.153013,12.769126625,78.31389173024196,0.2234597159375
8,4,236,101.495722,12.68696525,78.8210561229369,0.222021891875
8,4,237,101.415485,12.676935625,78.88341706397203,0.2218463734375
8,4,238,101.779653,12.722456625,78.60117188648698,0.2226429909375
8,4,239,101.527724,12.6909655,78.79621136784274,0.22209189625000003
8,4,240,101.92242,12.7403025,78.49107193490893,0.22295529375
8,4,241,101.158826,12.64485325,79.08355915478892,0.221284931875
8,4,242,99.208135,12.401016875,80.6385484416172,0.2170177953125
8,4,243,103.753459,12.969182375,77.10586304404559,0.2269606915625
8,4,244,102.554373,12.819296625,78.00740003549141,0.22433769093749997
8,4,245,101.519586,12.68994825,78.80252781960714,0.222074094375
8,4,246,101.836566,12.72957075,78.55724435955548,0.222767488125
8,4,247,102.264914,12.78311425,78.22819857844891,0.223704499375
8,4,248,101.366734,12.67084175,78.92135500784705,0.221739730625
8,4,249,101.09361,12.63670125,79.13457635947515,0.22114227187500002
8,4,250,101.249098,12.65613725,79.0130495779824,0.22148240187499998
8,4,251,100.797074,12.59963425,79.3673832238424,0.22049359937500002
8,4,252,100.735785,12.591973125,79.41567140217352,0.22035952968750003
8,4,253,101.158878,12.64485975,79.08351850244918,0.221285045625
8,4,254,99.799399,12.474924875,80.16080337317463,0.2183111853125
8,4,255,101.539093,12.692386625,78.78738881388276,0.2221167659375
8,4,256,101.771403,12.721425375,78.60754361419188,0.22262494406250002
8,4,257,101.42872,12.67859,78.87312390415653,0.221875325
8,4,258,102.184844,12.7731055,78.28949663024392,0.22352934625
8,4,259,101.315211,12.664401375,78.9614898003815,0.2216270240625
8,4,260,100.481744,12.560218,79.61645251698656,0.219803815
8,4,261,100.751944,12.593993,79.40293439896307,0.22039487749999997
8,4,262,101.458874,12.68235925,78.84968248317048,0.22194128687499998
8,4,263,100.245695,12.530711875,79.8039257446417,0.2192874578125
8,4,264,98.664235,12.333029375,81.08307939548713,0.21582801406250002
8,4,265,100.466523,12.558315375,79.62851466453158,0.2197705190625
8,4,266,101.7381,12.7172625,78.6332750464182,0.22255209375
8,4,267,99.173724,12.3967155,80.66652816223781,0.21694252125000002
8,4,268,99.030885,12.378860625,80.78287899779953,0.21663006093749998
8,4,269,99.80205,12.47525625,80.1586740953718,0.21831698437499997
8,4,270,100.473534,12.55919175,79.62295822101768,0.219785855625
8,4,271,100.183941,12.522992625,79.8531173773649,0.2191523709375
8,4,272,100.936482,12.61706025,79.25776529441556,0.220798554375
8,4,273,101.642292,12.7052865,78.70739475257012,0.22234251375
8,4,274,101.521088,12.690136,78.80136193969867,0.22207738000000002
8,4,275,102.922281,12.865285125,77.72855325660728,0.2251424896875
8,4,276,100.811925,12.601490625,79.355691303385,0.2205260859375
8,4,277,102.513802,12.81422525,78.03827234892722,0.224248941875
8,4,278,100.707508,12.5884385,79.43797000716172,0.22029767375
8,4,279,101.104245,12.638030625,79.12625231512287,0.22116553593750002
8,4,280,102.992941,12.874117625,77.67522630507268,0.2252970584375
8,4,281,101.363483,12.670435375,78.92388622833728,0.2217326190625
8,4,282,101.270431,12.658803875,78.99640517971133,0.2215290678125
8,4,283,102.00483,12.75060375,78.42765876870732,0.223135565625
8,4,284,101.917024,12.739628,78.4952276471495,0.22294349
8,4,285,101.421989,12.677748625,78.87835841988861,0.22186060093749999
8,4,286,101.837408,12.729676,78.5565948418483,0.22276933
8,4,287,101.590098,12.69876225,78.74783229365524,0.222228339375
8,4,288,101.629969,12.703746125,78.71693830783319,0.2223155571875
8,4,289,100.924818,12.61560225,79.26692520763326,0.220773039375
8,4,290,100.321054,12.54013175,79.74397876641127,0.219452305625
8,4,291,100.043225,12.505403125,79.96543494074685,0.21884455468750003
8,4,292,100.047327,12.505915875,79.96215631028304,0.21885352781249998
8,4,293,100.26655,12.53331875,79.78732688020082,0.219333078125
8,4,294,101.556626,12.69457825,78.77378675419958,0.222155119375
8,4,295,102.108818,12.76360225,78.34778774934011,0.223363039375
8,4,296,102.091353,12.761419125,78.3611908836197,0.22332483468749997
8,4,297,100.816407,12.602050875,79.35216338348579,0.22053589031249998
8,4,298,100.278032,12.534754,79.77819109972162,0.219358195
8,4,299,100.594674,12.57433425,79.52707317287991,0.220050849375
8,4,300,100.177076,12.5221345,79.85858960387304,0.21913735374999999
8,4,301,100.04154,12.5051925,79.96678179884076,0.21884086875
8,4,302,101.690378,12.71129725,78.6701766414911,0.222447701875
8,4,303,102.596322,12.82454025,77.97550481390552,0.224429454375
8,4,304,100.550335,12.568791875,79.56214168754386,0.21995385781250001
8,4,305,100.193358,12.52416975,79.84561212131446,0.21917297062500002
8,4,306,99.852908,12.4816135,80.11784694342602,0.21842823625
8,4,307,100.764424,12.595553,79.39310008857888,0.2204221775
8,4,308,100.700641,12.587580125,79.44338705847959,0.2202826521875
8,4,309,101.706796,12.7133495,78.65747732334425,0.22248361625
8,4,310,98.928711,12.366088875,80.86631190413469,0.21640655531250003
8,4,311,98.93267,12.36658375,80.86307586765828,0.216415215625
8,4,312,100.197435,12.524679375,79.84236323015654,0.2191818890625
8,4,313,98.668012,12.3335015,81.07997554465777,0.21583627625
8,4,314,98.724686,12.34058575,81.03343068622168,0.21596025062500002
8,4,315,100.004958,12.50061975,79.99603379664435,0.218760845625
8,4,316,100.056175,12.507021875,79.95508523087156,0.2188728828125
8,4,317,99.375416,12.421927,80.50280765617121,0.21738372250000002
8,4,318,100.409726,12.55121575,79.67355672298119,0.21964627562500003
8,4,319,100.913288,12.614161,79.27598196978778,0.2207478175
8,4,320,101.898894,12.73736175,78.50919363266101,0.222903830625
8,4,321,102.227381,12.778422625,78.25692022766387,0.2236223959375
8,4,322,102.230067,12.778758375,78.25486409981517,0.2236282715625
8,4,323,99.578169,12.447271125,80.33889436147395,0.2178272446875
8,4,324,99.093503,12.386687875,80.7318316317872,0.2167670378125
8,4,325,97.579194,12.19739925,81.98469030191005,0.21345448687500002
8,4,326,97.781513,12.222689125,81.81505639005606,0.21389705968750003
8,4,327,97.172211,12.146526375,82.32806393589212,0.21256421156250002
8,4,328,98.846245,12.355780625,80.93377750464876,0.2162261609375
8,4,329,99.929226,12.49115325,80.05665930005303,0.21859518187500002
8,4,330,101.588705,12.698588125,78.74891209608391,0.2222252921875
8,4,331,102.645052,12.8306315,77.93848650395735,0.22453605125
8,4,332,100.864993,12.608124125,79.3139399712247,0.22064217218749999
8,4,333,102.078601,12.759825125,78.37098002548056,0.2232969396875
8,4,334,101.72367,12.71545875,78.64442956098615,0.222520528125
8,4,335,101.922672,12.740334,78.49087786866498,0.222955845
8,4,336,102.216048,12.777006,78.26559680726454,0.22359760499999998
8,4,337,103.071735,12.883966875,77.61584686626261,0.2254694203125
8,4,338,100.491775,12.561471875,79.60850527319275,0.2198257578125
8,4,339,101.378109,12.672263625,78.91249973897226,0.22176461343749998
8,4,340,101.670873,12.708859125,78.68526908389977,0.2224050346875
8,4,341,98.338114,12.29226425,81.3519771184548,0.215114624375
8,4,342,98.661733,12.332716625,81.08513561179794,0.2158225409375
8,4,343,98.087532,12.2609415,81.559805174831,0.21456647625
8,4,344,100.597049,12.574631125,79.52519561483359,0.22005604468749998
8,4,345,101.055299,12.631912375,79.16457701045444,0.2210584665625
8,4,346,102.333948,12.7917435,78.17542620362892,0.22385551125
8,4,347,102.461849,12.807731125,78.07784144125682,0.2241352946875
8,4,348,102.43084,12.803855,78.101478031421,0.2240674625
8,4,349,99.657303,12.457162875,80.27510036068304,0.21800035031249998
8,4,350,99.194205,12.399275625,80.64987264124956,0.2169873234375
8,4,351,98.268408,12.283551,81.40968356788686,0.2149621425
8,4,352,101.217435,12.652179375,79.03776656659991,0.2214131390625
8,4,353,99.134113,12.391764125,80.6987600726301,0.21685587218750002
8,4,354,98.750155,12.343769375,81.01253106893857,0.2160159640625
8,4,355,98.231476,12.2789345,81.44029109366126,0.21488135374999998
8,4,356,99.369436,12.4211795,80.50765227247543,0.21737064124999997
8,4,357,99.904621,12.488077625,80.0763760467096,0.2185413584375
8,4,358,99.203215,12.400401875,80.64254772388173,0.2170070328125
8,4,359,98.143419,12.267927375,81.51336158362284,0.2146887290625
8,4,360,99.713323,12.464165375,80.23000095985167,0.2181228940625
8,4,361,98.734289,12.341786125,81.02554929017617,0.2159812571875
8,4,362,97.861226,12.23265325,81.74841382019882,0.214071431875
8,4,363,98.269605,12.283700625,81.40869193480528,0.2149647609375
8,4,364,98.049313,12.256164125,81.59159666932088,0.2144828721875
8,4,365,99.095011,12.386876375,80.7306030774849,0.2167703365625
8,4,366,99.713325,12.464165625,80.22999935063845,0.2181228984375
8,4,367,98.881327,12.360165875,80.90506309649344,0.2163029028125
8,4,368,100.29592,12.53699,79.76396248222261,0.219397325
8,4,369,100.012631,12.501578875,79.98989647617609,0.2187776303125
8,4,370,101.683436,12.7104295,78.67554751001923,0.22243251625
8,4,371,101.063233,12.632904125,79.15836217113696,0.2210758221875
8,4,372,99.437235,12.429654375,80.45275997467147,0.2175189515625
8,4,373,101.133822,12.64172775,79.10311151891402,0.22123023562499997
8,4,374,100.765628,12.5957035,79.39215145863031,0.22042481125
8,4,375,99.513799,12.439224875,80.39086117092164,0.2176864353125
8,4,376,98.961216,12.370152,80.83975039271951,0.21647766
8,4,377,99.056746,12.38209325,80.76178880335924,0.216686631875
8,4,378,97.937983,12.242247875,81.68434508192802,0.21423933781249999
8,4,379,98.111715,12.263964375,81.53970196117763,0.21461937656250002
8,4,380,98.828767,12.353595875,80.94809075175449,0.21618792781249999
8,4,381,99.589076,12.4486345,80.33009564221682,0.21785110375000002
8,4,382,99.131853,12.391481625,80.70059983646225,0.2168509284375
8,4,383,99.660943,12.457617875,80.27216840603243,0.21800831281250002
8,4,384,100.539545,12.567443125,79.57068037258374,0.2199302546875
8,4,385,100.180917,12.522614625,79.85552777481564,0.2191457559375
8,4,386,100.965997,12.620749625,79.2345961779588,0.2208631184375
8,4,387,101.055683,12.631960375,79.16427619414536,0.2210593065625
8,4,388,100.715744,12.589468,79.43147399079929,0.22031568999999998
8,4,389,102.233914,12.77923925,78.25191941687766,0.22363668687500002
8,4,390,102.256334,12.78204175,78.23476245491062,0.223685730625
8,4,391,101.656603,12.707075375,78.69631449321595,0.2223738190625
8,4,392,101.457582,12.68219775,78.850686585454,0.221938460625
8,4,393,103.530379,12.941297375,77.27200535023638,0.22647270406249997
8,4,394,100.88328,12.61041,79.29956282151016,0.220682175
8,4,395,101.019704,12.627463,79.19247120343968,0.2209806025
8,4,396,99.648698,12.45608725,80.2820323854106,0.217981526875
8,4,397,100.817688,12.602211,79.35115512666785,0.2205386925
8,4,398,98.866029,12.358253625,80.91758191279231,0.2162694384375
8,4,399,101.597566,12.69969575,78.74204387927955,0.22224467562500003
8,4,400,99.130353,12.391294125,80.70182096496721,0.2168476471875
8,4,401,99.330601,12.416325125,80.53912811823216,0.2172856896875
8,4,402,98.0724,12.25905,81.57238937764345,0.214533375
8,4,403,97.90709,12.23838625,81.71011925694043,0.214171759375
8,4,404,99.329576,12.416197,80.53995921617545,0.2172834475
8,4,405,98.17029,12.27128625,81.49104988892262,0.214747509375
8,4,406,97.35749,12.16968625,82.17138712183315,0.212969509375
8,4,407,99.952589,12.494073625,80.03794679095306,0.2186462884375
8,4,408,97.838088,12.229761,81.76774672865643,0.2140208175
8,4,409,97.768994,12.22112425,81.82553254051074,0.213869674375
8,4,410,97.798694,12.22483675,81.80068335063862,0.21393464312500002
8,4,411,99.463681,12.432960125,80.43136871236447,0.2175768021875
8,4,412,97.816909,12.227113625,81.78545081607517,0.2139744884375
8,4,413,95.79394,11.9742425,83.51258962727704,0.20954924375
8,4,414,98.125878,12.26573475,81.52793292713264,0.214650358125
8,4,415,110.006342,13.75079275,72.72307991115639,0.240638873125
8,4,416,101.851233,12.731404125,78.5459317905361,0.2227995721875
8,4,417,97.722482,12.21531025,81.86447822723127,0.213767929375
8,4,418,98.167735,12.270966875,81.49317084681643,0.21474192031249997
8,4,419,99.135915,12.391989375,80.69729320599906,0.2168598140625
8,4,420,100.894997,12.611874625,79.29035371297944,0.2207078059375
8,4,421,101.939664,12.742458,78.47779447262059,0.222993015
8,4,422,100.690874,12.58635925,79.45109305536468,0.220261286875
8,4,423,100.246317,12.530789625,79.80343058388868,0.2192888184375
8,4,424,99.766301,12.470787625,80.1873971452545,0.2182387834375
8,4,425,98.033198,12.25414975,81.60500894809124,0.21444762062499997
8,4,426,97.32109,12.16513625,82.20212083526808,0.212889884375
8,4,427,99.537956,12.4422445,80.37135100503772,0.21773927875
8,4,428,99.469387,12.433673375,80.42675481653467,0.21758928406249997
8,4,429,101.011525,12.626440625,79.19888349373994,0.22096271093750003
8,4,430,101.398508,12.6748135,78.89662439609071,0.22180923625
8,4,431,100.35974,12.5449675,79.71323959189212,0.21953693125
8,4,432,98.76602,12.3457525,80.99951785037,0.21605066875
8,4,433,98.464056,12.308007,81.24792259217922,0.2153901225
8,4,434,100.341412,12.5426765,79.72779972440492,0.21949683875000003
8,4,435,99.282987,12.410373375,80.57775296385876,0.21718153406250001
8,4,436,97.984656,12.248082,81.64543640383857,0.214341435
8,4,437,100.566635,12.570829375,79.54924612919584,0.2199895140625
8,4,438,101.644966,12.70562075,78.70532417709697,0.222348363125
8,4,439,99.04598,12.3807475,80.77056736679268,0.21666308125
8,4,440,98.080583,12.260072875,81.5655836792895,0.21455127531249998
8,4,441,97.904933,12.238116625,81.71191945966603,0.2141670409375
8,4,442,99.940834,12.49260425,80.04736082150366,0.218620574375
8,4,443,97.979456,12.247432,81.64976951903061,0.21433006000000002
8,4,444,97.885678,12.23570975,81.72799293477847,0.214124920625
8,4,445,99.129348,12.3911685,80.70263914174035,0.21684544874999997
8,4,446,98.625487,12.328185875,81.1149353310671,0.2157432528125
8,4,447,98.221127,12.277640875,81.4488719926824,0.21485871531249998
8,4,448,97.42419,12.17802375,82.11512972291584,0.213115415625
8,4,449,99.18758,12.3984475,80.65525945889597,0.21697283125
8,4,450,97.474226,12.18427825,82.07297793777813,0.213224869375
8,4,451,107.064539,13.383067375,74.7212856350131,0.23420367906249998
8,4,452,115.276762,14.40959525,69.39820186830022,0.252167916875
8,4,453,97.319904,12.164988,82.20312260069636,0.21288728999999998
8,4,454,97.538598,12.19232475,82.01881269607752,0.21336568312499998
8,4,455,99.044686,12.38058575,80.77162261890558,0.216660250625
8,4,456,100.946579,12.618322375,79.24983767899654,0.22082064156249998
8,4,457,101.436684,12.6795855,78.86693141506873,0.22189274625
8,4,458,98.130923,12.266365375,81.52374150195246,0.21466139406249998
8,4,459,98.54974,12.3187175,81.17728164478162,0.21557755625
8,4,460,100.425614,12.55320175,79.6609518364508,0.219681030625
8,4,461,98.687053,12.335881625,81.0643317112732,0.2158779284375
8,4,462,97.344538,12.16806725,82.18232028591065,0.212941176875
8,4,463,97.011843,12.126480375,82.46415852546993,0.21221340656249998
8,4,464,96.884041,12.110505125,82.5729389219015,0.2119338396875
8,4,465,96.214496,12.026812,83.14755398188647,0.21046921000000002
8,4,466,96.336294,12.04203675,83.04243050910803,0.21073564312499998
8,4,467,96.056592,12.007074,83.28423727545945,0.210123795
8,4,468,97.239906,12.15498825,82.2707500354844,0.212712294375
8,4,469,96.836438,12.10455475,82.61353024984253,0.211829708125
8,4,470,95.676161,11.959520125,83.61539506168104,0.20929160218749998
8,4,471,96.401779,12.050222375,82.98602041358593,0.2108788915625
8,4,472,97.365357,12.170669625,82.16474777574122,0.2129867184375
8,4,473,96.396266,12.04953325,82.99076646807046,0.210866831875
8,4,474,95.417304,11.927163,83.84223473763207,0.20872535250000002
8,4,475,96.135835,12.016979375,83.21558761100894,0.2102971390625
8,4,476,96.577596,12.0721995,82.83494652320813,0.21126349125
8,4,477,96.729929,12.091241125,82.70449573058201,0.2115967196875
8,4,478,98.24617,12.28077125,81.42811063270965,0.21491349687500003
8,4,479,95.912161,11.989020125,83.40965229633393,0.2098078521875
8,4,480,95.572348,11.9465435,83.70622012969693,0.20906451125
8,4,481,94.716328,11.839541,84.46273381713024,0.2071919675
8,4,482,95.191823,11.898977875,84.04083195255123,0.20823211281249998
8,4,483,95.584476,11.9480595,83.69559927283589,0.20909104125
8,4,484,95.55878,11.9448475,83.7181052332397,0.20903483125
8,4,485,97.113964,12.1392455,82.37744265078089,0.21243679624999998
8,4,486,98.410264,12.301283,81.2923334907424,0.2152724525
8,4,487,96.942786,12.11784825,82.5229017041041,0.21206234437500002
8,4,488,98.433182,12.30414775,81.2734063600626,0.215322585625
8,4,489,97.195305,12.149413125,82.30850245287053,0.2126147296875
8,4,490,98.337327,12.292165875,81.3526281835991,0.2151129028125
8,4,491,98.237828,12.2797285,81.43502521248739,0.21489524875
8,4,492,99.233019,12.404127375,80.61832725254483,0.21707222906249998
8,4,493,100.359357,12.544919625,79.71354380040518,0.2195360934375
8,4,494,99.53348,12.441685,80.37496528806187,0.2177294875
8,4,495,102.986377,12.873297125,77.68017705875798,0.2252826996875
8,4,496,99.044866,12.38060825,80.77147582793438,0.21666064437500002
8,4,497,97.810746,12.22634325,81.79060407125411,0.21396100687499997
8,4,498,98.468111,12.308513875,81.24457673408602,0.2153989928125
8,4,499,102.472551,12.809068875,78.06968716920105,0.22415870531249998
8,4,500,97.360043,12.170005375,82.1692324026603,0.2129750940625
8,5,1,98.502073,12.312759125,81.21656485341177,0.2154732846875
8,5,2,100.815689,12.601961125,79.35272852224419,0.2205343196875
8,5,3,98.817736,12.352217,80.9571269675719,0.21616379749999998
8,5,4,99.410505,12.426313125,80.47439252018688,0.21746047968749999
8,5,5,97.997897,12.249737125,81.63440486891264,0.2143703996875
8,5,6,97.470958,12.18386975,82.07572967529467,0.213217720625
8,5,7,97.249644,12.1562055,82.26251193269148,0.21273359625000002
8,5,8,97.241091,12.155136375,82.26974746714843,0.2127148865625
8,5,9,96.404716,12.0505895,82.98349221836826,0.21088531624999998
8,5,10,100.321066,12.54013325,79.74396922775921,0.219452331875
8,5,11,99.447751,12.430968875,80.44425258043292,0.2175419553125
8,5,12,98.633154,12.32914425,81.10863006570793,0.215760024375
8,5,13,98.241723,12.280215375,81.43179654941517,0.21490376906249997
8,5,14,98.368231,12.296028875,81.32706991548928,0.21518050531249996
8,5,15,98.426449,12.303306125,81.2789659819994,0.2153078571875
8,5,16,100.407214,12.55090175,79.6755500057994,0.219640780625
8,5,17,101.379278,12.67240975,78.91158980240517,0.221767170625
8,5,18,99.379229,12.422403625,80.49971891007526,0.21739206343749998
8,5,19,100.087227,12.510903375,79.93027921534883,0.2189408090625
8,5,20,98.615611,12.326951375,81.12305870112186,0.2157216490625
8,5,21,97.482185,12.185273125,82.06627703308045,0.2132422796875
8,5,22,97.813927,12.226740875,81.78794416463822,0.2139679653125
8,5,23,97.969323,12.246165375,81.65821458212996,0.2143078940625
8,5,24,99.265759,12.408219875,80.5917375799242,0.2171438478125
8,5,25,98.143179,12.267897375,81.5135609169538,0.2146882040625
8,5,26,99.053577,12.381697125,80.76437259807386,0.2166796996875
8,5,27,97.084214,12.13552675,82.40268598147172,0.212371718125
8,5,28,97.133675,12.141709375,82.36072608186605,0.2124799140625
8,5,29,96.845494,12.10568675,82.60580507751862,0.211849518125
8,5,30,96.917625,12.114703125,82.5443256580008,0.2120073046875
8,5,31,100.435533,12.554441625,79.65308453134807,0.21970272843750002
8,5,32,99.753061,12.469132625,80.19804023858475,0.21820982093750002
8,5,33,98.20222,12.2752775,81.46455344899536,0.21481735624999998
8,5,34,99.964889,12.495611125,80.02809866572252,0.2186731946875
8,5,35,98.686766,12.33584575,81.0645674618621,0.215877300625
8,5,36,100.962742,12.62034275,79.23715067088807,0.220855998125
8,5,37,99.859525,12.482440625,80.11253808787895,0.2184427109375
8,5,38,98.213745,12.276718125,81.45499390131188,0.2148425671875
8,5,39,108.751371,13.593921375,73.56229099861187,0.2378936240625
8,5,40,102.155881,12.769485125,78.31169308793882,0.22346598968749998
8,5,41,102.034503,12.754312875,78.40485095517151,0.2232004753125
8,5,42,100.720076,12.5900095,79.42805761981354,0.22032516625000004
8,5,43,98.941307,12.367663375,80.85601699197284,0.2164341090625
8,5,44,100.689514,12.58618925,79.45216619081108,0.220258311875
8,5,45,100.30171,12.53771375,79.75935804085493,0.219409990625
8,5,46,101.124536,12.640567,79.1103753494602,0.22120992250000002
8,5,47,101.079611,12.634951375,79.14553608640223,0.2211116490625
8,5,48,100.922353,12.615294125,79.26886127991882,0.2207676471875
8,5,49,100.837974,12.60474675,79.3351917205318,0.220583068125
8,5,50,101.713737,12.714217125,78.65210969487829,0.2224987996875
8,5,51,101.673548,12.7091935,78.68319889849816,0.22241088625
8,5,52,100.139654,12.51745675,79.88843260832518,0.219055493125
8,5,53,100.882016,12.610252,79.30055640442396,0.22067941
8,5,54,101.916866,12.73960825,78.49534933697824,0.222943144375
8,5,55,101.464792,12.683099,78.84508352414501,0.22195423250000001
8,5,56,100.886831,12.610853875,79.29677164703489,0.22068994281249998
8,5,57,100.193956,12.5242445,79.84513556885607,0.21917427875
8,5,58,100.270979,12.533872375,79.78380264941863,0.2193427665625
8,5,59,100.856127,12.607015875,79.32091225355104,0.2206227778125
8,5,60,101.501451,12.687681375,78.81660726209716,0.22203442406249999
8,5,61,99.865165,12.483145625,80.10801364019174,0.21845504843750002
8,5,62,100.019377,12.502422125,79.98450140316311,0.21879238718750002
8,5,63,98.937287,12.367160875,80.8593023174367,0.2164253153125
8,5,64,96.784014,12.09800175,82.6582786698638,0.211715030625
8,5,65,96.480134,12.06001675,82.91862447040133,0.21105029312500004
8,5,66,97.410013,12.176251625,82.12708071397137,0.21308440343750001
8,5,67,102.556694,12.81958675,78.00563462000834,0.22434276812499998
8,5,68,102.147535,12.768441875,78.3180915721559,0.22344773281250002
8,5,69,102.081408,12.760176,78.36882500680241,0.22330308
8,5,70,101.732275,12.716534375,78.63777744083674,0.22253935156250002
8,5,71,102.460295,12.807536875,78.07902563622328,0.2241318953125
8,5,72,101.841026,12.73012825,78.55380404356885,0.22277724437500002
8,5,73,101.125695,12.640711875,79.10946866669248,0.22121245781249999
8,5,74,100.595706,12.57446325,79.5262573136074,0.22005310687500002
8,5,75,101.578605,12.697325625,78.75674213088475,0.2222031984375
8,5,76,99.988606,12.49857575,80.00911623870424,0.21872507562500001
8,5,77,99.531765,12.441470625,80.37635020337477,0.2177257359375
8,5,78,99.065522,12.38319025,80.7546342914339,0.21670582937500002
8,5,79,99.98368,12.49796,80.01305813108699,0.2187143
8,5,80,98.193187,12.274148375,81.47204754643516,0.2147975965625
8,5,81,98.718853,12.339856625,81.03821870782879,0.2159474909375
8,5,82,99.303234,12.41290425,80.5613239141839,0.21722582437500002
8,5,83,101.311486,12.66393575,78.9643930402916,0.22161887562500002
8,5,84,101.038924,12.6298655,79.17740691696203,0.22102264624999998
8,5,85,97.173491,12.146686375,82.32697948455922,0.2125670115625
8,5,86,99.728117,12.466014625,80.21809937512407,0.2181552559375
8,5,87,99.267449,12.408431125,80.59036552858329,0.2171475446875
8,5,88,100.682098,12.58526225,79.45801844534468,0.22024208937499998
8,5,89,100.731905,12.591488125,79.41873034169264,0.22035104218749998
8,5,90,101.065652,12.6332065,79.15646752073592,0.22108111374999997
8,5,91,102.127259,12.765907375,78.333640580719,0.2234033790625
8,5,92,99.756349,12.469543625,80.19539688646785,0.2182170134375
8,5,93,100.852407,12.606550875,79.32383805177798,0.2206146403125
8,5,94,98.704873,12.338109125,81.04969650282615,0.21591690968750002
8,5,95,98.563828,12.3204785,81.16567875184393,0.21560837375
8,5,96,99.400818,12.42510225,80.48223506571144,0.217439289375
8,5,97,100.793813,12.599226625,79.36995101078278,0.2204864659375
8,5,98,101.861105,12.732638125,78.53831941053457,0.22282116718749997
8,5,99,101.935712,12.741964,78.48083702010146,0.22298437
8,5,100,101.81713,12.72714125,78.57224025073187,0.222724971875
8,5,101,100.129251,12.516156375,79.89673267405146,0.2190327365625
8,5,102,98.098183,12.262272875,81.5509498274805,0.21458977531250004
8,5,103,98.425741,12.303217625,81.27955064112751,0.2153063084375
8,5,104,99.129205,12.391150625,80.70275556028115,0.21684513593750002
8,5,105,98.647471,12.330933875,81.09685852970321,0.21579134281249998
8,5,106,99.89338,12.4866725,80.0853870396617,0.21851676874999998
8,5,107,101.911091,12.738886375,78.49979743617895,0.2229305115625
8,5,108,101.630703,12.703837875,78.7163697962416,0.2223171628125
8,5,109,101.615875,12.701984375,78.72785625277545,0.2222847265625
8,5,110,101.287133,12.660891625,78.98337886609941,0.22156560343749998
8,5,111,100.610807,12.576350875,79.5143209615643,0.22008614031249998
8,5,112,100.394322,12.54929025,79.685781432938,0.219612579375
8,5,113,102.093522,12.76169025,78.35952608236985,0.22332957937499998
8,5,114,100.211735,12.526466875,79.83096989589093,0.2192131703125
8,5,115,99.11045,12.38880625,80.71802721105594,0.216804109375
8,5,116,97.76216,12.22027,81.83125250096765,0.21385472499999997
8,5,117,96.73732,12.092165,82.69817687734165,0.2116128875
8,5,118,97.207457,12.150932125,82.29821298586177,0.21264131218750001
8,5,119,97.82947,12.22868375,81.77494981829095,0.21400196562499998
8,5,120,102.223323,12.777915375,78.26002682381986,0.2236135190625
8,5,121,96.696755,12.087094375,82.7328693708491,0.21152415156249998
8,5,122,99.16608,12.39576,80.67274616481765,0.21692579999999997
8,5,123,98.574578,12.32182225,81.1568272704145,0.21563188937500002
8,5,124,98.171212,12.2714015,81.49028454492341,0.21474952625
8,5,125,99.910006,12.48875075,80.07206004972114,0.218553138125
8,5,126,99.035523,12.379440375,80.779095799797,0.2166402065625
8,5,127,99.577682,12.44721025,80.33928727121807,0.21782617937499998
8,5,128,97.953118,12.24413975,81.6717238138351,0.21427244562500003
8,5,129,98.290278,12.28628475,81.39156957110245,0.215009983125
8,5,130,99.22244,12.402805,80.62692270014726,0.21704908750000002
8,5,131,98.915585,12.364448125,80.87704278350071,0.2163778421875
8,5,132,98.597693,12.324711625,81.13780106396607,0.2156824534375
8,5,133,98.401964,12.3002455,81.29919032916862,0.21525429625
8,5,134,99.909487,12.488685875,80.07247600020206,0.2185520028125
8,5,135,97.410866,12.17635825,82.1263615498501,0.213086269375
8,5,136,96.869443,12.108680375,82.58538247195249,0.21190190656250002
8,5,137,97.254749,12.156843625,82.25819389035696,0.2127447634375
8,5,138,98.923544,12.365443,80.87053573414232,0.21639525250000002
8,5,139,98.493713,12.311714125,81.22345839475054,0.2154549971875
8,5,140,96.721474,12.09018425,82.71172542304308,0.21157822437499998
8,5,141,95.781007,11.972625875,83.52386606250653,0.20952095281250002
8,5,142,96.673399,12.084174875,82.75285738117059,0.2114730603125
8,5,143,98.244777,12.280597125,81.42926519136991,0.2149104496875
8,5,144,98.096497,12.262062125,81.55235145654589,0.2145860871875
8,5,145,111.674634,13.95932925,71.6366798211311,0.244288261875
8,5,146,97.232694,12.15408675,82.27685226946402,0.21269651812499998
8,5,147,98.504342,12.31304275,81.2146940690188,0.215478248125
8,5,148,98.338366,12.29229575,81.35176864744733,0.215115175625
8,5,149,97.951986,12.24399825,81.6726676680144,0.214269969375
8,5,150,96.544928,12.068116,82.86297546361006,0.21119202999999998
8,5,151,95.820293,11.977536625,83.48962155646926,0.2096068909375
8,5,152,97.018688,12.127336,82.45834039726451,0.21222838
8,5,153,97.432307,12.179038375,82.10828878351408,0.2131331715625
8,5,154,99.552937,12.444117125,80.35925650289957,0.2177720496875
8,5,155,100.450271,12.556283875,79.64139788134568,0.21973496781250001
8,5,156,100.017894,12.50223675,79.9856873611036,0.218789143125
8,5,157,99.824925,12.478115625,80.14030564009941,0.2183670234375
8,5,158,100.62444,12.578055,79.50354804459035,0.2201159625
8,5,159,99.121558,12.39019475,80.70898159207708,0.21682840812499998
8,5,160,99.122327,12.390290875,80.70835544448023,0.2168300903125
8,5,161,98.700598,12.33757475,81.05320699272764,0.215907558125
8,5,162,100.347496,12.543437,79.72296588247703,0.21951014750000003
8,5,163,101.862792,12.732849,78.53701869864318,0.2228248575
8,5,164,102.210566,12.77632075,78.2697945337667,0.223585613125
8,5,165,101.670592,12.708824,78.68548655642725,0.22240442
8,5,166,103.029439,12.878679875,77.64770999092794,0.2253768978125
8,5,167,100.663125,12.582890625,79.47299470386997,0.2202005859375
8,5,168,101.270043,12.658755375,78.99670784182446,0.2215282190625
8,5,169,101.237885,12.654735625,79.0218009789517,0.2214578734375
8,5,170,100.455377,12.556922125,79.6373498254852,0.2197461371875
8,5,171,98.632508,12.3290635,81.10916129193429,0.21575861125
8,5,172,97.878164,12.2347705,81.73426710374338,0.21410848375
8,5,173,98.13998,12.2674975,81.51621795724843,0.21468120624999998
8,5,174,100.921196,12.6151495,79.26977004909851,0.22076511624999998
8,5,175,99.196988,12.3996235,80.64760998589998,0.21699341125000002
8,5,176,103.407633,12.925954125,77.36372807218206,0.2262041971875
8,5,177,100.796287,12.599535875,79.36800291066277,0.22049187781250001
8,5,178,98.497473,12.312184125,81.22035780552461,0.2154632221875
8,5,179,96.905974,12.11324675,82.5542499577993,0.211981818125
8,5,180,97.009543,12.126192875,82.46611366883772,0.21220837531249997
8,5,181,99.792397,12.474049625,80.16642790933263,0.21829586843749998
8,5,182,100.567009,12.570876125,79.54895029243636,0.2199903321875
8,5,183,98.45593,12.30699125,81.25462833980646,0.21537234687499998
8,5,184,99.119411,12.389926375,80.71072980851349,0.2168237115625
8,5,185,98.634624,12.329328,81.10742126415973,0.21576324
8,5,186,96.322422,12.04030275,83.05438997370726,0.21070529812500002
8,5,187,97.46536,12.18317,82.08044375971114,0.213205475
8,5,188,97.270863,12.158857875,82.2445669059192,0.21278001281250003
8,5,189,98.872719,12.359089875,80.912106806732,0.2162840728125
8,5,190,98.318302,12.28978775,81.36837025521454,0.215071285625
8,5,191,99.520556,12.4400695,80.38540299151866,0.21770121625
8,5,192,99.360805,12.420100625,80.51464558887179,0.2173517609375
8,5,193,99.29081,12.41135125,80.57140434245628,0.21719864687499998
8,5,194,98.38026,12.2975325,81.31712601694689,0.21520681875000003
8,5,195,99.068612,12.3835765,80.75211551364018,0.21671258875000002
8,5,196,101.244676,12.6555845,79.01650058122563,0.22147272875
8,5,197,100.507423,12.563427875,79.59611102555083,0.21985998781250002
8,5,198,100.17374,12.5217175,79.86124906587295,0.21913005624999998
8,5,199,99.796983,12.474622875,80.16274399798239,0.2183059003125
8,5,200,98.260747,12.282593375,81.41603075742952,0.2149453840625
8,5,201,97.546005,12.193250625,82.01258472861088,0.2133818859375
8,5,202,113.172039,14.146504875,70.6888386096852,0.2475638353125
8,5,203,104.308365,13.038545625,76.6956705725375,0.22817454843749999
8,5,204,99.958121,12.494765125,80.03351723668354,0.2186583896875
8,5,205,97.644624,12.205578,81.92975375684789,0.213597615
8,5,206,100.153855,12.519231875,79.8771050799792,0.2190865578125
8,5,207,99.930922,12.49136525,80.05530060054885,0.21859889187499998
8,5,208,99.307931,12.413491375,80.55751357864861,0.2172360990625
8,5,209,100.064059,12.508007375,79.94878560742774,0.2188901290625
8,5,210,100.683257,12.585407125,79.45710377645014,0.2202446246875
8,5,211,101.642871,12.705358875,78.70694640256669,0.2223437803125
8,5,212,102.277321,12.784665125,78.21870891592869,0.2237316396875
8,5,213,103.881101,12.985137625,77.01112062722554,0.2272399084375
8,5,214,102.60123,12.82515375,77.97177480230988,0.224440190625
8,5,215,101.560407,12.695050875,78.77085407899163,0.2221633903125
8,5,216,101.483201,12.685400125,78.83078106690782,0.2219945021875
8,5,217,100.554114,12.56926425,79.55915160268827,0.219962124375
8,5,218,99.362,12.42025,80.51367726092471,0.217354375
8,5,219,99.286671,12.410833875,80.57476315224629,0.2171895928125
8,5,220,100.206059,12.525757375,79.83549178398484,0.21920075406249998
8,5,221,102.133819,12.766727375,78.32860925331697,0.22341772906250001
8,5,222,101.543203,12.692900375,78.78419986417013,0.22212575656250003
8,5,223,101.52275,12.69034375,78.80007190506561,0.222081015625
8,5,224,101.447908,12.6809885,78.8582057305706,0.22191729875
8,5,225,100.563724,12.5704655,79.5515488268911,0.21998314624999998
8,5,226,101.974303,12.746787875,78.45113685160466,0.2230687878125
8,5,227,100.770824,12.596353,79.38805779736404,0.22043617750000002
8,5,228,102.545712,12.818214,78.01398853225574,0.22431874499999999
8,5,229,101.763291,12.720411375,78.6138097676106,0.2226071990625
8,5,230,101.936604,12.7420755,78.48015027065253,0.22298632125
8,5,231,101.127633,12.640954125,79.10795262062545,0.2212166971875
8,5,232,101.089736,12.636217,79.13760898534744,0.2211337975
8,5,233,100.735409,12.591926125,79.41596782517655,0.2203587071875
8,5,234,101.482959,12.685369875,78.83096904969041,0.22199397281249997
8,5,235,101.260407,12.657550875,79.0042252150932,0.22150714031250002
8,5,236,101.456508,12.6820635,78.85152128437143,0.22193611125
8,5,237,101.781247,12.722655875,78.59994091052943,0.2226464778125
8,5,238,100.704816,12.588102,79.44009351052289,0.22029178499999996
8,5,239,101.863749,12.732968625,78.53628085100225,0.2228269509375
8,5,240,102.403691,12.800461375,78.1221840919777,0.22400807406249998
8,5,241,101.393623,12.674202875,78.90042552281616,0.2217985503125
8,5,242,101.216254,12.65203175,79.03868878609161,0.221410555625
8,5,243,99.31847,12.41480875,80.54896536364284,0.21725915312500002
8,5,244,99.697261,12.462157625,80.24292663366148,0.21808775843749997
8,5,245,101.403021,12.675377625,78.89311305626684,0.22181910843749997
8,5,246,99.525006,12.44062575,80.381808768743,0.217710950625
8,5,247,98.036546,12.25456825,81.6022220937894,0.21445494437499998
8,5,248,100.669353,12.583669125,79.46807803562619,0.2202142096875
8,5,249,101.921225,12.740153125,78.49199222242471,0.22295267968750002
8,5,250,101.566693,12.695836625,78.76597892184991,0.22217714093750002
8,5,251,102.975588,12.8719485,77.6883157977209,0.22525909875
8,5,252,108.960641,13.620080125,73.42100713229101,0.23835140218749998
8,5,253,101.783498,12.72293725,78.59820262809203,0.222651401875
8,5,254,99.805336,12.475667,80.15603494386312,0.2183241725
8,5,255,101.465254,12.68315675,78.84472452017908,0.221955243125
8,5,256,102.26586,12.7832325,78.22747493640595,0.22370656875
8,5,257,101.786386,12.72329825,78.59597254980642,0.222657719375
8,5,258,100.441057,12.555132125,79.64870381640846,0.2197148121875
8,5,259,100.88743,12.61092875,79.29630083747797,0.22069125312500001
8,5,260,100.565301,12.570662625,79.55030135096,0.2199865959375
8,5,261,101.191395,12.648924375,79.05810568181217,0.2213561765625
8,5,262,101.001066,12.62513325,79.20708480443167,0.220939831875
8,5,263,102.221596,12.7776995,78.2613490010467,0.22360974125000002
8,5,264,101.111476,12.6389345,79.12059359117654,0.22118135375
8,5,265,102.16813,12.77101625,78.30230425084612,0.223492784375
8,5,266,101.190326,12.64879075,79.05894087148212,0.221353838125
8,5,267,101.332337,12.666542125,78.94814465790915,0.22166448718749998
8,5,268,101.254286,12.65678575,79.00900115971388,0.22149375062499999
8,5,269,102.482725,12.810340625,78.06193678007683,0.2241809609375
8,5,270,101.369222,12.67115275,78.91941796692491,0.22174517312499997
8,5,271,102.51043,12.81380375,78.04083935654157,0.224241565625
8,5,272,102.474516,12.8093145,78.06819014397688,0.22416300374999998
8,5,273,101.289429,12.661178625,78.98158849330665,0.2215706259375
8,5,274,102.414783,12.801847875,78.11372309405763,0.2240323378125
8,5,275,102.116051,12.764506375,78.34223828338212,0.2233788615625
8,5,276,102.082082,12.76026025,78.36830757429105,0.22330455437500002
8,5,277,100.770079,12.596259875,79.38864471863717,0.2204345478125
8,5,278,101.531379,12.691422375,78.79337480484728,0.2220998915625
8,5,279,102.809247,12.851155875,77.81401219678227,0.2248952278125
8,5,280,101.7339,12.7167375,78.63652135620477,0.22254290625
8,5,281,102.532887,12.816610875,78.0237466638387,0.2242906903125
8,5,282,99.815659,12.476957375,80.14774515489599,0.2183467540625
8,5,283,100.299012,12.5373765,79.76150353305573,0.21940408875
8,5,284,100.519202,12.56490025,79.58678382663642,0.219885754375
8,5,285,101.555208,12.694401,78.77488666066245,0.2221520175
8,5,286,101.276806,12.65960075,78.99143264845853,0.221543013125
8,5,287,100.601858,12.57523225,79.52139412773073,0.220066564375
8,5,288,100.2394,12.529925,79.80893740385517,0.21927368749999998
8,5,289,100.3214,12.540175,79.74370373619189,0.2194530625
8,5,290,100.286425,12.535803125,79.7715144397659,0.21937655468749998
8,5,291,99.599232,12.449904,80.32190449018724,0.21787332
8,5,292,100.276565,12.534570625,79.77935821794453,0.2193549859375
8,5,293,99.37775,12.42221875,80.5009169557572,0.21738882812500002
8,5,294,99.218171,12.402271375,80.63039178579497,0.21703974906249998
8,5,295,99.625362,12.45317025,80.30083745141123,0.217930479375
8,5,296,99.272719,12.409089875,80.58608730158787,0.2171590728125
8,5,297,99.394964,12.4243705,80.48697517512053,0.21742648375
8,5,298,100.174619,12.521827375,79.86054830914804,0.2191319790625
8,5,299,106.794109,13.349263625,74.91049904260167,0.2336121134375
8,5,300,109.318673,13.664834125,73.18054437049378,0.23913459718750002
8,5,301,97.473012,12.1841265,82.0740001345193,0.21322221374999997
8,5,302,98.330187,12.291273375,81.35853540073101,0.2150972840625
8,5,303,98.500358,12.31254475,81.21797892348776,0.215469533125
8,5,304,97.771553,12.221444125,81.82339089980498,0.2138752721875
8,5,305,96.618073,12.077259125,82.80024380117786,0.21135203468749997
8,5,306,96.579162,12.07239525,82.83360338123455,0.211266916875
8,5,307,98.682333,12.335291625,81.06820903798454,0.2158676034375
8,5,308,96.728419,12.091052375,82.70578680708097,0.2115934165625
8,5,309,96.373875,12.046734375,83.01004810691694,0.2108178515625
8,5,310,98.717825,12.339728125,81.03906260090312,0.21594524218750002
8,5,311,97.300903,12.162612875,82.21917529377913,0.2128457253125
8,5,312,97.51832,12.18979,82.03586772208544,0.213321325
8,5,313,96.159403,12.019925375,83.1951920500172,0.21034869406249998
8,5,314,96.951928,12.118991,82.51512027692735,0.2120823425
8,5,315,97.871206,12.23390075,81.74007787336349,0.214093263125
8,5,316,100.221127,12.527640875,79.82348871411115,0.2192337153125
8,5,317,98.837744,12.354718,80.9407385907149,0.216207565
8,5,318,99.126675,12.390834375,80.70481532846733,0.2168396015625
8,5,319,99.896435,12.487054375,80.08293789463058,0.2185234515625
8,5,320,99.423217,12.427902125,80.46410326875663,0.2174882871875
8,5,321,100.092307,12.511538375,79.92622250179527,0.2189519215625
8,5,322,99.199084,12.3998855,80.64590596421233,0.21699799625
8,5,323,99.802561,12.475320125,80.15826367421573,0.2183181021875
8,5,324,100.092369,12.511546125,79.92617299326785,0.2189520571875
8,5,325,97.810819,12.226352375,81.79054302776056,0.21396116656249997
8,5,326,100.407588,12.5509485,79.67525322886951,0.21964159875000003
8,5,327,101.124039,12.640504875,79.11076415766978,0.2212088353125
8,5,328,100.465429,12.558178625,79.62938176474616,0.2197681259375
8,5,329,99.780319,12.472539875,80.17613172794125,0.21826944781250002
8,5,330,100.524775,12.565596875,79.58237160938683,0.2198979453125
8,5,331,101.042825,12.630353125,79.17435008373926,0.2210311796875
8,5,332,99.97466,12.4968325,80.02027713822682,0.21869456875
8,5,333,102.875967,12.859495875,77.7635460768014,0.2250411778125
8,5,334,103.400831,12.925103875,77.36881727768706,0.22618931781249998
8,5,335,102.941718,12.86771475,77.71387689488533,0.225185008125
8,5,336,101.885004,12.7356255,78.51989680444042,0.22287344625
8,5,337,100.80341,12.60042625,79.36239458565936,0.220507459375
8,5,338,101.348257,12.668532125,78.93574331525011,0.2216993121875
8,5,339,98.920536,12.365067,80.87299486529268,0.2163886725
8,5,340,99.536819,12.442102375,80.37226907964579,0.21773679156249998
8,5,341,99.158776,12.394847,80.67868849046704,0.21690982250000002
8,5,342,99.593824,12.449228,80.32626601424603,0.21786149
8,5,343,97.44207,12.18025875,82.1000621189595,0.21315452812500002
8,5,344,98.995949,12.374493625,80.81138754475701,0.21655363843749997
8,5,345,96.684855,12.085606875,82.74305215641064,0.21149812031249998
8,5,346,98.489269,12.311158625,81.22712333259373,0.21544527593749999
8,5,347,97.702155,12.212769375,81.88151018777427,0.2137234640625
8,5,348,98.029461,12.253682625,81.60811982838506,0.21443944593749997
8,5,349,98.418121,12.302265125,81.28584369132591,0.2152896396875
8,5,350,99.952638,12.49407975,80.03790755377563,0.218646395625
8,5,351,97.432287,12.179035875,82.10830563794525,0.2131331278125
8,5,352,97.862511,12.232813875,81.74734040903569,0.21407424281249998
8,5,353,98.772101,12.346512625,80.99453103665375,0.21606397093750002
8,5,354,96.517469,12.064683625,82.8865497913129,0.21113196343750001
8,5,355,96.296228,12.0370285,83.07698199767492,0.21064799875
8,5,356,95.139752,11.892469,84.08682839534835,0.2081182075
8,5,357,98.287545,12.285943125,81.3938327587692,0.21500400468749997
8,5,358,97.269801,12.158725125,82.2454648591293,0.21277768968750002
8,5,359,96.526947,12.065868375,82.87841114461021,0.21115269656250002
8,5,360,97.983598,12.24794975,81.6463179888536,0.214339120625
8,5,361,98.302679,12.287834875,81.38130192769212,0.2150371103125
8,5,362,97.188831,12.148603875,82.313985235608,0.21260056781249997
8,5,363,96.645891,12.080736375,82.77641105300586,0.2114128865625
8,5,364,96.737046,12.09213075,82.69841111335981,0.21161228812500002
8,5,365,97.534528,12.191816,82.02223524370775,0.21335678
8,5,366,98.910746,12.36384325,80.88099952253923,0.216367256875
8,5,367,99.154783,12.394347875,80.68193745126749,0.21690108781249998
8,5,368,99.575562,12.44694525,80.34099772391944,0.217821541875
8,5,369,100.432148,12.5540185,79.6557691865756,0.21969532375
8,5,370,97.379186,12.17239825,82.15307940651711,0.213016969375
8,5,371,99.619273,12.452409125,80.30574565626472,0.2179171596875
8,5,372,99.582901,12.447862625,80.33507680199033,0.21783759593750002
8,5,373,99.025918,12.37823975,80.78693095276329,0.216619195625
8,5,374,98.003231,12.250403875,81.62996177136242,0.2143820678125
8,5,375,96.443878,12.05548475,82.94979594246512,0.210970983125
8,5,376,97.91118,12.2388975,81.70670601661628,0.21418070625000002
8,5,377,97.449004,12.1811255,82.09422027545813,0.21316969625
8,5,378,98.338301,12.292287625,81.35182241962875,0.21511503343750002
8,5,379,97.539923,12.192490375,82.01769853765417,0.2133685815625
8,5,380,97.421107,12.177638375,82.1177283481289,0.21310867156250002
8,5,381,97.954196,12.2442745,81.67082500478081,0.21427480375
8,5,382,98.721663,12.340207875,81.03591204698405,0.21595363781250002
8,5,383,99.992764,12.4990955,80.00578921890788,0.21873417124999997
8,5,384,98.704011,12.338001375,81.05040432450106,0.2159150240625
8,5,385,98.973638,12.37170475,80.82960434373445,0.21650483312499996
8,5,386,97.650428,12.2063035,81.92488413875665,0.21361031125000002
8,5,387,98.409592,12.301199,81.2928886037857,0.2152709825
8,5,388,99.20897,12.40112125,80.63786974101234,0.21701962187499999
8,5,389,98.369623,12.296202875,81.32591907971427,0.21518355031250003
8,5,390,98.067184,12.258398,81.57672805206684,0.21452196499999998
8,5,391,98.690501,12.336312625,81.0614995256737,0.2158854709375
8,5,392,97.114318,12.13928975,82.37714236947018,0.21243757062500002
8,5,393,96.489015,12.061126875,82.91099251039095,0.2110697203125
8,5,394,96.278655,12.034831875,83.09214539816743,0.21060955781250001
8,5,395,98.262416,12.282802,81.41464789548834,0.214949035
8,5,396,96.655445,12.081930625,82.76822893940428,0.2114337859375
8,5,397,96.480963,12.060120375,82.91791200301348,0.2110521065625
8,5,398,96.160161,12.020020125,83.19453624874858,0.2103503521875
8,5,399,96.465471,12.058183875,82.93122831484439,0.2110182178125
8,5,400,95.906746,11.98834325,83.41436169672569,0.209796006875
8,5,401,96.707856,12.088482,82.72337254586638,0.211548435
8,5,402,95.422336,11.927792,83.83781340251406,0.20873635999999998
8,5,403,96.497773,12.062221625,82.90346762717519,0.2110888784375
8,5,404,98.471283,12.308910375,81.24195964827635,0.2154059315625
8,5,405,99.885118,12.48563975,80.09201130442675,0.21849869562500002
8,5,406,98.973783,12.371722875,80.82948592558093,0.2165051503125
8,5,407,99.477941,12.434742625,80.41983900732325,0.2176079959375
8,5,408,98.315764,12.2894705,81.3704707619421,0.21506573375
8,5,409,103.491082,12.93638525,77.30134660298555,0.22638674187500002
8,5,410,99.10835,12.38854375,80.71973753977339,0.216799515625
8,5,411,97.626458,12.20330725,81.94499896739059,0.213557876875
8,5,412,96.291029,12.036378625,83.08146753733413,0.2106366259375
8,5,413,96.272934,12.03411675,83.09708313242017,0.21059704312500002
8,5,414,96.43391,12.05423875,82.95837014178933,0.210949178125
8,5,415,97.056775,12.132096875,82.4259821120164,0.2123116953125
8,5,416,96.161151,12.020143875,83.19367974287246,0.2103525178125
8,5,417,95.221773,11.902721625,84.01439868169646,0.20829762843750002
8,5,418,96.194677,12.024334625,83.1646848816801,0.2104258559375
8,5,419,98.813859,12.351732375,80.96030335177984,0.21615531656249998
8,5,420,98.232644,12.2790805,81.4393227571071,0.21488390875
8,5,421,101.654009,12.706751125,78.6983226603488,0.22236814468750002
8,5,422,101.241694,12.65521175,79.01882795441965,0.221466205625
8,5,423,99.691532,12.4614415,80.24753797544209,0.21807522624999998
8,5,424,96.662667,12.082833375,82.76204504061532,0.2114495840625
8,5,425,95.546721,11.943340125,83.72867133765898,0.2090084521875
8,5,426,95.896833,11.987104125,83.4229843648747,0.2097743221875
8,5,427,98.943291,12.367911375,80.85439567600395,0.2164384490625
8,5,428,95.859467,11.982433375,83.45550262656896,0.20969258406249996
8,5,429,95.598278,11.94978475,83.68351572190454,0.20912123312499997
8,5,430,96.515049,12.064381125,82.88862807291326,0.2111266696875
8,5,431,96.426055,12.053256875,82.9651280455267,0.2109319953125
8,5,432,95.947324,11.9934155,83.37908413162205,0.20988477125
8,5,433,97.196124,12.1495155,82.3078088998693,0.21261652125
8,5,434,97.331621,12.166452625,82.19322680344551,0.2129129209375
8,5,435,101.668135,12.708516875,78.68738813788607,0.22239904531250002
8,5,436,100.916267,12.614533375,79.27364178066554,0.22075433406250003
8,5,437,101.300679,12.662584875,78.97281715160072,0.2215952353125
8,5,438,101.209366,12.65117075,79.04406791758778,0.221395488125
8,5,439,100.909745,12.613718125,79.27876539575044,0.2207400671875
8,5,440,101.728058,12.71600725,78.64103726427176,0.222530126875
8,5,441,101.051581,12.631447625,79.16748971992828,0.2210503334375
8,5,442,100.835529,12.604441125,79.33711539312696,0.22057771968749998
8,5,443,102.659174,12.83239675,77.92776513085913,0.224566943125
8,5,444,99.738614,12.46732675,80.20965681355868,0.218178218125
8,5,445,99.271228,12.4089035,80.58729766090937,0.21715581125
8,5,446,96.881892,12.1102365,82.5747705257449,0.21192913875
8,5,447,103.883405,12.985425625,77.00941261985011,0.2272449484375
8,5,448,103.330599,12.916324875,77.4214035089451,0.2260356853125
8,5,449,99.521879,12.440234875,80.38433438339725,0.2177041103125
8,5,450,99.069543,12.383692875,80.75135665055001,0.2167146253125
8,5,451,97.288367,12.161045875,82.22976956741395,0.21281830281249997
8,5,452,98.434959,12.304369875,81.2719391694977,0.2153264728125
8,5,453,100.576443,12.572055375,79.54148865654356,0.22001096906249998
8,5,454,100.152916,12.5191145,79.8778539808067,0.21908450375000002
8,5,455,100.185462,12.52318275,79.85190505983792,0.21915569812500002
8,5,456,101.091112,12.636389,79.13653180509084,0.2211368075
8,5,457,100.602782,12.57534775,79.52066375261869,0.220068585625
8,5,458,100.854649,12.606831125,79.32207468195146,0.2206195446875
8,5,459,99.856223,12.482027875,80.11518721271884,0.21843548781250002
8,5,460,100.825025,12.603128125,79.34538077228346,0.22055474218749999
8,5,461,100.480285,12.560035625,79.6176085686859,0.21980062343749998
8,5,462,98.071276,12.2589095,81.57332428304491,0.21453091624999998
8,5,463,97.851732,12.2314665,81.75634540633374,0.21405066374999998
8,5,464,98.694896,12.336862,81.05788976159415,0.215895085
8,5,465,98.23907,12.27988375,81.43399565977163,0.214897965625
8,5,466,100.310498,12.53881225,79.75237048469243,0.219429214375
8,5,467,99.946324,12.4932905,80.04296386128217,0.21863258375
8,5,468,101.111763,12.638970375,79.12036901186265,0.2211819815625
8,5,469,102.898356,12.8622945,77.74662600051646,0.22509015375000002
8,5,470,102.58929,12.82366125,77.98084965789315,0.224414071875
8,5,471,101.837235,12.729654375,78.55672829294707,0.2227689515625
8,5,472,97.574693,12.196836625,81.98847215435258,0.21344464093749999
8,5,473,100.680225,12.585028125,79.45949663898745,0.2202379921875
8,5,474,99.659377,12.457422125,80.2734297646673,0.2180048871875
8,5,475,99.142603,12.392825375,80.69184949683034,0.21687444406249998
8,5,476,100.774452,12.5968065,79.38519973296407,0.22044411374999998
8,5,477,102.049594,12.75619925,78.39325651800242,0.223233486875
8,5,478,100.633091,12.579136375,79.4967134617777,0.2201348865625
8,5,479,96.636425,12.079553125,82.78451939835315,0.21139217968750001
8,5,480,97.483843,12.185480375,82.06488125421974,0.21324590656249998
8,5,481,98.692812,12.3366015,81.05960138211483,0.21589052625
8,5,482,99.731301,12.466412625,80.21553834938942,0.21816222093749998
8,5,483,99.888071,12.486008875,80.08964353711467,0.2185051553125
8,5,484,101.749059,12.718632375,78.62480575864588,0.2225760665625
8,5,485,99.760517,12.470064625,80.19204631828443,0.21822613093749998
8,5,486,99.160816,12.395102,80.67702871666566,0.216914285
8,5,487,100.591017,12.573877125,79.52996439035904,0.2200428496875
8,5,488,101.504892,12.6881115,78.81393539140952,0.22204195124999998
8,5,489,100.795608,12.599451,79.36853756564473,0.22049039250000002
8,5,490,101.725504,12.715688,78.64301168760983,0.22252454
8,5,491,102.114702,12.76433775,78.34327323405401,0.22337591062499998
8,5,492,99.9541,12.4942625,80.03673686221977,0.21864959374999998
8,5,493,100.45628,12.557035,79.63663396653747,0.2197481125
8,5,494,97.784501,12.223062625,81.81255636821217,0.2139035959375
8,5,495,97.626531,12.203316375,81.94493769321784,0.2135580365625
8,5,496,99.774543,12.471817875,80.18077316575632,0.21825681281249998
8,5,497,99.648595,12.456074375,80.28211536750719,0.2179813015625
8,5,498,99.953996,12.4942495,80.03682013873662,0.21864936625
8,5,499,100.19408,12.52426,79.84503675267041,0.21917455000000002
8,5,500,98.085864,12.260733,81.56119214079615,0.2145628275
32,1,1,359.485988,11.233937125,89.01598690405702,0.1965938996875
32,1,2,357.972887,11.18665271875,89.39224494954557,0.19576642257812502
32,1,3,359.953608,11.24855025,88.90034518003776,0.19684962937499997
32,1,4,361.777853,11.30555790625,88.45207006079502,0.197847263359375
32,1,5,358.274736,11.1960855,89.31693135069395,0.19593149625
32,1,6,359.760134,11.2425041875,88.94815455010921,0.19674382328125
32,1,7,365.527182,11.4227244375,87.54478893993716,0.19989767765625
32,1,8,357.705187,11.17828709375,89.45914446580278,0.19562002414062502
32,1,9,353.803877,11.05637115625,90.44558887069516,0.193486495234375
32,1,10,350.456119,10.95175371875,91.30957704864613,0.191655690078125
32,1,11,362.830867,11.33846459375,88.19536293751986,0.198423130390625
32,1,12,357.735272,11.17922725,89.45162108588498,0.195636476875
32,1,13,357.01673,11.1567728125,89.63165395638462,0.19524352421875
32,1,14,357.048356,11.157761125,89.62371472171125,0.1952608196875
32,1,15,353.845316,11.057666125,90.4349967430401,0.19350915718750003
32,1,16,353.243679,11.03886496875,90.5890236750705,0.193180136953125
32,1,17,352.607996,11.018999875,90.75233790217281,0.1928324978125
32,1,18,358.364159,11.19887996875,89.29464399926222,0.19598039945312498
32,1,19,355.368755,11.10527359375,90.0473087455311,0.19434228789062502
32,1,20,356.43531,11.1386034375,89.77786179489344,0.19492556015625
32,1,21,356.727901,11.14774690625,89.7042252941129,0.195085570859375
32,1,22,356.43378,11.138555625,89.77824716838005,0.1949247234375
32,1,23,352.614741,11.01921065625,90.75060194377978,0.192836186484375
32,1,24,365.521775,11.42255546875,87.5460839508125,0.199894720703125
32,1,25,356.437015,11.13865671875,89.77743234663774,0.194926492578125
32,1,26,351.310111,10.97844096875,91.08761461180946,0.192122716953125
32,1,27,348.357985,10.88618703125,91.85952777858674,0.19050827304687498
32,1,28,351.106893,10.97209040625,91.14033543055504,0.19201158210937502
32,1,29,355.712102,11.1160031875,89.96039162029972,0.19453005578125002
32,1,30,356.876237,11.15238240625,89.66693963431362,0.19516669210937498
32,1,31,356.28215,11.1338171875,89.81645586229902,0.19484180078125002
32,1,32,357.681822,11.1775569375,89.46498824309835,0.19560724640625
32,1,33,357.491537,11.17161053125,89.51260851805844,0.195503184296875
32,1,34,358.828485,11.21339015625,89.1790962470552,0.196234327734375
32,1,35,358.666366,11.2083239375,89.21940564675084,0.19614566890625
32,1,36,351.073921,10.97106003125,91.14889510690827,0.19199355054687497
32,1,37,358.229882,11.1946838125,89.32811473276257,0.19590696671875
32,1,38,354.549473,11.07967103125,90.25538729259372,0.19389424304687497
32,1,39,353.352619,11.04226934375,90.56109472334207,0.193239713515625
32,1,40,356.980138,11.1556293125,89.64084158654228,0.19522351296875
32,1,41,354.326459,11.07270184375,90.31219426940962,0.19377228226562498
32,1,42,354.425344,11.075792,90.28699708336885,0.19382636
32,1,43,352.421273,11.01316478125,90.8004211198681,0.19273038367187498
32,1,44,356.646098,11.1451905625,89.72480052200093,0.19504083484374998
32,1,45,353.004898,11.0314030625,90.65030026863819,0.19304955359375
32,1,46,349.576454,10.9242641875,91.53934606819942,0.19117462328125
32,1,47,358.669173,11.20841165625,89.21870740198796,0.19614720398437502
32,1,48,356.371732,11.136616625,89.79387848865633,0.1948907909375
32,1,49,345.961471,10.81129596875,92.49584905366528,0.18919767945312502
32,1,50,353.871688,11.05849025,90.42825714839329,0.193523579375
32,1,51,358.972236,11.217882375,89.14338433683211,0.1963129415625
32,1,52,358.480718,11.2025224375,89.26561009621722,0.19604414265625
32,1,53,363.664655,11.36452046875,87.9931540226256,0.198879108203125
32,1,54,359.236554,11.2261423125,89.07779468344417,0.19645749046875
32,1,55,358.235713,11.19486603125,89.32666073971247,0.195910155546875
32,1,56,358.7722,11.21163125,89.19308686681967,0.196203546875
32,1,57,360.518719,11.26620996875,88.76099440484255,0.19715867445312496
32,1,58,353.671635,11.05223859375,90.47940754423239,0.193414175390625
32,1,59,357.293351,11.16541721875,89.56226000410514,0.195394801328125
32,1,60,360.19576,11.2561175,88.84057935607015,0.19698205625
32,1,61,352.725159,11.02266121875,90.72219313961666,0.19289657132812502
32,1,62,361.122304,11.285072,88.61263800532242,0.19748875999999999
32,1,63,355.341623,11.10442571875,90.05418428001043,0.19432745007812502
32,1,64,354.669404,11.083418875,90.2248675501764,0.1939598303125
32,1,65,358.863102,11.2144719375,89.1704937667289,0.19625325890625
32,1,66,356.993939,11.15606059375,89.63737616845086,0.19523106039062502
32,1,67,359.918817,11.24746303125,88.90893859544998,0.196830603046875
32,1,68,360.316513,11.25989103125,88.81080618139752,0.19704809304687498
32,1,69,359.254141,11.22669190625,89.0734339510369,0.196467108359375
32,1,70,358.534041,11.20418878125,89.25233406219299,0.196073303671875
32,1,71,360.118931,11.25371659375,88.85953290803255,0.19694004039062496
32,1,72,359.795881,11.24362128125,88.93931723470732,0.196763372421875
32,1,73,367.573355,11.48666734375,87.05745279061372,0.201016678515625
32,1,74,360.504637,11.26576990625,88.76446157889502,0.197150973359375
32,1,75,353.054181,11.03294315625,90.63764635037703,0.19307650523437503
32,1,76,354.640049,11.08250153125,90.2323358296175,0.193943776796875
32,1,77,355.216753,11.10052353125,90.08584119341917,0.194259161796875
32,1,78,355.427738,11.1071168125,90.03236545370581,0.19437454421874997
32,1,79,354.407201,11.07522503125,90.29161910285225,0.19381643804687498
32,1,80,352.534428,11.016700875,90.77127638722422,0.19279226531250002
32,1,81,356.864494,11.1520154375,89.66989021889077,0.19516027015624998
32,1,82,355.807057,11.11897053125,89.93638369572867,0.19458198429687498
32,1,83,354.092139,11.06537934375,90.37195824333169,0.19364413851562498
32,1,84,354.53227,11.0791334375,90.25976676255733,0.19388483515625
32,1,85,349.744896,10.929528,91.49525944761751,0.19126674
32,1,86,354.191033,11.06846978125,90.34672540679482,0.193698221171875
32,1,87,349.073433,10.90854478125,91.67125588729634,0.190899533671875
32,1,88,352.94562,11.029550625,90.66552518770455,0.1930171359375
32,1,89,358.535838,11.2042449375,89.25188672491926,0.19607428640625
32,1,90,356.176176,11.1305055,89.84317917995727,0.19478384625
32,1,91,354.436814,11.0761504375,90.28407528795809,0.19383263265625
32,1,92,356.014814,11.1254629375,89.88390016826659,0.19469560140625
32,1,93,357.356836,11.167401125,89.54634912874592,0.1954295196875
32,1,94,360.713991,11.27231221875,88.7129437682388,0.19726546382812502
32,1,95,356.168291,11.13025909375,89.84516816518065,0.19477953414062502
32,1,96,355.506229,11.10956965625,90.01248751677991,0.194417468984375
32,1,97,361.439175,11.29497421875,88.5349519735928,0.197662048828125
32,1,98,356.516535,11.14114171875,89.75740774547806,0.194969980078125
32,1,99,357.033464,11.15729575,89.62745296054379,0.19525267562499998
32,1,100,361.020754,11.2818985625,88.6375634792453,0.19743322484375
32,1,101,357.546872,11.17333975,89.49875528487352,0.19553344562500002
32,1,102,356.136914,11.1292785625,89.85308386201157,0.19476237484375
32,1,103,353.602941,11.05009190625,90.49698486529273,0.19337660835937498
32,1,104,354.528487,11.07901521875,90.26072988036078,0.193882766328125
32,1,105,355.838773,11.11996165625,89.92836764306176,0.19459932898437501
32,1,106,360.756989,11.27365590625,88.70237022629104,0.197288978359375
32,1,107,357.557622,11.1736756875,89.49606449726305,0.19553932453125
32,1,108,357.625215,11.17578796875,89.4791492820214,0.19557628945312502
32,1,109,356.386374,11.1370741875,89.7901893409651,0.19489879828124998
32,1,110,356.952081,11.15475253125,89.64788749893854,0.195208169296875
32,1,111,356.784682,11.1495213125,89.68994918901817,0.19511662296875
32,1,112,362.735027,11.33546959375,88.2186654667899,0.198370717890625
32,1,113,364.336088,11.38550275,87.8309919164527,0.199246298125
32,1,114,357.885501,11.18392190625,89.41407212805751,0.19571863335937498
32,1,115,354.865151,11.08953596875,90.17509865317825,0.194066879453125
32,1,116,359.747178,11.2420993125,88.95135794505107,0.19673673796875002
32,1,117,354.72822,11.085256875,90.20990774289115,0.19399199531250003
32,1,118,359.56216,11.2363175,88.99712917510563,0.19663555625
32,1,119,360.657168,11.2705365,88.72692085243679,0.19723438875
32,1,120,355.251853,11.10162040625,90.07694042907639,0.19427835710937497
32,1,121,358.756368,11.2111365,89.19702297800049,0.19619488875000002
32,1,122,359.932217,11.24788178125,88.90562858395084,0.196837931171875
32,1,123,361.073752,11.28355475,88.62455335717672,0.197462208125
32,1,124,353.873588,11.058549625,90.42777162561227,0.1935246184375
32,1,125,356.86626,11.152070625,89.66944647555081,0.1951612359375
32,1,126,351.730388,10.991574625,90.9787754818614,0.1923525559375
32,1,127,351.463268,10.983227125,91.04792140042355,0.19220647468750002
32,1,128,348.803694,10.9001154375,91.74214766200268,0.19075202015625
32,1,129,355.713262,11.1160394375,89.96009825464422,0.19453069015625
32,1,130,353.337818,11.0418068125,90.56488824527692,0.19323161921875
32,1,131,355.56606,11.111439375,89.99734114105266,0.1944501890625
32,1,132,353.419543,11.04436071875,90.5439459526436,0.193276312578125
32,1,133,345.274003,10.78981259375,92.6800156454293,0.188821720390625
32,1,134,348.882066,10.9025645625,91.72153893401904,0.19079487984375001
32,1,135,355.415784,11.10674325,90.03539358848509,0.194368006875
32,1,136,353.009425,11.03154453125,90.64913776735564,0.193052029296875
32,1,137,354.997077,11.09365865625,90.14158727847779,0.194139026484375
32,1,138,357.684696,11.17764675,89.4642693910505,0.195608818125
32,1,139,356.452228,11.139132125,89.77360074180824,0.1949348121875
32,1,140,357.443365,11.17010515625,89.52467197146044,0.19547684023437498
32,1,141,362.547101,11.32959690625,88.2643935415167,0.19826794585937502
32,1,142,358.408289,11.20025903125,89.28364935220569,0.196004533046875
32,1,143,356.148958,11.1296549375,89.85004527234922,0.19476896140625
32,1,144,351.073278,10.9710399375,91.14906204852197,0.19199319890625
32,1,145,355.992902,11.1247781875,89.88943268312693,0.19468361828125
32,1,146,356.11651,11.1286409375,89.85823207129599,0.19475121640624998
32,1,147,354.124844,11.066401375,90.36361199215946,0.1936620240625
32,1,148,352.365949,11.01143590625,90.81467744205897,0.19270012835937503
32,1,149,357.30412,11.16575375,89.55956063422946,0.195400690625
32,1,150,356.602253,11.14382040625,89.73583237568607,0.195016857109375
32,1,151,357.144427,11.16076334375,89.59960615597119,0.195313358515625
32,1,152,359.59494,11.237341875,88.98901636380089,0.1966534828125
32,1,153,357.310411,11.16595034375,89.55798380025372,0.19540413101562498
32,1,154,353.182179,11.03694309375,90.6047980410699,0.193146504140625
32,1,155,351.524158,10.9851299375,91.03215034228174,0.19223977390625
32,1,156,355.348651,11.10464534375,90.05240321005186,0.19433129351562503
32,1,157,350.822774,10.9632116875,91.21414677600148,0.19185620453125
32,1,158,357.370394,11.1678248125,89.54295189880783,0.19543693421875
32,1,159,354.456454,11.0767641875,90.27907275741126,0.19384337328125
32,1,160,358.866345,11.21457328125,89.16968795165229,0.196255032421875
32,1,161,358.077819,11.18993184375,89.3660492274167,0.19582380726562498
32,1,162,360.24708,11.25772125,88.82792332418073,0.19701012187499997
32,1,163,361.717362,11.3036675625,88.46686214636277,0.19781418234374998
32,1,164,360.62555,11.2695484375,88.73470002333447,0.19721709765624998
32,1,165,354.400764,11.075023875,90.29325907435121,0.19381291781249999
32,1,166,360.890862,11.2778394375,88.66946595062304,0.19736219015625003
32,1,167,351.668511,10.98964096875,90.9947834368372,0.192318716953125
32,1,168,354.971593,11.09286228125,90.14805869268531,0.194125089921875
32,1,169,349.243107,10.91384709375,91.6267189204682,0.190992324140625
32,1,170,348.631152,10.8947235,91.78755202002144,0.19065766125
32,1,171,349.365575,10.91767421875,91.59459972551674,0.19105929882812497
32,1,172,354.828276,11.088383625,90.18446996597307,0.19404671343750002
32,1,173,353.85014,11.057816875,90.43376385268633,0.1935117953125
32,1,174,356.468926,11.1396539375,89.76939549563991,0.19494394390625
32,1,175,353.412313,11.04413478125,90.54579827273874,0.193272358671875
32,1,176,354.863063,11.08947071875,90.17562923983441,0.194065737578125
32,1,177,351.903417,10.99698178125,90.93404171179162,0.192447181171875
32,1,178,352.830281,11.02594628125,90.69516343468263,0.192954059921875
32,1,179,352.681894,11.0213091875,90.73332242000492,0.19287291078125
32,1,180,358.640155,11.20750484375,89.22592619334553,0.196131334765625
32,1,181,353.515072,11.047346,90.51947861504473,0.19332855499999999
32,1,182,356.141143,11.12941071875,89.8520169010633,0.194764687578125
32,1,183,354.823053,11.08822040625,90.18579748255534,0.19404385710937502
32,1,184,357.214416,11.1629505,89.58205091028576,0.19535163375000003
32,1,185,354.625599,11.08204996875,90.23601254459918,0.19393587445312502
32,1,186,356.619699,11.14436559375,89.73144245741736,0.195026397890625
32,1,187,357.671183,11.17722446875,89.46764939684839,0.19560142820312498
32,1,188,358.575516,11.205484875,89.24201060063454,0.1960959853125
32,1,189,357.815757,11.18174240625,89.43150035731936,0.19568049210937502
32,1,190,355.991192,11.12472475,89.88986446608487,0.194682683125
32,1,191,357.633553,11.17604853125,89.47706313227272,0.19558084929687503
32,1,192,357.107245,11.15960140625,89.60893526537106,0.19529302460937498
32,1,193,357.195053,11.16234540625,89.58690701687854,0.195341044609375
32,1,194,366.531054,11.4540954375,87.30501727146972,0.20044667015624998
32,1,195,358.836193,11.21363103125,89.17718063071749,0.196238543046875
32,1,196,359.35481,11.2298378125,89.04848108197022,0.19652216171875
32,1,197,358.627899,11.20712184375,89.22897546239145,0.196124632265625
32,1,198,360.724508,11.272640875,88.71035732343421,0.1972712153125
32,1,199,362.075149,11.31484840625,88.3794430199903,0.19800984710937503
32,1,200,359.03635,11.2198859375,89.1274657844533,0.19634800390625004
32,1,201,358.866538,11.2145793125,89.16963999580256,0.19625513796875
32,1,202,363.09854,11.346829375,88.13034610384277,0.1985695140625
32,1,203,362.740692,11.335646625,88.21728773677258,0.1983738159375
32,1,204,362.429794,11.3259310625,88.29296191912964,0.19820379359375
32,1,205,360.430555,11.26345484375,88.78270600559932,0.19711045976562502
32,1,206,359.463316,11.233228625,89.02160130298246,0.19658150093750001
32,1,207,359.446852,11.232714125,89.02567882274846,0.19657249718749997
32,1,208,359.422798,11.2319624375,89.03163677447083,0.19655934265625
32,1,209,362.535374,11.3292304375,88.26724864647278,0.19826153265625
32,1,210,362.812596,11.337893625,88.1998043970888,0.19841313843749997
32,1,211,362.055824,11.3142445,88.38416033876588,0.19799927874999998
32,1,212,362.149218,11.3171630625,88.36136710917874,0.19805035359375
32,1,213,362.285816,11.32143175,88.32805091105195,0.19812505562500002
32,1,214,362.197603,11.31867509375,88.34956315268602,0.198076814140625
32,1,215,359.617539,11.23804809375,88.98342413716367,0.196665841640625
32,1,216,362.114936,11.31609175,88.36973242108964,0.198031605625
32,1,217,361.003115,11.28134734375,88.6418944058142,0.197423578515625
32,1,218,358.993449,11.21854528125,89.13811683510693,0.196324542421875
32,1,219,359.562983,11.23634321875,88.9969254704954,0.19663600632812497
32,1,220,360.948754,11.2796485625,88.6552443951642,0.19739384984375
32,1,221,361.328443,11.29151384375,88.56208421986862,0.19760149226562498
32,1,222,363.473997,11.35856240625,88.0393102783636,0.198774842109375
32,1,223,362.036969,11.31365528125,88.38876341382695,0.197988967421875
32,1,224,358.351205,11.19847515625,89.29787190195161,0.195973315234375
32,1,225,358.090239,11.19031996875,89.36294965582684,0.19583059945312498
32,1,226,363.053601,11.34542503125,88.1412549327668,0.198544938046875
32,1,227,363.075525,11.34611015625,88.1359325996981,0.19855692773437503
32,1,228,357.598316,11.174947375,89.48588001739918,0.19556157906250002
32,1,229,360.036854,11.2511516875,88.87979006726906,0.19689515453125
32,1,230,361.931926,11.3103726875,88.4144163618216,0.19793152203124997
32,1,231,359.279711,11.22749096875,89.0670945791314,0.196481091953125
32,1,232,360.037732,11.251179125,88.87957332205393,0.19689563468750002
32,1,233,358.521397,11.20379365625,89.25548173070408,0.19606638898437498
32,1,234,358.520453,11.20376415625,89.25571674428294,0.19606587273437498
32,1,235,357.576867,11.17427709375,89.49124776575661,0.19554984914062498
32,1,236,363.312056,11.35350175,88.07855250473715,0.198686280625
32,1,237,363.292312,11.35288475,88.0833393468563,0.198675483125
32,1,238,361.402723,11.29383509375,88.5438818345594,0.197642114140625
32,1,239,360.555469,11.26735840625,88.75194734599907,0.197178772109375
32,1,240,357.413586,11.1691745625,89.53213099179727,0.19546055484375
32,1,241,358.526298,11.2039468125,89.25426162183506,0.19606906921875
32,1,242,356.567504,11.1427345,89.74457750922811,0.19499785374999998
32,1,243,367.214122,11.4754413125,87.14261811532401,0.20082022296875
32,1,244,362.066892,11.314590375,88.38145852893946,0.1980053315625
32,1,245,359.901028,11.246907125,88.91333314002092,0.1968208746875
32,1,246,353.594469,11.04982715625,90.49915314144803,0.19337197523437502
32,1,247,359.227711,11.22586596875,89.0799874845958,0.19645265445312501
32,1,248,359.426999,11.23209371875,89.03059616843085,0.19656164007812502
32,1,249,358.8614,11.21441875,89.17091668259668,0.196252328125
32,1,250,363.097408,11.346794,88.13062086083524,0.198568895
32,1,251,365.873569,11.43354903125,87.46190682060448,0.200087108046875
32,1,252,360.176351,11.25551096875,88.84536675202199,0.19697144195312502
32,1,253,356.219449,11.13185778125,89.83226516640869,0.194807511171875
32,1,254,359.28912,11.227785,89.06476210579379,0.19648623750000002
32,1,255,362.265161,11.32078628125,88.33308704504434,0.198113759921875
32,1,256,361.367849,11.29274528125,88.552426809835,0.197623042421875
32,1,257,359.207634,11.2252385625,89.08496638465094,0.19644167484374997
32,1,258,359.461432,11.23316975,89.0220678807066,0.196580470625
32,1,259,365.373851,11.41793284375,87.5815275570993,0.199813824765625
32,1,260,361.488594,11.2965185625,88.52284838619279,0.19768907484374998
32,1,261,363.101222,11.3469131875,88.1296951404917,0.19857098078125
32,1,262,362.547966,11.3296239375,88.26418295227727,0.19826841890625
32,1,263,356.403652,11.137614125,89.78583642571652,0.19490824718750002
32,1,264,359.746927,11.24209146875,88.95142000754323,0.19673660070312501
32,1,265,359.428276,11.232133625,89.03027985477692,0.19656233843749998
32,1,266,356.670969,11.14596778125,89.71854392780703,0.195054436171875
32,1,267,355.656296,11.11425925,89.97450729791102,0.194499536875
32,1,268,356.391547,11.13723584375,89.78888604223826,0.194901627265625
32,1,269,354.589221,11.08091315625,90.24527003318016,0.193915980234375
32,1,270,356.72464,11.147645,89.70504532571677,0.1950837875
32,1,271,358.479034,11.2024698125,89.2660294325609,0.19604322171875
32,1,272,355.225413,11.10079415625,90.0836450009279,0.194263897734375
32,1,273,356.304879,11.13452746875,89.8107263919897,0.19485423070312502
32,1,274,351.83279,10.9947746875,90.95229583348386,0.19240855703124998
32,1,275,361.990096,11.3121905,88.40020860681227,0.19796333375
32,1,276,355.235287,11.10110271875,90.0811410663716,0.19426929757812503
32,1,277,359.527716,11.235241125,89.00565540821893,0.1966167196875
32,1,278,358.853744,11.2141795,89.17281910816568,0.19624814125
32,1,279,360.00198,11.250061875,88.88840000268887,0.1968760828125
32,1,280,356.677824,11.146182,89.71681962487246,0.19505818499999997
32,1,281,361.600923,11.30002884375,88.49534933294404,0.197750504765625
32,1,282,359.784712,11.24327225,88.94207822815996,0.19675726437500002
32,1,283,355.845198,11.1201624375,89.92674393206228,0.19460284265625
32,1,284,360.502061,11.26568940625,88.76509585336322,0.197149564609375
32,1,285,359.371527,11.23036021875,89.04433878535959,0.196531303828125
32,1,286,359.328756,11.229023625,89.05493775733329,0.19650791343750001
32,1,287,358.850806,11.2140876875,89.17354918801549,0.19624653453125
32,1,288,355.512476,11.109764875,90.01090583386447,0.19442088531249999
32,1,289,356.654452,11.145451625,89.72269887717538,0.1950454034375
32,1,290,357.73332,11.17916625,89.45210918569174,0.19563540937499999
32,1,291,360.00242,11.250075625,88.8882913620414,0.1968763234375
32,1,292,363.425995,11.35706234375,88.05093867872606,0.198748591015625
32,1,293,356.953688,11.15480275,89.64748390553119,0.195209048125
32,1,294,359.211246,11.2253514375,89.0840706028452,0.19644365015625
32,1,295,360.152985,11.25478078125,88.85113086040367,0.196958663671875
32,1,296,359.119921,11.22249753125,89.10672488146378,0.19639370679687498
32,1,297,358.239231,11.19497596875,89.32578352927517,0.19591207945312503
32,1,298,361.579271,11.29935221875,88.5006485894486,0.197738663828125
32,1,299,360.160645,11.25502015625,88.84924114904337,0.196962852734375
32,1,300,358.234011,11.19481284375,89.32708513821152,0.195909224765625
32,1,301,362.135524,11.316735125,88.36470845649487,0.1980428646875
32,1,302,357.171435,11.16160734375,89.59283096085218,0.195328128515625
32,1,303,361.447027,11.29521959375,88.53302865871962,0.197666342890625
32,1,304,354.562373,11.08007415625,90.25210354173707,0.193901297734375
32,1,305,358.345103,11.19828446875,89.29939249093073,0.195969978203125
32,1,306,352.66352,11.020735,90.73804968543386,0.1928628625
32,1,307,351.627324,10.988353875,91.00544188653554,0.1922961928125
32,1,308,362.381007,11.32440646875,88.30484871410492,0.198177113203125
32,1,309,357.903314,11.1844785625,89.40962195169838,0.19572837484375
32,1,310,353.163742,11.0363669375,90.60952808683288,0.19313642140625
32,1,311,359.070018,11.2209380625,89.11910879732655,0.19636641609375
32,1,312,352.412113,11.01287853125,90.80278123130235,0.19272537429687497
32,1,313,353.142253,11.03569540625,90.61504175202734,0.193124669609375
32,1,314,357.315594,11.1661123125,89.55668472728343,0.19540696546874997
32,1,315,356.441729,11.13880403125,89.77624502545268,0.194929070546875
32,1,316,358.605073,11.20640853125,89.23465508252863,0.196112149296875
32,1,317,353.548931,11.04840409375,90.51080966215679,0.19334707164062498
32,1,318,356.25203,11.1328759375,89.82404956401231,0.19482532890625
32,1,319,359.637349,11.23866715625,88.97852263948259,0.196676675234375
32,1,320,358.576972,11.205530375,89.24164823389718,0.19609678156250002
32,1,321,357.307544,11.16586075,89.55870240455936,0.195402563125
32,1,322,353.663383,11.05198071875,90.48151869315801,0.193409662578125
32,1,323,355.437746,11.1074295625,90.02983042774528,0.19438001734375002
32,1,324,356.716033,11.14737603125,89.70720976816874,0.19507908054687498
32,1,325,357.794954,11.1810923125,89.43670010505514,0.19566911546875002
32,1,326,361.059031,11.28309471875,88.6281667332121,0.197454157578125
32,1,327,372.218264,11.63182075,85.97106347258662,0.203556863125
32,1,328,362.757546,11.3361733125,88.21318909241933,0.19838303296875
32,1,329,362.482675,11.32758359375,88.28008124802103,0.19823271289062497
32,1,330,361.128253,11.28525790625,88.61117825638529,0.197492013359375
32,1,331,358.291764,11.196617625,89.31268651768394,0.1959408084375
32,1,332,359.939917,11.24812240625,88.90372667391597,0.19684214210937498
32,1,333,360.846746,11.2764608125,88.68030640353896,0.19733806421875
32,1,334,355.456005,11.10800015625,90.0252057916422,0.194390002734375
32,1,335,359.213724,11.225428875,89.08345606528107,0.1964450053125
32,1,336,355.554607,11.11108146875,90.00024010376556,0.194443925703125
32,1,337,351.372991,10.98040596875,91.0713140157093,0.192157104453125
32,1,338,353.788907,11.05590334375,90.44941592812576,0.193478308515625
32,1,339,356.756129,11.14862903125,89.69712752993797,0.195101008046875
32,1,340,357.941389,11.18566840625,89.4001112567622,0.19574919710937502
32,1,341,353.719364,11.053730125,90.46719873667986,0.19344027718749998
32,1,342,354.474368,11.077324,90.27451034202845,0.19385317000000002
32,1,343,354.808896,11.087778,90.18939592766017,0.194036115
32,1,344,360.029024,11.250907,88.88172304686192,0.1968908725
32,1,345,356.348952,11.13590475,89.79961866142938,0.19487833312500003
32,1,346,354.720609,11.08501903125,90.2118433158193,0.193987833046875
32,1,347,358.936829,11.21677590625,89.15217780563833,0.196293578359375
32,1,348,358.880306,11.2150095625,89.16621911261967,0.19626266734375003
32,1,349,360.862572,11.276955375,88.67641723730773,0.1973467190625
32,1,350,356.406346,11.1376983125,89.78515775361643,0.19490972046875
32,1,351,357.236435,11.16363859375,89.5765293369362,0.195363675390625
32,1,352,360.974292,11.280446625,88.64897226531579,0.1974078159375
32,1,353,358.265054,11.1957829375,89.31934511257131,0.19592620140625003
32,1,354,362.043856,11.3138705,88.38708203350922,0.19799273375
32,1,355,358.81733,11.2130415625,89.18186866838343,0.19622822734375
32,1,356,359.213037,11.22540740625,89.08362643864733,0.196444629609375
32,1,357,362.300601,11.32189378125,88.3244463621522,0.198133141171875
32,1,358,362.736277,11.33550865625,88.21836146264467,0.198371401484375
32,1,359,362.861678,11.3394274375,88.1878741684042,0.19843998015625
32,1,360,361.795005,11.30609390625,88.44787671958046,0.197856643359375
32,1,361,362.418654,11.3255829375,88.29567586220327,0.19819770140624998
32,1,362,362.251884,11.320371375,88.33632456691377,0.1981064990625
32,1,363,361.92959,11.3102996875,88.41498701446322,0.19793024453125
32,1,364,360.203348,11.256354625,88.83870785121076,0.19698620593750002
32,1,365,361.069651,11.28342659375,88.62555994771213,0.197459965390625
32,1,366,363.696164,11.365505125,87.98553069149226,0.1988963396875
32,1,367,361.254728,11.28921025,88.58015555162505,0.197561179375
32,1,368,358.252532,11.195391625,89.32246709145382,0.19591935343749997
32,1,369,358.491373,11.20285540625,89.26295696382071,0.196049969609375
32,1,370,356.123416,11.12885675,89.8564895266533,0.194754993125
32,1,371,355.512425,11.10976328125,90.01091874637011,0.194420857421875
32,1,372,361.22486,11.288276875,88.58747983181446,0.1975448453125
32,1,373,366.117938,11.4411855625,87.40352951512581,0.20022074734375
32,1,374,473.176755,14.78677359375,67.62800509927838,0.258768537890625
32,1,375,366.571941,11.45537315625,87.2952793732786,0.20046903023437498
32,1,376,363.472913,11.35852853125,88.03957284156688,0.198774249296875
32,1,377,359.687866,11.2402458125,88.96602589312813,0.19670430171875
32,1,378,362.219265,11.31935203125,88.34427953466252,0.198088660546875
32,1,379,360.28551,11.2589221875,88.81844845772454,0.19703113828125
32,1,380,359.821428,11.244419625,88.93300262262314,0.1967773434375
32,1,381,359.489975,11.23406171875,89.0149996533283,0.19659608007812499
32,1,382,360.5876,11.2683625,88.74403889651225,0.19719634375
32,1,383,358.688951,11.20902971875,89.21378790951384,0.196158020078125
32,1,384,364.56183,11.3925571875,87.77660568578999,0.19936975078125
32,1,385,365.609574,11.4252991875,87.52506027098732,0.19994273578125002
32,1,386,358.929853,11.21655790625,89.15391052747012,0.196289763359375
32,1,387,362.77249,11.3366403125,88.20955525045463,0.19839120546875
32,1,388,359.773935,11.24293546875,88.9447424811361,0.19675137070312498
32,1,389,358.919184,11.2162245,89.15656065907028,0.19628392874999998
32,1,390,361.120792,11.28502475,88.61300902330764,0.197487933125
32,1,391,363.379526,11.3556101875,88.0621986391165,0.19872317828125
32,1,392,360.343263,11.26072696875,88.80421333144226,0.197062721953125
32,1,393,360.497605,11.26555015625,88.76619305140737,0.197147127734375
32,1,394,356.574385,11.14294953125,89.74284566178247,0.195001616796875
32,1,395,359.011143,11.21909821875,89.13372362929694,0.196334218828125
32,1,396,362.377017,11.32428178125,88.30582100630293,0.198174931171875
32,1,397,357.876102,11.1836281875,89.41642043480175,0.19571349328125
32,1,398,362.998135,11.34369171875,88.15472288859004,0.198514605078125
32,1,399,356.560777,11.14252428125,89.7462706617335,0.19499417492187499
32,1,400,357.161365,11.16129265625,89.59535698941009,0.195322621484375
32,1,401,357.609128,11.17528525,89.48317448988607,0.195567491875
32,1,402,358.92671,11.2164596875,89.15469121815983,0.19628804453124998
32,1,403,356.008309,11.12525965625,89.88554253097502,0.194692043984375
32,1,404,360.322569,11.26008028125,88.80931352373878,0.19705140492187498
32,1,405,355.793581,11.11854940625,89.93979011667442,0.194574614609375
32,1,406,350.813665,10.96292703125,91.2165151833524,0.19185122304687502
32,1,407,359.454644,11.232957625,89.02374898792516,0.1965767584375
32,1,408,357.275325,11.16485390625,89.56677878608045,0.195384943359375
32,1,409,354.798113,11.08744103125,90.19213695761678,0.194030218046875
32,1,410,358.796172,11.212380375,89.18712767091617,0.1962166565625
32,1,411,359.666773,11.23958665625,88.97124339033675,0.196692766484375
32,1,412,356.340357,11.13563615625,89.80178464602032,0.19487363273437497
32,1,413,360.668144,11.2708795,88.72422067860809,0.19724039124999998
32,1,414,361.095866,11.2842458125,88.61912586947201,0.19747430171875002
32,1,415,362.479765,11.32749265625,88.28078996354458,0.198231121484375
32,1,416,358.724534,11.2101416875,89.20493851697358,0.19617747953125
32,1,417,354.381988,11.074437125,90.29804302582106,0.19380264968749997
32,1,418,358.191172,11.193474125,89.33776849196049,0.19588579718750002
32,1,419,368.282034,11.5088135625,86.8899295804367,0.20140423734375
32,1,420,359.046632,11.22020725,89.12491344578328,0.196353626875
32,1,421,351.649093,10.98903415625,90.99980815249822,0.192308097734375
32,1,422,355.517227,11.10991334375,90.00970296159517,0.194423483515625
32,1,423,351.869117,10.99590990625,90.94290591009725,0.19242842335937502
32,1,424,354.289109,11.07153465625,90.3217151955975,0.19375185648437498
32,1,425,354.793527,11.08729771875,90.19330276563925,0.19402771007812497
32,1,426,354.574561,11.08045503125,90.249001253082,0.19390796304687502
32,1,427,353.013841,11.03168253125,90.64800379880856,0.19305444429687502
32,1,428,355.769907,11.11780959375,89.9457749809064,0.19456166789062498
32,1,429,356.844559,11.15139246875,89.67489959682977,0.195149368203125
32,1,430,356.911653,11.15348915625,89.65804207014781,0.195186060234375
32,1,431,354.156114,11.0673785625,90.35563339166298,0.19367912484375
32,1,432,353.897591,11.05929971875,90.4216383886038,0.193537745078125
32,1,433,355.505903,11.10955946875,90.01257005850617,0.194417290703125
32,1,434,358.669709,11.20842840625,89.21857407255989,0.19614749710937499
32,1,435,358.408078,11.2002524375,89.2837019147766,0.19600441765624999
32,1,436,355.497488,11.1092965,90.01470075085314,0.19441268874999998
32,1,437,357.080262,11.1587581875,89.61570662228314,0.19527826828125
32,1,438,357.590536,11.17470425,89.48782693734378,0.19555732437499998
32,1,439,364.469269,11.38966465625,87.79889752515733,0.199319131484375
32,1,440,362.022449,11.31320153125,88.39230851123268,0.197981026796875
32,1,441,359.300384,11.228137,89.0619699421195,0.1964923975
32,1,442,357.303583,11.16573696875,89.55969523540995,0.195400396953125
32,1,443,356.414538,11.1379543125,89.78309408916422,0.19491420046875
32,1,444,358.49055,11.2028296875,89.26316188808883,0.19604951953125
32,1,445,358.451264,11.201602,89.27294506625034,0.196028035
32,1,446,359.627969,11.23837403125,88.98084342266493,0.196671545546875
32,1,447,357.158879,11.16121496875,89.59598061679435,0.195321261953125
32,1,448,360.251057,11.25784553125,88.82694270623611,0.197012296796875
32,1,449,361.163704,11.28636575,88.60248038656731,0.197511400625
32,1,450,356.441429,11.13879465625,89.77632058589911,0.194928906484375
32,1,451,358.87972,11.21499125,89.16636470848785,0.19626234687500002
32,1,452,361.153181,11.28603690625,88.60506201660729,0.19750564585937502
32,1,453,359.867596,11.245862375,88.92159326287327,0.1968025915625
32,1,454,369.229853,11.53843290625,86.66688172692255,0.201922575859375
32,1,455,355.907185,11.12209953125,89.91108173328954,0.194636741796875
32,1,456,359.752114,11.2422535625,88.95013748272234,0.19673943734375002
32,1,457,357.604613,11.17514415625,89.48430427545968,0.19556502273437498
32,1,458,361.207859,11.28774559375,88.59164938601185,0.197535547890625
32,1,459,362.453293,11.32666540625,88.28723760553612,0.198216644609375
32,1,460,361.769066,11.3052833125,88.45421847096235,0.19784245796875002
32,1,461,357.864272,11.1832585,89.41937629359099,0.19570702375000001
32,1,462,359.528025,11.23525078125,89.00557891140753,0.19661688867187502
32,1,463,360.268136,11.25837925,88.82273174444714,0.19702163687500002
32,1,464,364.478917,11.38996615625,87.79657342978771,0.19932440773437501
32,1,465,361.325074,11.2914085625,88.56290997396988,0.19759964984374997
32,1,466,357.700401,11.17813753125,89.46034142131141,0.195617406796875
32,1,467,362.731471,11.33535846875,88.21953030924081,0.198368773203125
32,1,468,360.927046,11.2789701875,88.66057657535589,0.19738197828125
32,1,469,361.209961,11.28781128125,88.59113384195958,0.19753669742187502
32,1,470,361.243589,11.28886215625,88.5828869339464,0.19755508773437497
32,1,471,357.911939,11.18474809375,89.40746734911237,0.19573309164062502
32,1,472,357.567523,11.17398509375,89.49358636242812,0.19554473914062498
32,1,473,358.54237,11.2044490625,89.25026071535144,0.19607785859375
32,1,474,355.121989,11.09756215625,90.10988052333758,0.19420733773437499
32,1,475,356.745794,11.1483060625,89.69972607441589,0.19509535609374998
32,1,476,357.828141,11.18212940625,89.42840524105117,0.195687264609375
32,1,477,358.534519,11.20420371875,89.2522150705383,0.196073565078125
32,1,478,360.846215,11.27644421875,88.68043690024572,0.197337773828125
32,1,479,363.675392,11.364856,87.99055614958958,0.19888498
32,1,480,362.035797,11.31361865625,88.3890495502576,0.197988326484375
32,1,481,357.03341,11.1572940625,89.62746651636887,0.19525264609375
32,1,482,351.351424,10.979732,91.07690424502164,0.19214530999999999
32,1,483,354.599897,11.08124678125,90.24255300333604,0.193921818671875
32,1,484,361.258862,11.2893394375,88.57914190074595,0.19756344015625002
32,1,485,358.735338,11.2104793125,89.20225193984095,0.19618338796874998
32,1,486,353.597478,11.0499211875,90.4983830229694,0.19337362078125003
32,1,487,353.662454,11.0519516875,90.48175636987465,0.19340915453125002
32,1,488,353.032162,11.0322550625,90.64329951898263,0.19306446359375
32,1,489,359.24133,11.2262915625,89.07661042230302,0.19646010234375
32,1,490,354.213341,11.06916690625,90.34103546088626,0.193710420859375
32,1,491,357.774513,11.18045353125,89.44180995922423,0.19565793679687501
32,1,492,352.889496,11.02779675,90.67994474961645,0.192986443125
32,1,493,353.728432,11.0540135,90.46487956614129,0.19344523624999999
32,1,494,357.851889,11.18287153125,89.42247053500952,0.19570025179687503
32,1,495,360.289834,11.2590573125,88.81738250766188,0.19703350296875
32,1,496,357.710719,11.17845996875,89.45776097920063,0.195623049453125
32,1,497,352.603872,11.018871,90.75339932739024,0.19283024250000003
32,1,498,354.047531,11.06398534375,90.38334460239464,0.193619743515625
32,1,499,361.518671,11.29745846875,88.51548361661244,0.19770552320312498
32,1,500,354.094828,11.065463375,90.3712719576915,0.1936456090625
32,2,1,353.992303,11.06225946875,90.39744573203333,0.193589540703125
32,2,2,355.551786,11.1109933125,90.0009541788661,0.19444238296875
32,2,3,356.115371,11.12860534375,89.8585194740162,0.194750593515625
32,2,4,358.261451,11.19567034375,89.32024338839625,0.19592423101562503
32,2,5,356.058318,11.1268224375,89.87291795272706,0.19471939265625
32,2,6,358.854878,11.2142149375,89.17253731743895,0.19624876140625
32,2,7,360.929545,11.27904828125,88.65996270823437,0.197383344921875
32,2,8,360.762182,11.2738181875,88.70109339786619,0.19729181828124998
32,2,9,361.199213,11.28747540625,88.59376999805369,0.197530819609375
32,2,10,357.504923,11.17202884375,89.50925691168733,0.195510504765625
32,2,11,356.016602,11.1255188125,89.88344874995465,0.19469657921874997
32,2,12,355.781489,11.11817153125,89.94284691410688,0.19456800179687503
32,2,13,357.556977,11.17365553125,89.49622593995697,0.19553897179687502
32,2,14,358.127396,11.191481125,89.35367792973872,0.19585091968749999
32,2,15,358.458351,11.20182346875,89.27118007079154,0.196031910703125
32,2,16,358.915581,11.21611190625,89.15745566364811,0.19628195835937498
32,2,17,360.06054,11.251891875,88.87394325409832,0.19690810781249998
32,2,18,357.841739,11.18255434375,89.42500695817377,0.19569470101562503
32,2,19,359.958322,11.2486975625,88.89918094462058,0.19685220734375
32,2,20,361.348445,11.29213890625,88.55718197431291,0.19761243085937502
32,2,21,358.826424,11.21332575,89.17960846718468,0.196233200625
32,2,22,361.024817,11.28202553125,88.63656594554828,0.197435446796875
32,2,23,356.525599,11.14142496875,89.75512583038953,0.19497493695312498
32,2,24,358.688381,11.20901190625,89.21392968120705,0.196157708359375
32,2,25,359.739953,11.24187353125,88.95314443986709,0.19673278679687503
32,2,26,353.987345,11.06210453125,90.39871185225562,0.193586829296875
32,2,27,356.292171,11.13413034375,89.81392970321541,0.19484728101562498
32,2,28,357.18408,11.1620025,89.58965920317613,0.19533504375000002
32,2,29,358.058766,11.1893364375,89.37080456787365,0.19581338765625
32,2,30,353.289654,11.0403016875,90.57723496199523,0.19320527953125
32,2,31,351.317862,10.9786831875,91.08560497843403,0.19212695578125
32,2,32,352.655815,11.02049421875,90.7400321755647,0.192858648828125
32,2,33,353.586573,11.04958040625,90.50117409294273,0.19336765710937498
32,2,34,354.804133,11.08762915625,90.19060665789934,0.194033510234375
32,2,35,356.257348,11.133042125,89.82270872347033,0.19482823718749998
32,2,36,357.589555,11.17467359375,89.48807243544907,0.195556787890625
32,2,37,357.048941,11.15777940625,89.62356787945212,0.195261139609375
32,2,38,352.669075,11.02090859375,90.73662044226589,0.192865900390625
32,2,39,352.261501,11.00817190625,90.84160462939717,0.192643008359375
32,2,40,354.550424,11.07970075,90.25514520326733,0.193894763125
32,2,41,354.633794,11.0823060625,90.23392733970525,0.19394035609375002
32,2,42,352.930735,11.02908546875,90.66934904380032,0.19300899570312502
32,2,43,381.256675,11.91427109375,83.93295671479063,0.20849974414062497
32,2,44,353.457909,11.04555965625,90.53411788276041,0.19329729398437498
32,2,45,349.537755,10.92305484375,91.54948082790084,0.191153459765625
32,2,46,351.656419,10.98926309375,90.99791236854969,0.19231210414062502
32,2,47,350.663712,10.958241,91.25552175755216,0.1917692175
32,2,48,352.079157,11.00247365625,90.88865206525134,0.192543288984375
32,2,49,352.749109,11.02340965625,90.71603353078918,0.19290966898437498
32,2,50,356.543368,11.14198025,89.7506527172313,0.19498465437499998
32,2,51,358.330144,11.197817,89.30312042070342,0.1959617975
32,2,52,356.551473,11.14223353125,89.74861253763493,0.194989086796875
32,2,53,353.148322,11.0358850625,90.61348449505022,0.19312798859375
32,2,54,356.080524,11.127516375,89.86731327097237,0.19473153656250003
32,2,55,358.361214,11.1987879375,89.29537781954271,0.19597878890625
32,2,56,356.152517,11.12976615625,89.84914740894558,0.194770907734375
32,2,57,354.75687,11.0861521875,90.20262243265367,0.19400766328125
32,2,58,353.803805,11.05636890625,90.44560727660912,0.19348645585937502
32,2,59,354.60409,11.0813778125,90.2414859343557,0.19392411171875
32,2,60,356.066653,11.12708290625,89.87081415905578,0.19472395085937497
32,2,61,358.776242,11.2117575625,89.19208201082611,0.19620575734375
32,2,62,355.783646,11.1182389375,89.9423016200132,0.19456918140624999
32,2,63,359.404625,11.23139453125,89.0361385861409,0.196549404296875
32,2,64,356.717104,11.1474095,89.70694043311138,0.19507966625
32,2,65,352.704663,11.02202071875,90.7274650916651,0.192885362578125
32,2,66,355.932587,11.12289334375,89.90466500893889,0.194650633515625
32,2,67,356.004272,11.1251335,89.88656181069648,0.19468983625000003
32,2,68,355.39254,11.106016875,90.04128223963284,0.1943552953125
32,2,69,350.939695,10.96686546875,91.18375736891205,0.19192014570312496
32,2,70,351.369997,10.98031240625,91.07209002822174,0.192155467109375
32,2,71,353.148813,11.03590040625,90.61335851070807,0.193128257109375
32,2,72,352.781226,11.0244133125,90.70777479524945,0.19292723296875
32,2,73,357.629483,11.17592134375,89.47808142540643,0.195578623515625
32,2,74,353.319509,11.04123465625,90.56958131343946,0.193221606484375
32,2,75,353.735982,11.0542494375,90.46294871976015,0.19344936515625
32,2,76,352.074975,11.00234296875,90.88973165445798,0.192541001953125
32,2,77,352.42325,11.0132265625,90.79991175383576,0.19273146484374998
32,2,78,355.899253,11.12185165625,89.91308560009819,0.194632403984375
32,2,79,353.577059,11.04928309375,90.50360928535241,0.193362454140625
32,2,80,354.074962,11.0648425625,90.37634239723506,0.19363474484375
32,2,81,350.056727,10.93927271875,91.41375534828673,0.191437272578125
32,2,82,350.102784,10.940712,91.40172961320981,0.19146246
32,2,83,355.773095,11.11790921875,89.94496899772591,0.194563411328125
32,2,84,354.652508,11.082890875,90.22916595305735,0.1939505903125
32,2,85,352.991307,11.03097834375,90.65379051954953,0.193042121015625
32,2,86,347.834786,10.8698370625,91.99769916054342,0.19022214859375
32,2,87,353.969793,11.06155603125,90.40319437653258,0.193577230546875
32,2,88,358.116942,11.1911544375,89.35628630493555,0.19584520265625
32,2,89,356.271801,11.13349378125,89.81906485492519,0.194836141171875
32,2,90,352.733984,11.022937,90.71992337432393,0.1929013975
32,2,91,358.062315,11.18944734375,89.36991875282938,0.195815328515625
32,2,92,355.72291,11.1163409375,89.95765833580974,0.19453596640625
32,2,93,353.842111,11.05756596875,90.43581587721197,0.193507404453125
32,2,94,355.598409,11.11245028125,89.98915402908904,0.194467879921875
32,2,95,348.008966,10.8752801875,91.95165391227306,0.19031740328125
32,2,96,351.504645,10.98452015625,91.03720379000966,0.19222910273437496
32,2,97,352.777412,11.024294125,90.70875546873165,0.1929251471875
32,2,98,352.219144,11.00684825,90.85252901528828,0.192619844375
32,2,99,357.57021,11.1740690625,89.49291385319823,0.19554620859375
32,2,100,352.848903,11.02652821875,90.69037689483763,0.192964243828125
32,2,101,357.264221,11.16450690625,89.56956257872797,0.19537887085937503
32,2,102,353.107259,11.03460184375,90.62402197741281,0.193105532265625
32,2,103,352.528537,11.01651678125,90.77279323914705,0.192789043671875
32,2,104,352.38178,11.011930625,90.81059752862365,0.1927087859375
32,2,105,356.214681,11.13170878125,89.833467588047,0.194804903671875
32,2,106,352.642682,11.0200838125,90.74341148528357,0.19285146671874998
32,2,107,357.946555,11.18582984375,89.39882100555486,0.195752022265625
32,2,108,358.019832,11.18811975,89.38052347893398,0.195792095625
32,2,109,357.662697,11.17695928125,89.46977213002451,0.19559678742187497
32,2,110,355.582057,11.11193928125,89.99329232183389,0.19445893742187503
32,2,111,351.357714,10.9799285625,91.07527378778427,0.19214874984375
32,2,112,354.590438,11.0809511875,90.24496029980368,0.19391664578125
32,2,113,353.401169,11.04378653125,90.54865350487849,0.193266264296875
32,2,114,354.47872,11.07746,90.27340202537404,0.19385555
32,2,115,352.405661,11.01267690625,90.80444368911542,0.19272184585937502
32,2,116,346.242243,10.82007009375,92.42084305698079,0.18935122664062498
32,2,117,345.198443,10.78745134375,92.700302243252,0.188780398515625
32,2,118,344.85964,10.77686375,92.79137448499337,0.188595115625
32,2,119,359.027305,11.21960328125,89.12971117893107,0.19634305742187502
32,2,120,353.319842,11.0412450625,90.56949595262188,0.19322178859375
32,2,121,348.616479,10.89426496875,91.79141528762901,0.19064963695312503
32,2,122,349.787572,10.930861625,91.48409652473302,0.1912900784375
32,2,123,355.075324,11.096103875,90.12172301784621,0.19418181781250002
32,2,124,356.58362,11.143238125,89.74052145188273,0.1950066671875
32,2,125,355.437525,11.10742265625,90.0298864054942,0.194379896484375
32,2,126,354.558695,11.07995921875,90.25303976821102,0.19389928632812498
32,2,127,358.230455,11.19470171875,89.32797184985291,0.19590728007812502
32,2,128,357.228655,11.16339546875,89.57848020338682,0.195359420703125
32,2,129,357.048978,11.1577805625,89.6235585920092,0.19526115984375
32,2,130,352.329241,11.01028878125,90.82413911821754,0.19268005367187502
32,2,131,353.302958,11.0407174375,90.57382417953036,0.19321255515625
32,2,132,359.936673,11.24802103125,88.90452793622394,0.196840368046875
32,2,133,364.229672,11.38217725,87.85665326025388,0.199188101875
32,2,134,354.118742,11.0662106875,90.36516909347883,0.19365868703125
32,2,135,348.237335,10.88241671875,91.89135334957696,0.19044229257812498
32,2,136,344.367962,10.7614988125,92.92385915969733,0.18832622921875
32,2,137,341.071627,10.65848834375,93.82193494506068,0.18652354601562499
32,2,138,345.234415,10.78857546875,92.69064325467089,0.18880007070312502
32,2,139,349.564029,10.92387590625,91.54259976789545,0.19116782835937499
32,2,140,343.29405,10.7279390625,93.2145488685283,0.18773893359375002
32,2,141,339.646687,10.61395896875,94.21555170358543,0.18574428195312498
32,2,142,343.082087,10.72131521875,93.27213868790533,0.187623016328125
32,2,143,344.131615,10.75411296875,92.98767856594634,0.188196976953125
32,2,144,342.964493,10.71764040625,93.30411938590973,0.187558707109375
32,2,145,346.005475,10.81267109375,92.48408569257467,0.18922174414062498
32,2,146,351.852727,10.99539771875,90.94714221157649,0.19241946007812502
32,2,147,353.096737,11.03427303125,90.62672250069532,0.193099778046875
32,2,148,346.51241,10.8285128125,92.34878485304466,0.18949897421875
32,2,149,348.99704,10.9061575,91.6913220811271,0.19085775625
32,2,150,338.94069,10.5918965625,94.41179812314655,0.18535818984375002
32,2,151,340.555094,10.6423466875,93.96423827975393,0.18624106703124998
32,2,152,345.549929,10.79843528125,92.60600947772151,0.18897261742187502
32,2,153,338.401002,10.5750313125,94.56236775563684,0.18506304796875
32,2,154,340.015641,10.62548878125,94.11331756941145,0.185946053671875
32,2,155,347.045264,10.8451645,92.20699234207099,0.18979037874999996
32,2,156,342.198208,10.693694,93.5130554511846,0.187139645
32,2,157,346.339437,10.82310740625,92.39490679197472,0.18940437960937498
32,2,158,353.937458,11.0605455625,90.41145342689329,0.19355954734374997
32,2,159,346.931951,10.84162346875,92.23710848125371,0.18972841070312502
32,2,160,355.954134,11.1235666875,89.89922280267714,0.19466241703125
32,2,161,347.661503,10.86442196875,92.04355306489025,0.190127384453125
32,2,162,356.363915,11.13637234375,89.7958481570728,0.194886516015625
32,2,163,348.26366,10.883239375,91.88440734815684,0.19045668906250002
32,2,164,342.640156,10.707504875,93.39243938471708,0.1873813353125
32,2,165,350.346618,10.9483318125,91.33811589983723,0.19159580671875
32,2,166,347.985009,10.87453153125,91.95798431650255,0.190304301796875
32,2,167,347.635592,10.86361225,92.0504135261271,0.19011321437499998
32,2,168,347.825721,10.86955378125,92.00009679560185,0.190217191171875
32,2,169,354.82347,11.0882334375,90.18569149329385,0.19404408515625
32,2,170,352.390171,11.01219284375,90.80843517624672,0.19271337476562503
32,2,171,345.822185,10.80694328125,92.53310339242695,0.18912150742187497
32,2,172,355.192075,11.09975234375,90.09210016862004,0.194245666015625
32,2,173,354.049163,11.06403634375,90.38292797771703,0.19362063601562501
32,2,174,360.550154,11.2671923125,88.75325567049958,0.19717586546875002
32,2,175,354.157637,11.06742615625,90.35524483127269,0.19367995773437502
32,2,176,353.50895,11.0471546875,90.5210462139643,0.19332520703125003
32,2,177,347.302767,10.85321146875,92.1386266985889,0.189931200703125
32,2,178,351.540004,10.985625125,91.02804698153214,0.1922484396875
32,2,179,353.341376,11.041918,90.56397629469807,0.19323356500000002
32,2,180,354.475053,11.07734540625,90.27433589240482,0.193853544609375
32,2,181,348.164344,10.88013575,91.91061793507494,0.190402375625
32,2,182,344.216289,10.75675903125,92.96480446339365,0.18824328304687502
32,2,183,344.11252,10.75351625,92.99283850526565,0.18818653437500002
32,2,184,356.958488,11.15495275,89.6462784210359,0.195211673125
32,2,185,348.506166,10.8908176875,91.82047011472388,0.19058930953125
32,2,186,356.961345,11.15504203125,89.64556092200964,0.19521323554687497
32,2,187,350.857777,10.96430553125,91.20504688143197,0.19187534679687498
32,2,188,354.399643,11.07498884375,90.29354468057406,0.19381230476562503
32,2,189,353.234141,11.03856690625,90.5914697526364,0.19317492085937502
32,2,190,353.884295,11.05888421875,90.42503567444268,0.193530473828125
32,2,191,359.417836,11.231807375,89.03286591486794,0.19655662906250002
32,2,192,352.534433,11.01670103125,90.77127509981416,0.192792268046875
32,2,193,351.816674,10.9942710625,90.95646217154562,0.19239974359374998
32,2,194,354.04721,11.0639753125,90.38342654924466,0.19361956796875002
32,2,195,350.123783,10.94136821875,91.39624770934226,0.19147394382812502
32,2,196,358.145966,11.1920614375,89.34904490868955,0.19586107515625
32,2,197,359.503757,11.23449240625,89.01158715846186,0.196603617109375
32,2,198,352.629796,11.019681125,90.746727483006,0.1928444196875
32,2,199,379.562087,11.86131521875,84.3076827112082,0.20757301632812503
32,2,200,355.859111,11.12059721875,89.92322807213442,0.194610451328125
32,2,201,349.197377,10.91241803125,91.63871812244453,0.190967315546875
32,2,202,354.739638,11.0856136875,90.20700415779304,0.19399823953125003
32,2,203,353.371265,11.04285203125,90.55631617358587,0.193249910546875
32,2,204,354.400484,11.075015125,90.29333041204312,0.1938127646875
32,2,205,358.455952,11.2017485,89.2717775265174,0.19603059875000003
32,2,206,355.410199,11.10656871875,90.03680842597318,0.19436495257812497
32,2,207,352.103464,11.00323325,90.88237768657682,0.19255658187499997
32,2,208,355.459889,11.10812153125,90.02422211413003,0.19439212679687498
32,2,209,349.405255,10.91891421875,91.58419783926833,0.19108099882812501
32,2,210,345.501215,10.79691296875,92.61906647708894,0.188945976953125
32,2,211,341.884909,10.68390340625,93.59874963068346,0.186968309609375
32,2,212,350.013883,10.93793384375,91.42494499282475,0.19141384226562502
32,2,213,352.247594,11.0077373125,90.84519112428629,0.19263540296874998
32,2,214,348.77485,10.8992140625,91.74973482176252,0.19073624609375
32,2,215,353.412431,11.04413846875,90.54576804062673,0.19327242320312502
32,2,216,350.608024,10.95650075,91.27001611349317,0.191738763125
32,2,217,354.046516,11.063953625,90.38360371833176,0.19361918843749998
32,2,218,345.682862,10.8025894375,92.57039766119502,0.18904531515625
32,2,219,348.399961,10.88749878125,91.84846033894934,0.190531228671875
32,2,220,349.956776,10.93614925,91.43986399051751,0.191382611875
32,2,221,351.401502,10.9812969375,91.06392493450413,0.19217269640625
32,2,222,352.057483,11.00179634375,90.89424751696018,0.192531436015625
32,2,223,355.875318,11.1211036875,89.91913285764876,0.19461931453124998
32,2,224,351.684748,10.990148375,90.99058228137889,0.1923275965625
32,2,225,353.601573,11.05004915625,90.49733497650477,0.19337586023437497
32,2,226,352.193618,11.0060505625,90.85911375032354,0.19260588484375
32,2,227,358.273946,11.1960608125,89.31712829601067,0.19593106421875
32,2,228,359.398284,11.231196375,89.03770948444483,0.1965459365625
32,2,229,356.328792,11.13527475,89.80469925090982,0.19486730812500003
32,2,230,356.700455,11.14688921875,89.71112750613116,0.195070561328125
32,2,231,357.479013,11.17121915625,89.51574452288196,0.195496335234375
32,2,232,359.733669,11.24167715625,88.9546983159922,0.19672935023437502
32,2,233,361.663222,11.3019756875,88.48010539484714,0.19778457453125
32,2,234,356.809528,11.15029775,89.68370373786655,0.195130210625
32,2,235,353.171786,11.0366183125,90.60746432332509,0.19314082046875
32,2,236,348.651932,10.895372875,91.78208139113366,0.1906690253125
32,2,237,354.331314,11.0728535625,90.31095682387247,0.19377493734375004
32,2,238,355.914673,11.12233353125,89.9091901164749,0.194640836796875
32,2,239,352.380107,11.01187834375,90.8110286713773,0.192707871015625
32,2,240,350.628236,10.957132375,91.26475484421624,0.1917498165625
32,2,241,346.692497,10.83414053125,92.3008149207221,0.189597459296875
32,2,242,351.470022,10.9834381875,91.04617178417567,0.19221016828124998
32,2,243,352.696647,11.02177021875,90.7295271224963,0.192880978828125
32,2,244,357.066595,11.15833109375,89.61913673274309,0.195270794140625
32,2,245,354.180341,11.06813565625,90.34945279472753,0.193692373984375
32,2,246,356.908422,11.1533881875,89.65885372130559,0.19518429328124998
32,2,247,357.717974,11.1786866875,89.45594665589825,0.19562701703125002
32,2,248,357.766088,11.18019025,89.44391621600535,0.19565332937500002
32,2,249,358.660695,11.20814671875,89.22081634844321,0.19614256757812498
32,2,250,360.028415,11.25088796875,88.88187339324314,0.196890539453125
32,2,251,353.053199,11.03291246875,90.6378984545046,0.193075968203125
32,2,252,356.717943,11.14743571875,89.70672944253887,0.195080125078125
32,2,253,359.381973,11.23068665625,89.04175057216906,0.19653701648437502
32,2,254,358.616397,11.20676240625,89.23183732728205,0.19611834210937498
32,2,255,360.509205,11.26591265625,88.76333684739062,0.197153471484375
32,2,256,352.918133,11.02869165625,90.6725866647379,0.193002103984375
32,2,257,358.780015,11.21187546875,89.19114404964836,0.196207820703125
32,2,258,366.700668,11.459395875,87.2646351437789,0.2005394278125
32,2,259,358.203269,11.19385215625,89.33475143689992,0.195892412734375
32,2,260,356.4814,11.14004375,89.76625428423475,0.194950765625
32,2,261,358.333101,11.19790940625,89.30238348256864,0.195963414609375
32,2,262,369.732698,11.5541468125,86.54901276813769,0.20219756921875
32,2,263,353.773976,11.05543675,90.4532333378869,0.193470143125
32,2,264,354.691363,11.08410509375,90.21928171394462,0.19397183914062502
32,2,265,352.365399,11.01141871875,90.81481919284589,0.19269982757812504
32,2,266,359.676714,11.2398973125,88.96878434003932,0.19669820296874999
32,2,267,353.68118,11.052536875,90.47696572376286,0.1934193953125
32,2,268,364.911662,11.4034894375,87.69245637318109,0.19956106515625
32,2,269,355.710656,11.115958,89.96075731844256,0.19452926499999998
32,2,270,357.80555,11.1814234375,89.43405154000547,0.19567491015625
32,2,271,360.493052,11.265407875,88.7673141617165,0.19714463781249997
32,2,272,374.080723,11.69002259375,85.54303398306894,0.20457539539062497
32,2,273,357.233432,11.16354475,89.57728234125634,0.19536203312499997
32,2,274,349.667573,10.92711165625,91.51549205851009,0.19122445398437501
32,2,275,354.673817,11.08355678125,90.22374493463101,0.193962243671875
32,2,276,354.15988,11.06749625,90.35467258459654,0.19368118437499998
32,2,277,351.706742,10.9908356875,90.98489218042911,0.19233962453125003
32,2,278,353.539854,11.0481204375,90.51313349244072,0.19334210765624998
32,2,279,356.986494,11.1558279375,89.63924556764884,0.19522698890625
32,2,280,356.718812,11.147462875,89.70651090865374,0.1950806003125
32,2,281,354.997254,11.0936641875,90.14154233429649,0.19413912328125
32,2,282,369.867226,11.5583508125,86.51753318635483,0.20227113921875003
32,2,283,360.297462,11.2592956875,88.8155021197457,0.19703767453124998
32,2,284,354.850909,11.08909090625,90.17871784569671,0.194059090859375
32,2,285,354.309474,11.0721710625,90.31652368403786,0.19376299359375002
32,2,286,351.132713,10.97289728125,91.13363356720339,0.19202570242187503
32,2,287,353.227595,11.03836234375,90.59314859021703,0.19317134101562503
32,2,288,349.388278,10.9183836875,91.58864797404566,0.19107171453125
32,2,289,355.436235,11.10738234375,90.03021315482931,0.194379191015625
32,2,290,351.903832,10.99699475,90.93393447332508,0.192447408125
32,2,291,345.116327,10.78488521875,92.7223590902438,0.188735491328125
32,2,292,358.596191,11.20613096875,89.23686531851646,0.19610729195312498
32,2,293,349.660216,10.92688175,91.51741758347482,0.191220430625
32,2,294,352.632592,11.0197685,90.74600795833416,0.19284594875
32,2,295,360.854239,11.27669496875,88.6784649909572,0.197342161953125
32,2,296,350.053228,10.939163375,91.41466908569687,0.1914353590625
32,2,297,353.751636,11.054738625,90.45894560894695,0.19345792593750002
32,2,298,355.888661,11.12152065625,89.91576160387982,0.19462661148437502
32,2,299,352.48361,11.0151128125,90.78436299492053,0.19276447421875
32,2,300,359.210721,11.22533503125,89.08420080257015,0.19644336304687499
32,2,301,354.469591,11.07717471875,90.27572692406216,0.19385055757812497
32,2,302,353.875715,11.05861609375,90.42722810182099,0.193525781640625
32,2,303,354.551649,11.07973903125,90.25483336561776,0.19389543304687498
32,2,304,361.130165,11.28531765625,88.6107091053997,0.19749305898437497
32,2,305,353.101147,11.03441084375,90.62559063281661,0.19310218976562502
32,2,306,359.605105,11.23765953125,88.98650090075891,0.196659041796875
32,2,307,353.822275,11.05694609375,90.44088589391384,0.19349655664062498
32,2,308,349.277197,10.91491240625,91.61777600958015,0.191010967109375
32,2,309,358.313396,11.197293625,89.3072945561879,0.19595263843750002
32,2,310,357.309768,11.16593025,89.55814496512728,0.195403779375
32,2,311,357.888823,11.18402571875,89.41324216766613,0.195720450078125
32,2,312,352.22533,11.0070415625,90.85093340674845,0.19262322734374998
32,2,313,356.754058,11.1485643125,89.69764823249747,0.19509987546875
32,2,314,354.749044,11.085907625,90.20461236253536,0.1940033834375
32,2,315,349.95565,10.9361140625,91.4401582029037,0.19138199609374998
32,2,316,376.971135,11.78034796875,84.88713598721557,0.206156089453125
32,2,317,358.235606,11.1948626875,89.32668742034537,0.19591009703125
32,2,318,359.227576,11.22586175,89.08002096141973,0.19645258062499998
32,2,319,355.020866,11.0944020625,90.13554713147481,0.19415203609375
32,2,320,356.180887,11.13065271875,89.8419908758327,0.19478642257812498
32,2,321,354.071226,11.0647258125,90.37729600766824,0.19363270171875002
32,2,322,350.629771,10.95718034375,91.26435530199174,0.191750656015625
32,2,323,359.9758,11.24924375,88.89486459923138,0.196861765625
32,2,324,357.657885,11.17680890625,89.4709758740535,0.195594155859375
32,2,325,361.380507,11.29314084375,88.54932510236364,0.197629964765625
32,2,326,357.834748,11.182335875,89.42675405016844,0.1956908778125
32,2,327,356.373651,11.13667659375,89.79339496679006,0.194891840390625
32,2,328,356.02168,11.1256775,89.88216672647576,0.19469935624999998
32,2,329,359.860217,11.24563178125,88.92341661651363,0.196798556171875
32,2,330,358.629981,11.20718690625,89.22845745013159,0.196125770859375
32,2,331,357.187164,11.162098875,89.58888567451433,0.1953367303125
32,2,332,359.211041,11.22534503125,89.0841214426925,0.196443538046875
32,2,333,354.836557,11.08864240625,90.18236528543477,0.19405124210937502
32,2,334,356.260348,11.133135875,89.82195234368322,0.1948298778125
32,2,335,353.022553,11.03195478125,90.6457667592699,0.193059208671875
32,2,336,360.007685,11.25024015625,88.88699139853085,0.19687920273437498
32,2,337,367.583734,11.4869916875,87.0549946587136,0.20102235453124997
32,2,338,355.559685,11.11124015625,89.99895474651464,0.194446702734375
32,2,339,355.547998,11.1108749375,90.001913046913,0.19444031140625
32,2,340,356.489432,11.14029475,89.76423177672207,0.19495515812500003
32,2,341,362.603703,11.33136571875,88.25061557631142,0.198298900078125
32,2,342,352.769979,11.02406184375,90.71066673731895,0.192921082265625
32,2,343,353.681625,11.05255078125,90.47685188621263,0.193419638671875
32,2,344,354.177333,11.06804165625,90.35022012546467,0.193690728984375
32,2,345,355.601961,11.11256128125,89.98825515475714,0.19446982242187502
32,2,346,358.245906,11.1951845625,89.32411917081336,0.19591572984375
32,2,347,356.138879,11.12933996875,89.852588096679,0.194763449453125
32,2,348,368.519412,11.516231625,86.83396032337097,0.2015340534375
32,2,349,365.286157,11.41519240625,87.6025531950284,0.199765867109375
32,2,350,355.423953,11.10699853125,90.03332423124562,0.194372474296875
32,2,351,358.428721,11.20089753125,89.2785597948776,0.19601570679687502
32,2,352,360.069114,11.2521598125,88.87182697930598,0.19691279671875
32,2,353,355.924442,11.1226388125,89.90672239362533,0.19464617921875
32,2,354,361.813439,11.30666996875,88.44337039675301,0.197866724453125
32,2,355,361.360245,11.29250765625,88.55429019315613,0.197618883984375
32,2,356,357.907483,11.18460884375,89.40858048502997,0.195730654765625
32,2,357,357.095136,11.159223,89.6119738802603,0.1952864025
32,2,358,359.062185,11.22069328125,89.12105294518831,0.196362132421875
32,2,359,358.807321,11.21272878125,89.18435641395399,0.196222753671875
32,2,360,361.221547,11.28817334375,88.58829232576207,0.197543033515625
32,2,361,360.547313,11.26710353125,88.75395501838064,0.19717431179687497
32,2,362,384.260235,12.00813234375,83.2768969706168,0.210142316015625
32,2,363,355.369999,11.10531246875,90.04699352800459,0.194342968203125
32,2,364,357.380416,11.168138,89.54044085056971,0.195442415
32,2,365,361.342704,11.2919595,88.55858896766323,0.19760929125
32,2,366,357.065061,11.15828315625,89.61952174872691,0.19526995523437501
32,2,367,355.024722,11.0945225625,90.13456814987661,0.19415414484375002
32,2,368,355.388322,11.1058850625,90.04235091326382,0.19435298859375003
32,2,369,356.775807,11.14924396875,89.692180277235,0.195111769453125
32,2,370,356.982818,11.1557130625,89.64016862010428,0.19522497859375
32,2,371,356.834741,11.15108565625,89.67736692431525,0.195143998984375
32,2,372,355.400893,11.10627790625,90.03916599613046,0.194359863359375
32,2,373,370.488921,11.57777878125,86.37235335844225,0.202611128671875
32,2,374,349.742221,10.92944440625,91.49595924822586,0.19126527710937496
32,2,375,345.974117,10.81169115625,92.49246815766858,0.18920459523437497
32,2,376,353.081451,11.03379534375,90.6306460148766,0.193091418515625
32,2,377,350.407188,10.950224625,91.32232755453634,0.1916289309375
32,2,378,355.67735,11.1149171875,89.96918133808633,0.19451105078125
32,2,379,354.547534,11.0796104375,90.25588089409754,0.19389318265625
32,2,380,352.944795,11.02952484375,90.6657371161969,0.193016684765625
32,2,381,357.966171,11.18644284375,89.39392208656498,0.195762749765625
32,2,382,359.062381,11.22069940625,89.12100429702213,0.196362239609375
32,2,383,357.513677,11.17230240625,89.5070652080256,0.195515292109375
32,2,384,355.662356,11.114448625,89.97297425539182,0.1945028509375
32,2,385,355.006083,11.09394009375,90.13930051446471,0.194143951640625
32,2,386,354.85529,11.0892278125,90.17760451027797,0.19406148671875
32,2,387,358.85854,11.214329375,89.17162734931709,0.1962507640625
32,2,388,359.514503,11.23482821875,89.0089265745143,0.19660949382812498
32,2,389,361.201837,11.28755740625,88.59312639653048,0.197532254609375
32,2,390,359.394586,11.2310808125,89.0386256402872,0.19654391421874998
32,2,391,357.18089,11.1619028125,89.59045933280474,0.19533329921875
32,2,392,354.643164,11.082598875,90.23154327598995,0.1939454803125
32,2,393,354.507777,11.07836803125,90.26600282453043,0.193871440546875
32,2,394,352.702051,11.02193909375,90.7281369906182,0.192883934140625
32,2,395,353.389093,11.04340915625,90.55174773036926,0.193259660234375
32,2,396,353.089213,11.03403790625,90.62865367116159,0.19309566335937497
32,2,397,347.414282,10.8566963125,92.10905152137643,0.18999218546875
32,2,398,355.500547,11.10939209375,90.01392619516841,0.194414361640625
32,2,399,351.778654,10.9930829375,90.96629268471759,0.19237895140625
32,2,400,351.670152,10.98969225,90.99435882747309,0.19231961437499998
32,2,401,348.195165,10.88109890625,91.90248233343505,0.19041923085937498
32,2,402,350.289719,10.94655371875,91.35295232572898,0.191564690078125
32,2,403,346.266819,10.82083809375,92.41428356437467,0.18936466664062498
32,2,404,346.769061,10.83653315625,92.2804355951467,0.18963933023437501
32,2,405,351.468706,10.9833970625,91.04651268724902,0.19220944859375
32,2,406,361.694903,11.30296571875,88.47235538732488,0.197801900078125
32,2,407,355.334379,11.10419934375,90.05602016347537,0.194323488515625
32,2,408,354.618478,11.0818274375,90.23782455013527,0.19393198015625
32,2,409,355.687794,11.1152435625,89.96653958836721,0.19451676234375
32,2,410,353.336452,11.041764125,90.56523836946208,0.1932308721875
32,2,411,353.07352,11.0335475,90.63268182785275,0.19308708125
32,2,412,352.387637,11.01211365625,90.80908817467964,0.19271198898437497
32,2,413,352.287965,11.00899890625,90.83478057503328,0.192657480859375
32,2,414,349.391551,10.91848596875,91.58778999781825,0.191073504453125
32,2,415,348.519152,10.8912235,91.81704883753419,0.19059641125000001
32,2,416,348.245184,10.882662,91.88928223627639,0.190446585
32,2,417,351.904719,10.99702246875,90.93370526810128,0.192447893203125
32,2,418,352.50442,11.015763125,90.7790035654021,0.1927758546875
32,2,419,352.684372,11.021386625,90.7326849174933,0.19287426593749998
32,2,420,356.455437,11.13923240625,89.77279255246708,0.19493656710937501
32,2,421,354.807672,11.08773975,90.1897070590965,0.19403544562500002
32,2,422,354.706555,11.08457984375,90.21541764290204,0.19398014726562499
32,2,423,358.792242,11.2122575625,89.18810457445733,0.19621450734375
32,2,424,351.295937,10.97799803125,91.09128979194541,0.192114965546875
32,2,425,353.053429,11.03291965625,90.63783940758724,0.193076093984375
32,2,426,346.272264,10.82100825,92.41283038482112,0.189367644375
32,2,427,346.560488,10.83001525,92.33597339579,0.189525266875
32,2,428,357.288183,11.16525571875,89.56355547868763,0.195391975078125
32,2,429,354.049554,11.0640485625,90.38282816195837,0.19362084984375
32,2,430,352.170225,11.00531953125,90.86514909089773,0.192593091796875
32,2,431,353.431742,11.0447419375,90.54082075061612,0.19328298390624998
32,2,432,357.097294,11.1592904375,89.61143233978133,0.19528758265625
32,2,433,349.525838,10.9226824375,91.55260218559292,0.19114694265625
32,2,434,350.933322,10.9666663125,91.18541327916418,0.19191666046875
32,2,435,352.721671,11.02255221875,90.72309027476794,0.192894663828125
32,2,436,346.917943,10.84118571875,92.24083287038283,0.18972075007812497
32,2,437,353.997427,11.06241959375,90.3961372577999,0.19359234289062502
32,2,438,357.998757,11.18746115625,89.3857852137738,0.195780570234375
32,2,439,359.846183,11.24519321875,88.92688462948071,0.196790881328125
32,2,440,358.029261,11.18841440625,89.3781695681013,0.19579725210937501
32,2,441,354.696896,11.084278,90.21787436222729,0.193974865
32,2,442,347.448916,10.857778625,92.09987001369721,0.1900111259375
32,2,443,347.446832,10.8577135,92.10042243240255,0.19000998624999998
32,2,444,354.406073,11.07518978125,90.29190648208785,0.193815821171875
32,2,445,346.32014,10.822504375,92.4000550473328,0.18939382656249998
32,2,446,348.446694,10.8889591875,91.83614180021463,0.19055678578125
32,2,447,350.933465,10.96667078125,91.185376122508,0.191916738671875
32,2,448,348.203108,10.881347125,91.90038590924927,0.19042357468749999
32,2,449,343.662373,10.73944915625,93.11464540227684,0.187940360234375
32,2,450,350.343456,10.948233,91.33894026552048,0.1915940775
32,2,451,353.123442,11.0351075625,90.6198688446178,0.19311438234375
32,2,452,353.886508,11.058953375,90.42447020896316,0.19353168406250001
32,2,453,354.739262,11.0856019375,90.20709977121167,0.19399803390624998
32,2,454,352.403763,11.01261759375,90.80493274982423,0.192720807890625
32,2,455,351.164767,10.97389896875,91.1253149721595,0.192043231953125
32,2,456,359.991175,11.24972421875,88.89106795465194,0.196870173828125
32,2,457,354.292814,11.0716504375,90.32077066062085,0.19375388265625
32,2,458,350.011134,10.9378479375,91.4256630476218,0.19141233890625003
32,2,459,351.650934,10.9890916875,90.9993317407199,0.19230910453125
32,2,460,350.973357,10.96791740625,91.17501189698567,0.191938554609375
32,2,461,352.826265,11.02582078125,90.69619576082297,0.19295186367187497
32,2,462,356.119335,11.12872921875,89.85751924983236,0.194752761328125
32,2,463,357.897284,11.184290125,89.41112836162232,0.1957250771875
32,2,464,353.19718,11.037411875,90.60094987168357,0.1931547078125
32,2,465,359.54826,11.235883125,89.0005697705226,0.19662795468750002
32,2,466,353.652337,11.05163553125,90.48434479877338,0.193403621796875
32,2,467,353.389079,11.04340871875,90.55175131770272,0.193259652578125
32,2,468,357.708276,11.178383625,89.45837193881418,0.1956217134375
32,2,469,352.053594,11.0016748125,90.89525159058596,0.19252930921874997
32,2,470,349.826012,10.932062875,91.47404395988713,0.1913111003125
32,2,471,348.702908,10.896965875,91.76866399978518,0.19069690281249999
32,2,472,353.47349,11.0460465625,90.53012716738672,0.19330581484375003
32,2,473,356.412039,11.13787621875,89.78372360760798,0.194912833828125
32,2,474,353.495952,11.0467485,90.5243746610145,0.19331809875
32,2,475,350.593548,10.956048375,91.27378465048079,0.1917308465625
32,2,476,351.650006,10.9890626875,90.99957188682659,0.19230859703125
32,2,477,351.78869,10.9933965625,90.96369755377867,0.19238443984374998
32,2,478,356.486123,11.14019134375,89.76506499244572,0.194953348515625
32,2,479,353.366347,11.04269834375,90.5575764972322,0.193247221015625
32,2,480,356.791829,11.14974465625,89.68815258378577,0.195120531484375
32,2,481,352.918413,11.02870040625,90.67251472651273,0.193002257109375
32,2,482,353.727915,11.05399734375,90.46501178737901,0.193444953515625
32,2,483,351.334907,10.97921584375,91.08118596368223,0.192136277265625
32,2,484,356.636322,11.1448850625,89.727260029336,0.19503548859375003
32,2,485,351.125894,10.9726841875,91.13540341744206,0.19202197328125
32,2,486,355.565333,11.11141665625,89.997525152431,0.194449791484375
32,2,487,355.777017,11.11803178125,89.94397746608799,0.194565556171875
32,2,488,354.733965,11.08543640625,90.20844677221703,0.19399513710937502
32,2,489,356.552617,11.14226928125,89.74832457897791,0.194989712421875
32,2,490,356.209004,11.131531375,89.83489928850872,0.1948017990625
32,2,491,359.011132,11.219097875,89.13372636032913,0.1963342128125
32,2,492,356.997319,11.15616621875,89.6365274944824,0.195232908828125
32,2,493,358.016409,11.18801278125,89.38137804739557,0.19579022367187499
32,2,494,357.514537,11.17232928125,89.50684989908535,0.19551576242187502
32,2,495,355.69127,11.1153521875,89.96566038857239,0.19451866328124998
32,2,496,359.176156,11.224254875,89.09277374191845,0.1964244603125
32,2,497,356.889796,11.152806125,89.66353299717206,0.1951741071875
32,2,498,356.728369,11.14776153125,89.70410760911477,0.19508582679687497
32,2,499,352.246823,11.00771321875,90.8453899667961,0.192634981328125
32,2,500,356.872975,11.15228046875,89.66775923562159,0.19516490820312501
32,3,1,361.728517,11.30401615625,88.4641340013566,0.19782028273437502
32,3,2,358.894169,11.21544278125,89.16277489033264,0.19627024867187498
32,3,3,358.7087,11.209646875,89.20887617166797,0.1961688203125
32,3,4,357.53904,11.173095,89.50071578197448,0.19552916250000002
32,3,5,357.824751,11.18202346875,89.42925247784216,0.195685410703125
32,3,6,360.898578,11.2780805625,88.66757020029046,0.19736640984375
32,3,7,361.75002,11.304688125,88.45887555168622,0.1978320421875
32,3,8,361.107906,11.2846220625,88.61617114525318,0.19748088609375
32,3,9,359.688215,11.24025671875,88.9659395707474,0.196704492578125
32,3,10,362.393085,11.32478390625,88.30190565032443,0.19818371835937498
32,3,11,359.557349,11.23616715625,88.9983199870572,0.196632925234375
32,3,12,360.563104,11.267597,88.7500680047396,0.1971829475
32,3,13,361.167448,11.28648275,88.60156189934371,0.197513448125
32,3,14,360.77348,11.27417125,88.69831563007348,0.197297996875
32,3,15,362.980638,11.3431449375,88.15897227003055,0.19850503640624997
32,3,16,362.542976,11.329468,88.26539781038262,0.19826569
32,3,17,360.928955,11.27902984375,88.66010763808075,0.19738302226562499
32,3,18,359.78214,11.243191875,88.94271405467764,0.19675585781250002
32,3,19,360.096601,11.25301878125,88.86504318878589,0.196927828671875
32,3,20,360.819783,11.27561821875,88.6869332217297,0.19732331882812498
32,3,21,361.745732,11.304554125,88.45992411045226,0.1978296971875
32,3,22,361.366633,11.29270728125,88.55272478906485,0.197622377421875
32,3,23,365.370852,11.417839125,87.58224643491812,0.1998121846875
32,3,24,366.494688,11.452959,87.31368024630142,0.2004267825
32,3,25,361.555862,11.2986206875,88.506378580027,0.19772586203124998
32,3,26,361.137643,11.28555134375,88.608874262382,0.19749714851562503
32,3,27,358.379597,11.19936240625,89.29079743342643,0.19598884210937498
32,3,28,361.683693,11.30261540625,88.47509749354388,0.197795769609375
32,3,29,375.822216,11.74444425,85.14664284774479,0.205527774375
32,3,30,364.915094,11.4035966875,87.69163163198725,0.19956294203125
32,3,31,360.607226,11.2689758125,88.73920901407561,0.19720707671875
32,3,32,360.526787,11.26646209375,88.7590080789198,0.197163086640625
32,3,33,360.685126,11.2714101875,88.72004331001993,0.19724967828125003
32,3,34,362.271542,11.3209856875,88.33153115847007,0.19811724953124998
32,3,35,363.98266,11.374458125,87.91627601161,0.19905301718750001
32,3,36,357.820654,11.1818954375,89.4302764311643,0.19568317015624997
32,3,37,360.175055,11.25547046875,88.84568643988963,0.19697073320312497
32,3,38,358.989454,11.2184204375,89.1391088051294,0.19632235765625
32,3,39,353.202223,11.03756946875,90.5996562767953,0.193157465703125
32,3,40,356.875815,11.15236921875,89.66704566404984,0.19516646132812498
32,3,41,353.949783,11.06093071875,90.40830518039898,0.19356628757812502
32,3,42,352.267177,11.00834928125,90.84014091951576,0.192646112421875
32,3,43,349.712889,10.92852778125,91.50363342770588,0.191249236171875
32,3,44,357.676219,11.17738184375,89.46638971264679,0.195604182265625
32,3,45,353.613844,11.050432625,90.49419456552727,0.1933825709375
32,3,46,355.411919,11.10662246875,90.03637269688751,0.194365893203125
32,3,47,356.182562,11.1307050625,89.8415683808799,0.19478733859375
32,3,48,356.568329,11.14276028125,89.74436986522154,0.19499830492187498
32,3,49,353.717857,11.05368303125,90.46758416836163,0.19343945304687502
32,3,50,356.997797,11.15618115625,89.63640747620636,0.195233170234375
32,3,51,354.151535,11.06723546875,90.35680164424531,0.19367662070312502
32,3,52,355.723116,11.116347375,89.95760624114178,0.1945360790625
32,3,53,357.475884,11.171121375,89.51652805759618,0.1954946240625
32,3,54,352.906963,11.02834259375,90.67545657918912,0.192995995390625
32,3,55,357.152025,11.16100078125,89.5977000270403,0.195317513671875
32,3,56,355.3792,11.1056,90.0446621524276,0.19434800000000002
32,3,57,356.890794,11.1528373125,89.66328226443409,0.19517465296875003
32,3,58,359.177353,11.22429228125,89.09247682996318,0.19642511492187498
32,3,59,358.620452,11.206889125,89.2308283633528,0.1961205596875
32,3,60,349.468272,10.9208835,91.56768314578211,0.19111546125
32,3,61,349.388266,10.9183833125,91.58865111972592,0.19107170796875
32,3,62,356.901569,11.15317403125,89.66057529436078,0.195180545546875
32,3,63,350.339678,10.9481149375,91.33992524820441,0.19159201140625
32,3,64,355.803309,11.11885340625,89.93733107749146,0.194579934609375
32,3,65,356.100982,11.1281556875,89.86215039418228,0.19474272453125
32,3,66,359.146444,11.223326375,89.10014434112009,0.1964082115625
32,3,67,356.265432,11.13329475,89.82067056115622,0.194832658125
32,3,68,359.573744,11.2366795,88.99426205045717,0.19664189124999998
32,3,69,355.799612,11.118737875,89.93826558754088,0.1945779128125
32,3,70,360.451037,11.26409490625,88.77766108354962,0.197121660859375
32,3,71,357.495644,11.171738875,89.5115801746664,0.1955054303125
32,3,72,356.230009,11.13218778125,89.82960219951599,0.19481328617187502
32,3,73,357.620603,11.17564384375,89.48030323633226,0.195573767265625
32,3,74,355.555308,11.111103375,90.00006266254363,0.19444430906250001
32,3,75,359.333328,11.2291665,89.05380466128096,0.19651041375
32,3,76,358.839398,11.2137311875,89.17638413828796,0.19624029578125002
32,3,77,356.285653,11.13392665625,89.81557278704118,0.194843716484375
32,3,78,357.802151,11.18131721875,89.43490113339202,0.195673051328125
32,3,79,355.689814,11.1153066875,89.9660286588921,0.19451786703125
32,3,80,354.774564,11.086705125,90.19812367382686,0.19401733968749998
32,3,81,358.436213,11.20113165625,89.27669370282071,0.19601980398437502
32,3,82,359.775879,11.24299621875,88.94426188032467,0.196752433828125
32,3,83,353.489729,11.04655403125,90.5259682948242,0.19331469554687503
32,3,84,358.08115,11.1900359375,89.36521791219673,0.19582562890625
32,3,85,357.63479,11.1760871875,89.47675364580721,0.19558152578125002
32,3,86,360.300087,11.25937771875,88.81485504609383,0.19703911007812502
32,3,87,354.454085,11.07669015625,90.27967613915354,0.193842077734375
32,3,88,355.74721,11.1171003125,89.95151360428098,0.19454925546875002
32,3,89,352.763462,11.0238581875,90.71234253846845,0.19291751828125
32,3,90,357.345807,11.16705646875,89.54911285694756,0.19542348820312497
32,3,91,353.830889,11.05721528125,90.43868411386774,0.193501267421875
32,3,92,356.685386,11.1464183125,89.71491756042957,0.19506232046875
32,3,93,352.04627,11.0014459375,90.89714258299058,0.19252530390625
32,3,94,352.13838,11.004324375,90.87336631695756,0.1925756765625
32,3,95,348.730999,10.89784371875,91.76127184495004,0.190712265078125
32,3,96,352.739682,11.0231150625,90.71845792501452,0.19290451359375002
32,3,97,349.680074,10.9275023125,91.51222039606408,0.19123129046874998
32,3,98,355.479713,11.10874103125,90.01920174274473,0.194402968046875
32,3,99,346.024073,10.81325228125,92.47911488516581,0.189231914921875
32,3,100,345.97181,10.8116190625,92.49308491347894,0.18920333359375002
32,3,101,350.766491,10.96145284375,91.22878274025327,0.19182542476562497
32,3,102,347.182984,10.84946825,92.1704158173835,0.18986569437499998
32,3,103,357.072066,11.1585020625,89.61776360293611,0.19527378609375
32,3,104,352.947774,11.0296179375,90.66497186634757,0.19301831390625
32,3,105,349.543019,10.92321934375,91.54810212359011,0.191156338515625
32,3,106,349.879515,10.93373484375,91.46005589952873,0.19134035976562502
32,3,107,352.115934,11.0036229375,90.87915913512737,0.19256340140625
32,3,108,350.774547,10.96170459375,91.22668755096419,0.19182983039062498
32,3,109,344.076875,10.75240234375,93.00247219462221,0.18816704101562498
32,3,110,351.679264,10.989977,90.99200116615349,0.19232459749999997
32,3,111,354.73038,11.085324375,90.20935844288273,0.19399317656250004
32,3,112,353.737404,11.054293875,90.46258506493703,0.19345014281250003
32,3,113,355.709656,11.11592675,89.96101022346159,0.194528718125
32,3,114,348.355204,10.886100125,91.86026111439976,0.19050675218750002
32,3,115,355.863595,11.12073734375,89.92209500946564,0.194612903515625
32,3,116,355.811748,11.119117125,89.93519798002846,0.19458454968750002
32,3,117,355.442495,11.10757796875,90.02862755619583,0.194382614453125
32,3,118,359.172842,11.2241513125,89.09359577915971,0.19642264796875
32,3,119,358.64796,11.20774875,89.22398443309145,0.19613560312500003
32,3,120,362.290763,11.32158634375,88.32684481111102,0.19812776101562501
32,3,121,356.001237,11.12503865625,89.88732811622224,0.194688176484375
32,3,122,357.294902,11.1654656875,89.56187121863833,0.19539564953125
32,3,123,354.922688,11.091334,90.16048024520767,0.194098345
32,3,124,352.799165,11.02497390625,90.70316252024008,0.192937043359375
32,3,125,350.73746,10.960545625,91.2363338663626,0.1918095484375
32,3,126,352.058976,11.001843,90.89386205565741,0.1925322525
32,3,127,358.148648,11.19214525,89.34837581740642,0.195862541875
32,3,128,353.094432,11.034201,90.62731411182378,0.19309851749999998
32,3,129,348.318915,10.88496609375,91.86983141584487,0.19048690664062498
32,3,130,350.965187,10.96766209375,91.17713432928035,0.191934086640625
32,3,131,354.149703,11.06717821875,90.35726905579249,0.19367561882812498
32,3,132,358.562833,11.20508853125,89.24516724799527,0.196089049296875
32,3,133,363.076223,11.34613196875,88.13576316177553,0.19855730945312502
32,3,134,357.379801,11.16811878125,89.54059493698135,0.195442078671875
32,3,135,350.993472,10.968546,91.16978677027932,0.191949555
32,3,136,355.084294,11.0963841875,90.11944639826845,0.19418672328125
32,3,137,351.797332,10.993666625,90.96146300506908,0.1923891659375
32,3,138,349.215704,10.91299075,91.63390888056969,0.190977338125
32,3,139,354.497653,11.07805165625,90.26858070623108,0.193865903984375
32,3,140,367.927022,11.4977194375,86.97376948845033,0.20121009015625
32,3,141,356.659508,11.145609625,89.72142696950056,0.1950481684375
32,3,142,361.534022,11.2979381875,88.51172518419304,0.19771391828124998
32,3,143,355.718313,11.11619728125,89.95882087183968,0.194533452421875
32,3,144,361.495931,11.29674784375,88.52105170721825,0.19769308726562498
32,3,145,361.800993,11.30628103125,88.44641285990058,0.197859918046875
32,3,146,359.416421,11.23176315625,89.03321643169997,0.196555855234375
32,3,147,352.856043,11.02675134375,90.68854178586365,0.192968148515625
32,3,148,355.619348,11.113104625,89.98385543409748,0.1944793309375
32,3,149,362.682281,11.33382128125,88.23149537873343,0.198341872421875
32,3,150,357.042005,11.15756265625,89.62530893248821,0.195257346484375
32,3,151,359.552141,11.23600440625,88.99960909981064,0.196630077109375
32,3,152,357.57034,11.174073125,89.49288131672219,0.1955462796875
32,3,153,363.697073,11.36553353125,87.98531078637524,0.198896836796875
32,3,154,384.671771,12.02099284375,83.18780428522788,0.21036737476562498
32,3,155,355.952206,11.1235064375,89.89970973799781,0.19466136265625
32,3,156,359.133903,11.22293446875,89.10325572910337,0.196401353203125
32,3,157,355.789856,11.118433,89.94073175599476,0.19457257749999998
32,3,158,353.253188,11.039162125,90.58658516621794,0.1931853371875
32,3,159,356.774796,11.149212375,89.69243443979154,0.19511121656249997
32,3,160,355.752074,11.1172523125,89.95028374732681,0.19455191546875
32,3,161,351.029093,10.96965915625,91.16053523233187,0.19196903523437497
32,3,162,347.454095,10.85794046875,92.09849721299155,0.190013958203125
32,3,163,357.275951,11.16487346875,89.56662185191412,0.19538528570312502
32,3,164,353.275509,11.03985965625,90.5808616356703,0.193197543984375
32,3,165,353.281583,11.04004946875,90.57930427129001,0.193200865703125
32,3,166,353.571275,11.04910234375,90.50508981534203,0.19335929101562502
32,3,167,352.446867,11.01396459375,90.79382737143185,0.192744380390625
32,3,168,354.408478,11.0752649375,90.29129376526934,0.19381713640625
32,3,169,354.089323,11.06529134375,90.37267695304104,0.193642598515625
32,3,170,350.624046,10.9570014375,91.26584546913818,0.19174752515625001
32,3,171,350.059169,10.93934903125,91.41311764926232,0.19143860804687501
32,3,172,347.09101,10.8465940625,92.19483961857728,0.18981539609375
32,3,173,354.854247,11.08919521875,90.17786956344361,0.194060916328125
32,3,174,352.617754,11.0193048125,90.74982651043713,0.19283783421875
32,3,175,351.047448,10.97023275,91.1557687780143,0.19197907312499998
32,3,176,354.289472,11.071546,90.32162265324102,0.19375205499999998
32,3,177,346.544116,10.829503625,92.34033568182126,0.18951631343749997
32,3,178,350.821913,10.96318478125,91.21437063710442,0.19185573367187497
32,3,179,359.810324,11.244072625,88.93574715771636,0.1967712709375
32,3,180,351.998909,10.99996590625,90.90937267649315,0.19249940335937502
32,3,181,352.145144,11.00453575,90.87162082235045,0.19257937562500002
32,3,182,353.633418,11.0510443125,90.48918561197742,0.19339327546875001
32,3,183,351.884426,10.9963883125,90.93894936970014,0.19243679546875
32,3,184,357.424809,11.16952528125,89.52931971770322,0.195466692421875
32,3,185,357.662213,11.17694415625,89.46989320339523,0.19559652273437503
32,3,186,362.582135,11.33069171875,88.25586511591368,0.198287105078125
32,3,187,362.177073,11.31803353125,88.35457124587232,0.198065586796875
32,3,188,357.855161,11.18297378125,89.42165291281071,0.195702041171875
32,3,189,355.973418,11.1241693125,89.89435272945016,0.19467296296875
32,3,190,361.997928,11.31243525,88.39829602560597,0.197967616875
32,3,191,358.854515,11.21420359375,89.17262752009684,0.196248562890625
32,3,192,356.701149,11.14691090625,89.71095296359698,0.19507094085937499
32,3,193,355.368565,11.10526765625,90.04735688988136,0.194342183984375
32,3,194,352.576504,11.01801575,90.76044386667354,0.192815275625
32,3,195,349.644488,10.92639025,91.52153429628783,0.191211829375
32,3,196,354.307478,11.0721086875,90.31703248442304,0.19376190203125002
32,3,197,354.082627,11.06508209375,90.37438597629927,0.19363893664062498
32,3,198,353.700346,11.0531358125,90.47206303835507,0.19342987671875003
32,3,199,352.180912,11.0056535,90.86239176982994,0.19259893625
32,3,200,354.053115,11.06415984375,90.38191910838012,0.193622797265625
32,3,201,352.294094,11.0091904375,90.83320028634941,0.19266083265625
32,3,202,352.596633,11.01864478125,90.7552625438712,0.192826283671875
32,3,203,354.938214,11.0918191875,90.1565363711443,0.19410683578125
32,3,204,352.20706,11.006470625,90.85564610771857,0.19261323593750002
32,3,205,354.426756,11.075836125,90.28663738919305,0.1938271321875
32,3,206,351.268093,10.97712790625,91.09851033353034,0.19209973835937502
32,3,207,351.642058,10.9888143125,91.00162870733739,0.19230425046875002
32,3,208,352.648555,11.02026734375,90.74190024683357,0.192854678515625
32,3,209,353.871199,11.05847496875,90.42838210746844,0.193523311953125
32,3,210,355.770242,11.1178200625,89.94569028626064,0.19456185109375
32,3,211,351.850042,10.9953138125,90.94783623757533,0.19241799171875
32,3,212,349.173831,10.91168221875,91.64489763839147,0.19095443882812502
32,3,213,352.801387,11.02504334375,90.70259125710298,0.192938258515625
32,3,214,357.44857,11.1702678125,89.52336835478178,0.19547968671875
32,3,215,353.218542,11.0380794375,90.59547049486433,0.19316639015625
32,3,216,353.956766,11.0611489375,90.40652156936025,0.19357010640625
32,3,217,353.316272,11.0411335,90.57041109049175,0.19321983625000003
32,3,218,356.099359,11.12810496875,89.862559960407,0.194741836953125
32,3,219,368.274359,11.50857371875,86.8917404048757,0.201400040078125
32,3,220,357.872437,11.18351365625,89.41733615545252,0.195711488984375
32,3,221,355.728971,11.11653034375,89.95612561452016,0.19453928101562498
32,3,222,353.471343,11.04597946875,90.53067705123694,0.19330464070312497
32,3,223,352.258039,11.00806371875,90.84249742274866,0.192641115078125
32,3,224,358.050045,11.18906390625,89.37298136633385,0.195808618359375
32,3,225,353.988045,11.06212640625,90.39853309170371,0.193587212109375
32,3,226,351.143192,10.97322475,91.1309139093319,0.192031433125
32,3,227,354.20836,11.06901125,90.34230586765372,0.193707696875
32,3,228,352.868314,11.0271348125,90.6853880906972,0.19297485921875
32,3,229,352.476238,11.0148824375,90.78626173943674,0.19276044265625
32,3,230,352.022031,11.00068846875,90.90340144080356,0.192512048203125
32,3,231,353.734856,11.05421425,90.46323667916967,0.19344874937499998
32,3,232,384.357259,12.01116434375,83.25587523247479,0.210195376015625
32,3,233,358.331173,11.19784915625,89.30286397382457,0.195962360234375
32,3,234,352.661921,11.02068503125,90.73846109968873,0.19286198804687502
32,3,235,350.844697,10.96389678125,91.20844713807945,0.191868193671875
32,3,236,353.872493,11.05851540625,90.42805143942059,0.19352401960937501
32,3,237,352.124586,11.0038933125,90.8769261570392,0.19256813296875
32,3,238,356.482416,11.1400755,89.76599844408594,0.19495132125
32,3,239,351.93134,10.997854375,90.92682680661518,0.19246245156249997
32,3,240,351.014746,10.9692108125,91.16426123021054,0.19196118921875
32,3,241,352.595299,11.01860309375,90.755605905001,0.192825554140625
32,3,242,357.89638,11.184261875,89.41135420257673,0.19572458281250002
32,3,243,352.472997,11.01478115625,90.78709652189328,0.192758670234375
32,3,244,350.361768,10.94880525,91.33416634659751,0.191604091875
32,3,245,352.229965,11.00718640625,90.8497378977964,0.192625762109375
32,3,246,353.054324,11.032947625,90.63760963879314,0.1930765834375
32,3,247,351.464717,10.98327240625,91.04754603290662,0.19220726710937502
32,3,248,356.054952,11.12671725,89.87376757506802,0.194717551875
32,3,249,353.39192,11.0434975,90.55102335107152,0.19326120625
32,3,250,350.652267,10.95788334375,91.25850026231257,0.191762958515625
32,3,251,347.716887,10.86615271875,92.02889245928398,0.190157672578125
32,3,252,355.666195,11.11456859375,89.97200310251583,0.194504950390625
32,3,253,355.952282,11.1235088125,89.8996905433521,0.19466140421875003
32,3,254,346.224819,10.81952559375,92.42549419890085,0.18934169789062502
32,3,255,349.007571,10.90648659375,91.68855537520705,0.190863515390625
32,3,256,354.189144,11.06841075,90.34720725376043,0.193697188125
32,3,257,351.003095,10.96884671875,91.16728728560072,0.191954817578125
32,3,258,356.065401,11.12704378125,89.87113016352858,0.194723266171875
32,3,259,348.487487,10.89023396875,91.82539171054943,0.190579094453125
32,3,260,343.725345,10.74141703125,93.09758638834154,0.187974798046875
32,3,261,346.859913,10.83937228125,92.25626485122251,0.189689014921875
32,3,262,352.43442,11.013575625,90.79703395599103,0.1927375734375
32,3,263,347.448949,10.85777965625,92.09986126623741,0.19001114398437502
32,3,264,351.327966,10.9789989375,91.08298540629129,0.19213248140625
32,3,265,349.380685,10.91814640625,91.590638446427,0.191067562109375
32,3,266,350.987732,10.968366625,91.1712777471094,0.1919464159375
32,3,267,346.725105,10.83515953125,92.29213442735853,0.189615291796875
32,3,268,350.989894,10.9684341875,91.17071615742874,0.19194759828125002
32,3,269,349.330241,10.91657003125,91.60386432161194,0.19103997554687502
32,3,270,349.659161,10.92684878125,91.51769371202032,0.191219853671875
32,3,271,342.103517,10.69073490625,93.53893897559666,0.187087860859375
32,3,272,347.412128,10.856629,92.10962260937535,0.1899910075
32,3,273,345.882426,10.8088258125,92.51698726086765,0.18915445171875
32,3,274,347.935939,10.87299809375,91.97095330816055,0.19027746664062503
32,3,275,339.283717,10.60261615625,94.3163446891853,0.18554578273437503
32,3,276,345.336765,10.79177390625,92.66317184618325,0.188856043359375
32,3,277,347.145607,10.84830021875,92.18033976158023,0.18984525382812498
32,3,278,351.10718,10.972099375,91.14026093114929,0.19201173906250002
32,3,279,353.028781,11.03214940625,90.64416762099633,0.193062614609375
32,3,280,348.666118,10.8958161875,91.77834710053473,0.19067678328124998
32,3,281,344.037043,10.75115759375,93.01323985626746,0.188145257890625
32,3,282,343.842659,10.74508309375,93.06582287685251,0.18803895414062502
32,3,283,346.525793,10.82893103125,92.34521829663629,0.18950629304687502
32,3,284,349.310882,10.9159650625,91.6089410578397,0.19102938859375
32,3,285,345.567288,10.79897775,92.60135756831242,0.188982110625
32,3,286,342.824293,10.71325915625,93.34227665132238,0.187482035234375
32,3,287,343.683857,10.74012053125,93.10882471852614,0.187952109296875
32,3,288,347.529235,10.86028859375,92.07858441031586,0.190055050390625
32,3,289,349.00778,10.906493125,91.68850046838496,0.1908636296875
32,3,290,349.688464,10.9277645,91.51002476307025,0.19123587875
32,3,291,345.21015,10.7878171875,92.69715852792856,0.18878680078125
32,3,292,349.521381,10.92254315625,91.55376963905964,0.191144505234375
32,3,293,351.40197,10.9813115625,91.06380365482869,0.19217295234375
32,3,294,354.77779,11.0868059375,90.19730350087586,0.19401910390625
32,3,295,353.653329,11.05166653125,90.48409098956907,0.193404164296875
32,3,296,352.198707,11.00620959375,90.85780090612315,0.192608667890625
32,3,297,353.476276,11.046133625,90.52941363453768,0.1933073384375
32,3,298,356.02418,11.125755625,89.88153557435339,0.1947007234375
32,3,299,346.801143,10.83753571875,92.27189888471618,0.189656875078125
32,3,300,348.177887,10.88055896875,91.90704290763875,0.190409781953125
32,3,301,350.147014,10.9420941875,91.39018389572786,0.19148664828125
32,3,302,350.436947,10.95115459375,91.31457248998349,0.191645205390625
32,3,303,352.228334,11.0071354375,90.8501585792357,0.19262487015625002
32,3,304,347.406049,10.85643903125,92.11123436713677,0.189987683046875
32,3,305,349.349163,10.91716134375,91.59890272872931,0.191050323515625
32,3,306,353.207537,11.03773553125,90.59829320686325,0.193160371796875
32,3,307,355.465207,11.10828771875,90.02287529085793,0.194395035078125
32,3,308,358.50817,11.2033803125,89.2587747721342,0.19605915546875
32,3,309,355.422234,11.1069448125,90.03375967751077,0.19437153421875
32,3,310,351.574271,10.98669596875,91.01917472225946,0.19226717945312502
32,3,311,351.929534,10.9977979375,90.92729341664176,0.19246146390625
32,3,312,359.180086,11.2243776875,89.09179892562307,0.19642660953125002
32,3,313,356.070323,11.12719759375,89.86988786481935,0.194725957890625
32,3,314,359.312332,11.228510375,89.05900841722293,0.1964989315625
32,3,315,352.510774,11.0159616875,90.77736727558857,0.19277932953125002
32,3,316,353.361039,11.04253246875,90.55893680457511,0.19324431820312502
32,3,317,352.878677,11.02745865625,90.68272492984892,0.192980526484375
32,3,318,355.65207,11.1141271875,89.97557641095692,0.19449722578125
32,3,319,350.93173,10.9666165625,91.1858269413256,0.19191578984375002
32,3,320,354.15372,11.06730375,90.3562441755518,0.19367781562500003
32,3,321,346.654169,10.83294278125,92.31102020873142,0.189576498671875
32,3,322,347.180877,10.84940240625,92.17097518882066,0.189864542109375
32,3,323,350.289059,10.94653309375,91.35312444914244,0.19156432914062502
32,3,324,350.693392,10.9591685,91.24779858982915,0.19178544875
32,3,325,353.228442,11.0383888125,90.59293135856824,0.19317180421875
32,3,326,353.932684,11.060396375,90.41267293641636,0.1935569365625
32,3,327,350.293897,10.94668428125,91.35186274741177,0.19156697492187502
32,3,328,352.23009,11.0071903125,90.84970565689036,0.19262583046875
32,3,329,348.208986,10.8815308125,91.89883456942148,0.19042678921875
32,3,330,357.205047,11.16265771875,89.58440052500154,0.19534651007812498
32,3,331,356.255435,11.13298234375,89.82319104829939,0.19482719101562498
32,3,332,356.805455,11.15017046875,89.68472749386638,0.195127983203125
32,3,333,355.677125,11.11491015625,89.96923825224914,0.194510927734375
32,3,334,353.706615,11.05333171875,90.47045953607625,0.19343330507812498
32,3,335,357.123442,11.1601075625,89.60487113584664,0.19530188234375
32,3,336,356.081598,11.1275499375,89.86704221654274,0.19473212390625
32,3,337,352.997934,11.0311854375,90.65208863233742,0.19304574515625
32,3,338,355.904238,11.1220074375,89.91182622557025,0.19463513015625
32,3,339,358.211874,11.1941210625,89.33260542893113,0.19589711859375
32,3,340,361.794101,11.30606565625,88.44809772064248,0.197856148984375
32,3,341,358.577932,11.205560375,89.24140931238345,0.1960973065625
32,3,342,358.055248,11.1892265,89.37168266278282,0.19581146375
32,3,343,358.602119,11.20631621875,89.2353901567436,0.196110533828125
32,3,344,358.971831,11.21786971875,89.14348491038005,0.196312720078125
32,3,345,357.679014,11.1774691875,89.46569059821888,0.19560571078125
32,3,346,359.143802,11.2232438125,89.10079979606608,0.19640676671875
32,3,347,358.518466,11.2037020625,89.25621142203593,0.19606478609375
32,3,348,350.055317,10.93922865625,91.41412355693487,0.19143650148437502
32,3,349,355.690966,11.1153426875,89.96573727992856,0.19451849703125002
32,3,350,356.133097,11.12915928125,89.85404689865149,0.194760287421875
32,3,351,351.696275,10.99050859375,90.98760002505003,0.192333900390625
32,3,352,356.923718,11.1538661875,89.65501138257223,0.19519265828125001
32,3,353,350.95631,10.9673846875,91.17944054061886,0.19192923203125
32,3,354,359.11119,11.2222246875,89.10889131580667,0.19638893203125002
32,3,355,356.207788,11.131493375,89.83520596130258,0.1948011340625
32,3,356,353.310485,11.04095265625,90.57189457595632,0.19321667148437502
32,3,357,352.882993,11.02759353125,90.68161581819275,0.192982886796875
32,3,358,358.097714,11.1905535625,89.36108427656704,0.19583468734375
32,3,359,356.562725,11.14258515625,89.74578035323238,0.19499524023437498
32,3,360,350.993995,10.96856234375,91.16965092237547,0.191949841015625
32,3,361,354.006092,11.062690375,90.39392463336478,0.19359708156250002
32,3,362,350.768046,10.9615014375,91.22837831129007,0.19182627515625
32,3,363,343.458127,10.73306646875,93.17001836442205,0.187828663203125
32,3,364,350.278448,10.9462015,91.35589181324681,0.19155852625
32,3,365,345.075963,10.78362384375,92.73320494942733,0.188713417265625
32,3,366,344.805339,10.77516684375,92.80598755461847,0.188565419765625
32,3,367,344.525106,10.7664095625,92.88147494249665,0.18841216734375
32,3,368,350.139247,10.94185146875,91.39221116791857,0.191482400703125
32,3,369,351.048191,10.97025596875,91.15557584514089,0.191979479453125
32,3,370,347.180913,10.84940353125,92.17096563139691,0.189864561796875
32,3,371,349.477501,10.92117190625,91.56526502688938,0.191120508359375
32,3,372,346.266845,10.82083890625,92.41427662530036,0.189364680859375
32,3,373,345.361935,10.79256046875,92.65641854826879,0.18886980820312502
32,3,374,345.745337,10.80454178125,92.55367050691417,0.189079481171875
32,3,375,351.268953,10.97715478125,91.09828730010193,0.19210020867187502
32,3,376,355.897971,11.12181159375,89.91340948105602,0.19463170289062498
32,3,377,355.992824,11.12477575,89.88945237839962,0.194683575625
32,3,378,357.119686,11.1599901875,89.6058135534987,0.19529982828125
32,3,379,355.643296,11.113853,89.97779617923685,0.1944924275
32,3,380,348.765197,10.89891240625,91.75227423853303,0.190730967109375
32,3,381,348.137685,10.87930265625,91.91765608483323,0.19038779648437498
32,3,382,348.983839,10.90574496875,91.69479048569926,0.19085053695312498
32,3,383,349.385027,10.91828209375,91.58950019915994,0.191069936640625
32,3,384,348.443068,10.888845875,91.83709747384042,0.19055480281249998
32,3,385,350.548289,10.95463403125,91.28556893341447,0.191706095546875
32,3,386,343.95432,10.7485725,93.03561007752425,0.18810001875000001
32,3,387,348.686933,10.89646665625,91.77286835695675,0.190688166484375
32,3,388,346.83183,10.8384946875,92.26373484809626,0.18967365703125
32,3,389,349.861141,10.93316065625,91.46485919680917,0.191330311484375
32,3,390,346.896783,10.84052446875,92.24645937405535,0.18970917820312502
32,3,391,351.625194,10.9882873125,91.00599315986442,0.19229502796875003
32,3,392,350.95242,10.967263125,91.18045118480732,0.19192710468750002
32,3,393,348.606346,10.8939483125,91.79408340432221,0.19064409546874997
32,3,394,351.511871,10.98474596875,91.03533234585981,0.192233054453125
32,3,395,346.467912,10.82712225,92.36064550762785,0.189474639375
32,3,396,348.571145,10.89284828125,91.80335337281001,0.190624844921875
32,3,397,351.580639,10.98689496875,91.0175261385767,0.192270661953125
32,3,398,353.774619,11.05545684375,90.45306893539473,0.19347049476562497
32,3,399,347.858869,10.87058965625,91.99132996663656,0.19023531898437504
32,3,400,346.392975,10.82478046875,92.38062636807227,0.189433658203125
32,3,401,351.826797,10.99458740625,90.95384511032569,0.19240527960937498
32,3,402,353.83372,11.05730375,90.43796051998662,0.19350281562500002
32,3,403,351.790888,10.99346525,90.96312920987312,0.192385641875
32,3,404,349.143497,10.91073428125,91.65285985549947,0.19093784992187499
32,3,405,346.845808,10.8389315,92.26001658927359,0.18968130125
32,3,406,350.091932,10.940372875,91.40456284493868,0.1914565253125
32,3,407,355.248868,11.101527125,90.07769730599114,0.1942767246875
32,3,408,359.919771,11.24749284375,88.90870293424365,0.19683112476562503
32,3,409,358.416999,11.20053121875,89.28147964321303,0.19600929632812497
32,3,410,352.726384,11.0226995,90.72187806625773,0.19289724125000002
32,3,411,347.616084,10.863002625,92.05557933849805,0.1901025459375
32,3,412,348.694854,10.8967141875,91.77078363192592,0.19069249828125
32,3,413,350.294338,10.9466980625,91.35174774078136,0.19156721609374996
32,3,414,356.278425,11.13370078125,89.81739492084034,0.194839763671875
32,3,415,354.90329,11.0907278125,90.1654081595017,0.19408773671875001
32,3,416,354.12563,11.0664259375,90.36341142548761,0.19366245390625
32,3,417,351.574093,10.98669040625,91.01922080475934,0.192267082109375
32,3,418,352.111243,11.00347634375,90.88036987219974,0.192560836015625
32,3,419,356.663383,11.14573071875,89.72045218334061,0.19505028757812498
32,3,420,357.190402,11.1622000625,89.58807353395794,0.19533850109375
32,3,421,353.889701,11.05905315625,90.42365434647108,0.193533430234375
32,3,422,352.117406,11.0036689375,90.87877922172356,0.19256420640625002
32,3,423,351.459427,10.98310709375,91.04891643723074,0.192204374140625
32,3,424,357.057813,11.15805665625,89.62134095634535,0.195265991484375
32,3,425,353.314599,11.04108121875,90.57083995558304,0.193218921328125
32,3,426,351.252369,10.97663653125,91.10258840702652,0.192091139296875
32,3,427,351.461409,10.98316903125,91.04840298412392,0.192205458046875
32,3,428,349.047049,10.90772028125,91.67818519502796,0.19088510492187502
32,3,429,357.667653,11.17711415625,89.46853239758867,0.195599497734375
32,3,430,349.505483,10.92204634375,91.55793415692995,0.19113581101562502
32,3,431,347.165072,10.8489085,92.17517135479574,0.18985589875
32,3,432,353.817987,11.05681209375,90.44198196741196,0.193494211640625
32,3,433,356.583865,11.14324578125,89.74045979337848,0.195006801171875
32,3,434,357.055955,11.15799859375,89.62180731588695,0.19526497539062498
32,3,435,356.903986,11.1532495625,89.65996810133693,0.19518186734374998
32,3,436,360.19109,11.2559715625,88.84173120440042,0.19697950234375
32,3,437,358.893096,11.21540925,89.16304146458141,0.196269661875
32,3,438,358.285194,11.1964123125,89.31432427542624,0.19593721546875
32,3,439,356.032768,11.126024,89.87936750810532,0.19470541999999996
32,3,440,355.181735,11.09942921875,90.09472291698783,0.19424001132812502
32,3,441,355.524332,11.110135375,90.00790415661339,0.19442736906250002
32,3,442,351.448748,10.982773375,91.05168301808831,0.1921985340625
32,3,443,352.351314,11.0109785625,90.81844945241214,0.19269212484375
32,3,444,348.045467,10.87642084375,91.94201055346599,0.190337364765625
32,3,445,360.195969,11.25612403125,88.84052780723928,0.19698217054687497
32,3,446,362.430042,11.3259388125,88.29290150290576,0.19820392921875002
32,3,447,360.470047,11.26468896875,88.77297924284954,0.19713205695312502
32,3,448,354.957695,11.09242796875,90.15158834632392,0.194117489453125
32,3,449,358.123716,11.191366125,89.35459610834599,0.1958489071875
32,3,450,359.028227,11.21963209375,89.12948228998161,0.19634356164062503
32,3,451,360.307728,11.2596165,88.81297156079872,0.19704328875
32,3,452,358.49055,11.2028296875,89.26316188808883,0.19604951953125
32,3,453,355.157909,11.09868465625,90.10076698024484,0.194226981484375
32,3,454,358.521682,11.2038025625,89.25541077875452,0.19606654484375
32,3,455,355.425716,11.107053625,90.03287764355238,0.1943734384375
32,3,456,356.112138,11.1285043125,89.85933526365787,0.19474882546875
32,3,457,358.549695,11.20467796875,89.24843737490838,0.19608186445312498
32,3,458,358.040723,11.18877259375,89.37530829419089,0.195803520390625
32,3,459,361.735449,11.30423278125,88.46243874760529,0.197824073671875
32,3,460,361.141451,11.28567034375,88.60793993985476,0.19749923101562503
32,3,461,367.123477,11.47260865625,87.16413415315306,0.20077065148437498
32,3,462,374.732405,11.71038765625,85.39426954549073,0.204931783984375
32,3,463,359.627245,11.23835140625,88.98102255851055,0.196671149609375
32,3,464,359.947532,11.248360375,88.90184583902078,0.19684630656250002
32,3,465,359.985245,11.24953890625,88.89253224809255,0.196866930859375
32,3,466,353.414024,11.04418825,90.54535990909065,0.193273294375
32,3,467,361.572117,11.29912865625,88.50239964714979,0.19773475148437497
32,3,468,356.525396,11.141418625,89.75517693555832,0.19497482593749998
32,3,469,355.471535,11.10848546875,90.0212727300373,0.194398495703125
32,3,470,354.445039,11.07640746875,90.28198021978804,0.193837130703125
32,3,471,359.622418,11.2382005625,88.98221689839147,0.19666850984375
32,3,472,359.404843,11.23140134375,89.0360845805297,0.19654952351562502
32,3,473,352.562743,11.01758571875,90.76398636937085,0.192807750078125
32,3,474,354.87946,11.089983125,90.1714627270905,0.19407470468750002
32,3,475,354.037457,11.06367053125,90.38591642578655,0.193614234296875
32,3,476,360.363429,11.26135715625,88.79924383225912,0.19707375023437498
32,3,477,350.499651,10.95311409375,91.29823641393584,0.191679496640625
32,3,478,355.878242,11.1211950625,89.91839405568379,0.19462091359375
32,3,479,354.599268,11.081227125,90.24271307858426,0.19392147468749998
32,3,480,357.732498,11.1791405625,89.45231472931486,0.19563495984375
32,3,481,355.974371,11.12419909375,89.89411206797244,0.19467348414062502
32,3,482,352.316445,11.00988890625,90.82743781659129,0.19267305585937497
32,3,483,352.858687,11.02683396875,90.68786224894615,0.19296959445312498
32,3,484,358.779722,11.2118663125,89.1912168882276,0.19620766046875
32,3,485,386.474796,12.077337375,82.79970733201448,0.2113534040625
32,3,486,355.627792,11.1133685,89.98171886408697,0.19448394875
32,3,487,352.706426,11.0220758125,90.72701159122062,0.19288632671875
32,3,488,345.815139,10.80672309375,92.53498875883511,0.189117654140625
32,3,489,347.393103,10.85603446875,92.11466699728923,0.189980603203125
32,3,490,348.462382,10.8894494375,91.83200727819165,0.19056536515624997
32,3,491,347.831726,10.8697414375,91.99850849718061,0.19022047515624999
32,3,492,347.382325,10.85569765625,92.11752497770289,0.189974708984375
32,3,493,350.53649,10.9542653125,91.2886415904946,0.19169964296875
32,3,494,347.469869,10.85843340625,92.09431624127384,0.190022584609375
32,3,495,342.987384,10.71835575,93.29789226299938,0.187571225625
32,3,496,344.226238,10.7570699375,92.9621175478204,0.18824872390625
32,3,497,343.753576,10.74229925,93.08994068471887,0.187990236875
32,3,498,344.970951,10.78034221875,92.76143370112342,0.188655988828125
32,3,499,347.693468,10.865420875,92.0350910935146,0.1901448653125
32,3,500,343.440791,10.73252471875,93.1747213451998,0.187819182578125
32,4,1,350.394742,10.9498356875,91.32557131807646,0.19162212453125
32,4,2,348.565635,10.89267609375,91.80480456715132,0.19062183164062502
32,4,3,356.099322,11.1281038125,89.86256929745011,0.19474181671875
32,4,4,352.926327,11.02894771875,90.67048149116968,0.193006585078125
32,4,5,346.270082,10.8209400625,92.41341271868819,0.18936645109375003
32,4,6,347.477157,10.85866115625,92.09238465134558,0.190026570234375
32,4,7,349.878701,10.93370940625,91.46026868323146,0.191339914609375
32,4,8,347.345588,10.854549625,92.12726778611047,0.18995461843750003
32,4,9,351.537287,10.98554021875,91.02875052910106,0.19224695382812498
32,4,10,343.631877,10.73849615625,93.12290896691171,0.18792368273437499
32,4,11,341.872112,10.6835035,93.60225323088068,0.18696131124999998
32,4,12,350.157347,10.94241709375,91.38748700880464,0.19149229914062502
32,4,13,351.347156,10.979598625,91.0780106044177,0.1921429759375
32,4,14,353.249646,11.0390514375,90.58749346913713,0.19318340015625
32,4,15,352.930944,11.029092,90.66929535087748,0.19300910999999998
32,4,16,353.757736,11.05492925,90.45738578562137,0.193461261875
32,4,17,355.503488,11.109484,90.0131815303033,0.19441597000000002
32,4,18,346.830929,10.83846653125,92.26397453152167,0.189673164296875
32,4,19,350.432072,10.95100225,91.31584280333793,0.191642539375
32,4,20,352.14448,11.004515,90.87179216894157,0.1925790125
32,4,21,362.442939,11.32634184375,88.28975972959981,0.198210982265625
32,4,22,359.438568,11.23245525,89.0277306023543,0.196567966875
32,4,23,359.659277,11.23935240625,88.97309772437762,0.196688667109375
32,4,24,358.193243,11.19353884375,89.33725195927272,0.195886929765625
32,4,25,358.795412,11.212356625,89.18731658698022,0.1962162409375
32,4,26,356.929546,11.1540483125,89.65354748188875,0.19519584546875002
32,4,27,350.735597,10.96048740625,91.23681848580655,0.191808529609375
32,4,28,355.212368,11.1003865,90.08695327860882,0.19425676375
32,4,29,359.305715,11.22830359375,89.06064853435464,0.196495312890625
32,4,30,350.992448,10.968514,91.17005275281592,0.191948995
32,4,31,354.982719,11.09320996875,90.14523323880451,0.194131174453125
32,4,32,356.440004,11.138750125,89.77667949975671,0.1949281271875
32,4,33,357.347352,11.16710475,89.54872568917203,0.19542433312500002
32,4,34,359.955577,11.24861178125,88.89985888453118,0.196850706171875
32,4,35,355.831667,11.11973959375,89.93016352307959,0.19459544289062497
32,4,36,356.562537,11.14257928125,89.74582767229974,0.194995137421875
32,4,37,358.468272,11.2021335,89.26870939361685,0.19603733625
32,4,38,358.056575,11.18926796875,89.37135144076045,0.195812189453125
32,4,39,354.178675,11.06808359375,90.34987778414384,0.193691462890625
32,4,40,350.712042,10.9597513125,91.24294625731727,0.19179564796874998
32,4,41,359.012505,11.21914078125,89.13338547914927,0.196334963671875
32,4,42,351.149623,10.97342571875,91.12924492588732,0.19203495007812502
32,4,43,353.093253,11.03416415625,90.62761672197685,0.193097872734375
32,4,44,357.377197,11.16803740625,89.54124736727395,0.19544065460937501
32,4,45,356.603992,11.14387475,89.73539477370741,0.19501780812500003
32,4,46,357.616143,11.17550446875,89.48141918750015,0.195571328203125
32,4,47,357.441226,11.1700383125,89.5252077050564,0.19547567046875
32,4,48,361.828429,11.30713840625,88.43970632279975,0.19787492210937502
32,4,49,356.577539,11.14304809375,89.74205186827541,0.195003341640625
32,4,50,350.517685,10.95367765625,91.29353915480756,0.191689358984375
32,4,51,356.16079,11.1300246875,89.8470603684364,0.19477543203125
32,4,52,359.325013,11.22890665625,89.05586542064634,0.196505866484375
32,4,53,357.293894,11.1654341875,89.5621238912076,0.19539509828125
32,4,54,359.676024,11.23987575,88.96895501714066,0.196697825625
32,4,55,377.817349,11.80679215625,84.69701056528244,0.206618862734375
32,4,56,353.350663,11.04220821875,90.56159603130558,0.193238643828125
32,4,57,352.550589,11.01720590625,90.76711541105948,0.192801103359375
32,4,58,361.240373,11.28876165625,88.58367555721685,0.197553328984375
32,4,59,353.9174,11.05991875,90.41657742738843,0.193548578125
32,4,60,352.251882,11.0078713125,90.84408525601575,0.19263774796875
32,4,61,352.863476,11.026983625,90.68663144949578,0.19297221343749998
32,4,62,358.598012,11.206187875,89.23641216393582,0.19610828781249998
32,4,63,359.221951,11.22568596875,89.08141585144946,0.196449504453125
32,4,64,355.602105,11.11256578125,89.98821871428461,0.194469901171875
32,4,65,351.919579,10.99748684375,90.92986554180892,0.192456019765625
32,4,66,349.177343,10.91179196875,91.6439758807604,0.190956359453125
32,4,67,350.339842,10.9481200625,91.33988249044197,0.19159210109375
32,4,68,352.876869,11.02740215625,90.68318955187738,0.19297953773437498
32,4,69,356.030237,11.12594490625,89.88000645574381,0.194704035859375
32,4,70,359.443788,11.232618375,89.02643770268747,0.1965708215625
32,4,71,355.017246,11.0942889375,90.13646621550323,0.19415005640625
32,4,72,352.689427,11.02154459375,90.73138447101789,0.192877030390625
32,4,73,359.500449,11.23438903125,89.01240621259976,0.196601808046875
32,4,74,360.668789,11.27089965625,88.72406200914713,0.197240743984375
32,4,75,355.936177,11.12300553125,89.90375822348624,0.194652596796875
32,4,76,358.854565,11.21420515625,89.17261509547748,0.196248590234375
32,4,77,354.151915,11.06724734375,90.35670469267406,0.19367682851562498
32,4,78,356.036394,11.1261373125,89.87845214497932,0.19470740296875
32,4,79,357.186716,11.162084875,89.58899804101337,0.1953364853125
32,4,80,355.395275,11.10610234375,90.04058931284328,0.19435679101562503
32,4,81,351.961948,10.998810875,90.91891945091746,0.19247919031250002
32,4,82,352.315639,11.00986371875,90.82764560445756,0.19267261507812497
32,4,83,351.370832,10.9803385,91.07187360389663,0.19215592375
32,4,84,347.716635,10.86614484375,92.02895915520406,0.190157534765625
32,4,85,349.032858,10.9072768125,91.68191265247583,0.19087734421875
32,4,86,353.618048,11.050564,90.49311872226613,0.19338487000000001
32,4,87,353.710786,11.0534620625,90.46939269756959,0.19343558609375
32,4,88,352.873896,11.02730925,90.6839535673673,0.192977911875
32,4,89,353.001074,11.0312835625,90.65128226777009,0.19304746234375
32,4,90,357.168969,11.16153028125,89.59344953620537,0.19532677992187503
32,4,91,352.600104,11.01875325,90.75436914788885,0.19282818187499998
32,4,92,354.850979,11.08909309375,90.1787000565102,0.194059129140625
32,4,93,356.926509,11.15395340625,89.65431032190439,0.19519418460937502
32,4,94,356.447911,11.13899721875,89.77468800483447,0.19493245132812498
32,4,95,364.984554,11.4057673125,87.67494308813956,0.19960092796875
32,4,96,356.341877,11.13568365625,89.80140159052931,0.19487446398437502
32,4,97,348.748107,10.89837834375,91.75677045323718,0.190721621015625
32,4,98,350.607473,10.95648353125,91.2701595496226,0.191738461796875
32,4,99,349.601179,10.92503684375,91.53287209022828,0.19118814476562498
32,4,100,351.615525,10.98798515625,91.00849571417531,0.19228974023437498
32,4,101,352.948509,11.02964090625,90.66478306046619,0.193018715859375
32,4,102,356.799632,11.1499885,89.68619115616129,0.19512479875
32,4,103,358.612419,11.20663809375,89.2328271542654,0.19611616664062498
32,4,104,358.140424,11.19188825,89.35042752951004,0.19585804437499998
32,4,105,362.37566,11.324239375,88.30615168800244,0.19817418906249998
32,4,106,358.836381,11.21363690625,89.17713390939588,0.196238645859375
32,4,107,351.332542,10.9791419375,91.0817990779801,0.19213498390625
32,4,108,354.401248,11.075039,90.29313576232101,0.19381318250000001
32,4,109,360.940276,11.279383625,88.65732678721618,0.1973892134375
32,4,110,358.499987,11.20312459375,89.26081216287464,0.19605468039062499
32,4,111,362.52423,11.3288821875,88.26996198295491,0.19825543828125
32,4,112,353.538603,11.04808134375,90.51345377409889,0.19334142351562503
32,4,113,354.836015,11.08862546875,90.18250303594466,0.194050945703125
32,4,114,350.822758,10.9632111875,91.21415093601196,0.19185619578125002
32,4,115,349.302041,10.91568878125,91.61125972350102,0.19102455367187499
32,4,116,352.706967,11.02209271875,90.72687242948619,0.192886622578125
32,4,117,353.258509,11.03932840625,90.58522069457072,0.193188247109375
32,4,118,351.396946,10.9811545625,91.0651056142076,0.19217020484375003
32,4,119,364.204407,11.38138771875,87.86274791013169,0.19917428507812499
32,4,120,355.223495,11.10073421875,90.08413140014852,0.19426284882812503
32,4,121,352.6482,11.02025625,90.74199159388876,0.192854484375
32,4,122,353.356131,11.04237909375,90.56019463830953,0.193241634140625
32,4,123,358.554647,11.20483271875,89.24720476429916,0.196084572578125
32,4,124,355.770455,11.11782671875,89.94563643571807,0.194561967578125
32,4,125,356.79343,11.1497946875,89.68775013598204,0.19512140703125
32,4,126,356.439615,11.13873796875,89.77677747744173,0.194927914453125
32,4,127,350.718523,10.95995384375,91.24126016007429,0.191799192265625
32,4,128,356.333671,11.13542721875,89.80346962496284,0.19486997632812497
32,4,129,356.237914,11.1324348125,89.82760886029666,0.19481760921875
32,4,130,357.432045,11.16975140625,89.52750724966475,0.19547064960937502
32,4,131,356.353984,11.136062,89.79835061981515,0.194881085
32,4,132,369.992083,11.56225259375,86.48833710314824,0.20233942039062497
32,4,133,354.615251,11.08172659375,90.23864571464807,0.193930215390625
32,4,134,352.941282,11.0294150625,90.66663955734143,0.19301476359375
32,4,135,356.383596,11.136987375,89.79088925293856,0.1948972790625
32,4,136,351.872924,10.996028875,90.9419219763553,0.1924305053125
32,4,137,351.750462,10.9922019375,90.97358342630974,0.19236353390625002
32,4,138,349.675712,10.927366,91.51336195749278,0.191228905
32,4,139,347.188349,10.84963590625,92.16899153490891,0.189868628359375
32,4,140,348.313863,10.88480821875,91.87116391057911,0.190484143828125
32,4,141,350.19337,10.9435428125,91.37808634126911,0.19151199921875
32,4,142,347.988195,10.87463109375,91.95714239674136,0.190306044140625
32,4,143,345.815879,10.80674621875,92.53479074626298,0.189118058828125
32,4,144,349.423572,10.919486625,91.57939693891059,0.19109101593749997
32,4,145,353.461987,11.04568709375,90.53307336270929,0.193299524140625
32,4,146,350.533843,10.95418259375,91.2893309420055,0.191698195390625
32,4,147,367.760819,11.49252559375,87.0130757458423,0.201119197890625
32,4,148,352.250468,11.007827125,90.84444992135538,0.19263697468750002
32,4,149,349.016045,10.90675140625,91.68632920586789,0.19086814960937504
32,4,150,350.142073,10.94193978125,91.39147354051337,0.191483946171875
32,4,151,358.178712,11.19308475,89.34087629417797,0.19587898312500002
32,4,152,348.459402,10.8893563125,91.8327926189806,0.19056373546875
32,4,153,354.227726,11.0696164375,90.33736675937105,0.19371828765625
32,4,154,354.338294,11.0730716875,90.30917781638357,0.19377875453125
32,4,155,348.97989,10.9056215625,91.69582808911997,0.19084837734375001
32,4,156,349.487254,10.9214766875,91.56270975192703,0.19112584203125002
32,4,157,353.716772,11.053649125,90.46786167097555,0.1934388596875
32,4,158,349.216188,10.913005875,91.63378187955021,0.19097760281249998
32,4,159,352.456379,11.01426184375,90.79137705151308,0.192749582265625
32,4,160,349.697523,10.92804759375,91.50765417346122,0.191240832890625
32,4,161,349.198452,10.912451625,91.63843601460181,0.19096790343749998
32,4,162,351.026886,10.9695901875,91.16110838302,0.19196782828125
32,4,163,353.190153,11.03719228125,90.6027524498963,0.193150864921875
32,4,164,361.110113,11.28469103125,88.61562954898469,0.197482093046875
32,4,165,352.900486,11.0281401875,90.67712080169818,0.19299245328125
32,4,166,349.94578,10.935805625,91.44273721489083,0.19137659843750002
32,4,167,355.736871,11.11677721875,89.95412792057756,0.19454360132812498
32,4,168,350.394227,10.94981959375,91.32570554594211,0.191621842890625
32,4,169,354.038051,11.06368909375,90.38576477758318,0.193614559140625
32,4,170,357.294022,11.1654381875,89.56209180572297,0.19539516828125
32,4,171,352.76005,11.0237515625,90.7132199351939,0.19291565234375
32,4,172,354.628682,11.0821463125,90.23522806877757,0.19393756046875002
32,4,173,359.694587,11.24045584375,88.96436353655776,0.196707977265625
32,4,174,353.361101,11.04253440625,90.55892091529338,0.193244352109375
32,4,175,350.776347,10.96176084375,91.22621942351205,0.191830814765625
32,4,176,352.885805,11.02768140625,90.68089321416598,0.192984424609375
32,4,177,355.251535,11.10161046875,90.07702106058458,0.194278183203125
32,4,178,359.053767,11.22043021875,89.12314238441064,0.196357528828125
32,4,179,357.420939,11.16940434375,89.53028910262026,0.195464576015625
32,4,180,371.712928,11.616029,86.08793934657015,0.20328050749999999
32,4,181,352.506974,11.0158429375,90.77834584912354,0.19277725140625
32,4,182,352.152727,11.00477271875,90.86966405913986,0.192583522578125
32,4,183,354.496668,11.078020875,90.2688315253784,0.19386536531249998
32,4,184,354.010018,11.0628130625,90.3929221573611,0.19359922859375
32,4,185,350.87644,10.96488875,91.20019571562,0.191885553125
32,4,186,353.609004,11.050281375,90.4954331988673,0.1933799240625
32,4,187,354.954238,11.0923199375,90.15246635821264,0.19411559890625
32,4,188,354.249897,11.07030928125,90.3317129263696,0.19373041242187497
32,4,189,355.507383,11.10960571875,90.01219533041315,0.19441810007812502
32,4,190,355.644739,11.11389809375,89.97743110154653,0.194493216640625
32,4,191,356.843783,11.15136821875,89.67509460575359,0.195148943828125
32,4,192,355.12244,11.09757625,90.10976608518459,0.194207584375
32,4,193,353.14368,11.03574,90.61467559039991,0.19312545
32,4,194,351.026182,10.9695681875,91.16129121103565,0.19196744328125
32,4,195,353.455218,11.0454755625,90.53480715624913,0.19329582234374998
32,4,196,354.412262,11.0753831875,90.29032974034065,0.19381920578125
32,4,197,351.398808,10.98121275,91.06462307635375,0.19217122312499998
32,4,198,353.672161,11.05225503125,90.47927297845757,0.193414463046875
32,4,199,354.144602,11.0670188125,90.35857053667586,0.19367282921875004
32,4,200,351.289755,10.97780484375,91.09289281721296,0.192111584765625
32,4,201,356.926511,11.15395346875,89.65430981953592,0.19519418570312502
32,4,202,359.02956,11.21967375,89.1291513712687,0.196344290625
32,4,203,356.143872,11.129496,89.85132839797957,0.19476617999999998
32,4,204,356.265097,11.13328428125,89.82075502052338,0.19483247492187503
32,4,205,352.3364,11.0105125,90.82229369432166,0.19268396875000002
32,4,206,357.46502,11.170781875,89.51924862466264,0.1954886828125
32,4,207,351.576199,10.98675621875,91.01867558446413,0.19226823382812497
32,4,208,352.445637,11.01392615625,90.79414423280264,0.192743707734375
32,4,209,353.651971,11.05162409375,90.48443844244827,0.193403421640625
32,4,210,355.448906,11.1077783125,90.02700376858101,0.19438612046875003
32,4,211,349.393675,10.91855234375,91.58723322624544,0.19107466601562498
32,4,212,351.100039,10.97187621875,91.14211462676597,0.192007833828125
32,4,213,353.76327,11.0551021875,90.45597073998101,0.19346428828124998
32,4,214,353.822399,11.05694996875,90.4408541981538,0.19349662445312502
32,4,215,353.525907,11.04768459375,90.51670433872899,0.193334480390625
32,4,216,351.091055,10.97159546875,91.14444684442331,0.192002920703125
32,4,217,348.882106,10.9025658125,91.72152841796935,0.19079490171875
32,4,218,353.033513,11.03229728125,90.64295264228923,0.19306520242187503
32,4,219,356.362973,11.13634290625,89.79608552092756,0.194886000859375
32,4,220,352.078411,11.00245034375,90.88884464432554,0.192542881015625
32,4,221,351.322274,10.9788210625,91.08446110080683,0.19212936859375
32,4,222,354.171481,11.06785878125,90.35171298843228,0.19368752867187503
32,4,223,354.526429,11.07895090625,90.26125383729854,0.193881640859375
32,4,224,349.837573,10.93242415625,91.47102103866928,0.19131742273437502
32,4,225,354.084033,11.06512603125,90.37402711689064,0.19363970554687499
32,4,226,354.448113,11.07650353125,90.28119723689996,0.19383881179687498
32,4,227,357.484065,11.17137703125,89.51447947756778,0.195499098046875
32,4,228,356.616567,11.14426771875,89.7322305275851,0.19502468507812498
32,4,229,354.01749,11.0630465625,90.39101429706199,0.19360331484375
32,4,230,352.176584,11.00551825,90.86350840406811,0.192596569375
32,4,231,356.330934,11.1353416875,89.80415941098171,0.19486847953125003
32,4,232,355.605032,11.11265725,89.98747801746518,0.194471501875
32,4,233,353.832514,11.0572660625,90.43826876803074,0.19350215609375
32,4,234,356.250821,11.13283815625,89.82435439776853,0.19482466773437498
32,4,235,358.620798,11.2068999375,89.23074227278921,0.19612074890624998
32,4,236,359.726875,11.24146484375,88.95637836344588,0.19672563476562502
32,4,237,352.730511,11.02282846875,90.72081660664735,0.19289949820312496
32,4,238,356.614901,11.14421565625,89.73264973019174,0.195023773984375
32,4,239,359.897017,11.24678178125,88.9143240662092,0.196818681171875
32,4,240,368.353597,11.51104990625,86.87304877872552,0.20144337335937498
32,4,241,358.065285,11.18954015625,89.36917746717613,0.195816952734375
32,4,242,360.199869,11.25624590625,88.83956590222968,0.196984303359375
32,4,243,359.139129,11.22309778125,89.10195914631178,0.196404211171875
32,4,244,355.864744,11.12077325,89.92180467306984,0.19461353187499997
32,4,245,362.537018,11.3292818125,88.26684838015632,0.19826243171875002
32,4,246,360.435482,11.2636088125,88.7814923837049,0.19711315421875
32,4,247,361.712853,11.30352665625,88.46796494676953,0.19781171648437498
32,4,248,362.724472,11.33513975,88.22123256133654,0.19836494562499998
32,4,249,357.811184,11.1815995,89.43264333515076,0.19567799125000002
32,4,250,361.073444,11.283545125,88.62462895498899,0.1974620396875
32,4,251,364.048612,11.376519125,87.90034886879339,0.1990890846875
32,4,252,368.842218,11.5263193125,86.75796434994868,0.20171058796875
32,4,253,363.06618,11.345818125,88.13820114007866,0.19855181718749998
32,4,254,373.378545,11.66807953125,85.70390674161528,0.20419139179687498
32,4,255,363.219227,11.35060084375,88.10106299796735,0.198635514765625
32,4,256,362.163914,11.3176223125,88.35778155412801,0.19805839046874998
32,4,257,362.497359,11.32804246875,88.27650520896623,0.198240743203125
32,4,258,367.30761,11.4783628125,87.12043837044378,0.20087134921875
32,4,259,366.417541,11.45054815625,87.33206361427986,0.200384592734375
32,4,260,362.036244,11.313632625,88.38894041779972,0.19798857093750002
32,4,261,361.705904,11.3033095,88.46966457036322,0.19780791624999997
32,4,262,364.541103,11.39190946875,87.78159646924642,0.199358415703125
32,4,263,362.155746,11.3173670625,88.3597743607249,0.19805392359375
32,4,264,362.918749,11.34121090625,88.17400613270603,0.19847119085937498
32,4,265,360.342231,11.26069471875,88.80446766174347,0.197062157578125
32,4,266,355.698327,11.11557271875,89.96387548373261,0.194522522578125
32,4,267,353.384929,11.04327903125,90.5528147183662,0.19325738304687498
32,4,268,357.346964,11.167092625,89.54882291934065,0.19542412093750003
32,4,269,359.149342,11.2234169375,89.09942538611139,0.19640979640625
32,4,270,359.89167,11.2466146875,88.91564508842342,0.19681575703124998
32,4,271,354.561486,11.0800464375,90.25232932377772,0.19390081265625
32,4,272,355.365217,11.10516303125,90.04820525245724,0.19434035304687497
32,4,273,351.234536,10.97607925,91.10721389880635,0.19208138687499998
32,4,274,350.927034,10.9664698125,91.1870471626304,0.19191322171875
32,4,275,354.748394,11.0858873125,90.20477764305255,0.19400302796875002
32,4,276,350.502199,10.95319371875,91.29757271508588,0.191680890078125
32,4,277,356.69442,11.146700625,89.71264535060573,0.1950672609375
32,4,278,353.926483,11.06020259375,90.41425701958562,0.193553545390625
32,4,279,357.981546,11.1869233125,89.39008269437443,0.19577115796875
32,4,280,358.386156,11.199567375,89.2891632789521,0.1959924290625
32,4,281,359.186295,11.22457171875,89.09025885856809,0.196430005078125
32,4,282,359.037837,11.21993240625,89.12709665193309,0.19634881710937502
32,4,283,361.769271,11.30528971875,88.45416834753773,0.197842570078125
32,4,284,358.984873,11.21827728125,89.14024630781587,0.196319852421875
32,4,285,356.854215,11.15169421875,89.67247311342531,0.195154648828125
32,4,286,357.472053,11.17100165625,89.51748739921774,0.19549252898437502
32,4,287,353.605204,11.050162625,90.49640570335045,0.19337784593750001
32,4,288,360.09872,11.253085,88.86452026266574,0.1969289875
32,4,289,358.637907,11.20743459375,89.22648547578102,0.196130105390625
32,4,290,349.634,10.9260625,91.52427967531762,0.19120609375
32,4,291,360.390985,11.26221828125,88.79245411757455,0.197088819921875
32,4,292,359.445101,11.23265940625,89.02611250222603,0.196571539609375
32,4,293,356.101599,11.12817496875,89.86199469438495,0.19474306195312502
32,4,294,362.777069,11.33678340625,88.20844186268013,0.19839370960937497
32,4,295,356.614543,11.14420446875,89.73273981145519,0.19502357820312502
32,4,296,356.655594,11.1454873125,89.72241158791414,0.19504602796875
32,4,297,360.796388,11.274887125,88.69268391899756,0.1973105246875
32,4,298,356.821548,11.150673375,89.68068262514237,0.19513678406249998
32,4,299,356.757922,11.1486850625,89.69667672859693,0.19510198859375
32,4,300,362.134427,11.31670084375,88.36497613633402,0.19804226476562503
32,4,301,358.657784,11.20805575,89.22154049777991,0.19614097562500002
32,4,302,354.156286,11.0673839375,90.35558950942917,0.19367921890625
32,4,303,356.853197,11.15166240625,89.67272892331688,0.195154092109375
32,4,304,357.358875,11.16746484375,89.54583819976487,0.195430634765625
32,4,305,359.85422,11.245444375,88.92489853252242,0.19679527656249998
32,4,306,353.723326,11.0538539375,90.46618542764692,0.19344244390624998
32,4,307,353.466188,11.045818375,90.53199736321031,0.19330182156249998
32,4,308,356.406173,11.13769290625,89.78520133544374,0.19490962585937502
32,4,309,355.707976,11.11587425,89.9614351070947,0.19452779937499998
32,4,310,356.671244,11.145976375,89.71847475318195,0.1950545865625
32,4,311,359.617324,11.238041375,88.98347733659237,0.1966657240625
32,4,312,357.444711,11.17014721875,89.52433485580376,0.19547757632812499
32,4,313,356.45144,11.1391075,89.77379920249446,0.19493438125
32,4,314,359.143898,11.2232468125,89.10077597921489,0.19640681921875
32,4,315,360.083251,11.25260159375,88.86833783890715,0.196920527890625
32,4,316,356.318746,11.1349608125,89.80723119181611,0.19486181421874998
32,4,317,362.641604,11.332550125,88.24139218179722,0.19831962718749999
32,4,318,357.892351,11.18413596875,89.41236075760669,0.195722379453125
32,4,319,361.53377,11.2979303125,88.51178687954932,0.19771378046875
32,4,320,362.900969,11.34065528125,88.17832613723333,0.198461467421875
32,4,321,361.176835,11.28677609375,88.59925914130125,0.197518581640625
32,4,322,359.13437,11.2229490625,89.10313986377857,0.19640160859374997
32,4,323,361.129413,11.28529415625,88.61089362444149,0.197492647734375
32,4,324,360.914419,11.27857559375,88.66367846611304,0.197375072890625
32,4,325,361.539345,11.29810453125,88.51042201229855,0.197716829296875
32,4,326,363.711101,11.36597190625,87.9819172745019,0.198904508359375
32,4,327,358.305652,11.197051625,89.30922473977607,0.19594840343750003
32,4,328,376.13503,11.7542196875,85.0758303474154,0.20569884453124998
32,4,329,354.921036,11.091282375,90.16089990225318,0.1940974415625
32,4,330,356.295258,11.1342268125,89.81315154073704,0.19484896921875
32,4,331,358.074163,11.18981759375,89.36696167045149,0.195821807890625
32,4,332,358.237989,11.19493715625,89.32609321899693,0.195911400234375
32,4,333,357.84564,11.18267625,89.424032105016,0.19569683437500002
32,4,334,363.300755,11.35314859375,88.08129231660969,0.198680100390625
32,4,335,359.624902,11.2382781875,88.98160228070078,0.19666986828125002
32,4,336,358.435147,11.20109834375,89.27695921516313,0.196019221015625
32,4,337,358.45815,11.2018171875,89.27123012825905,0.19603180078125
32,4,338,358.119276,11.191227375,89.35570393591436,0.19584647906250002
32,4,339,356.214004,11.131687625,89.83363832040698,0.1948045334375
32,4,340,356.745578,11.1482993125,89.69978038522456,0.19509523796875
32,4,341,359.852236,11.245382375,88.92538880875539,0.1967941915625
32,4,342,359.712233,11.24100728125,88.9599993114496,0.196717627421875
32,4,343,360.547203,11.26710009375,88.7539820964857,0.19717425164062502
32,4,344,362.30407,11.3220021875,88.3236006705638,0.19813503828125
32,4,345,358.786754,11.2120860625,89.1894687951607,0.19621150609375
32,4,346,353.187566,11.0371114375,90.60341608968193,0.19314945015624999
32,4,347,357.241971,11.16381159375,89.57514121430037,0.195366702890625
32,4,348,359.227726,11.2258664375,89.07998376495026,0.19645266265625
32,4,349,357.069405,11.15841890625,89.61843146432554,0.195272330859375
32,4,350,361.242249,11.28882028125,88.5832155252693,0.197554354921875
32,4,351,360.378159,11.26181746875,88.7956142758363,0.19708180570312497
32,4,352,359.994152,11.24981725,88.89033286296272,0.196871801875
32,4,353,361.385793,11.29330603125,88.5480298889337,0.19763285554687499
32,4,354,362.942142,11.3419419375,88.16832298300594,0.19848398390625
32,4,355,366.025263,11.43828946875,87.4256594687564,0.200170065703125
32,4,356,367.165306,11.4739158125,87.1542040521661,0.20079352671875
32,4,357,359.75591,11.2423721875,88.94919891656541,0.19674151328124997
32,4,358,358.004007,11.18762521875,89.38447440338287,0.195783441328125
32,4,359,361.068489,11.28339028125,88.62584516479366,0.197459329921875
32,4,360,356.153082,11.1297838125,89.8490048725733,0.19477121671875
32,4,361,362.646415,11.33270046875,88.2402215392092,0.198322258203125
32,4,362,361.093034,11.2841573125,88.61982089635106,0.19747275296875
32,4,363,361.929429,11.31029465625,88.41502634481817,0.197930156484375
32,4,364,359.257645,11.22680140625,89.0725651781189,0.19646902460937501
32,4,365,361.834831,11.30733846875,88.43814154530634,0.19787842320312501
32,4,366,361.53234,11.297885625,88.51213697784272,0.19771299843749998
32,4,367,358.388259,11.19963309375,89.28863933569878,0.195993579140625
32,4,368,359.714011,11.24106284375,88.95955959858344,0.196718599765625
32,4,369,358.055104,11.189222,89.37171860563676,0.19581138499999998
32,4,370,356.790401,11.14970003125,89.68851154714783,0.195119750546875
32,4,371,359.320446,11.2287639375,89.05699732989866,0.19650336890624998
32,4,372,362.504259,11.32825809375,88.27482493109136,0.198244516640625
32,4,373,368.68902,11.521531875,86.79401409892813,0.2016268078125
32,4,374,360.838732,11.276210375,88.68227593705213,0.1973336815625
32,4,375,358.95178,11.217243125,89.14846445391635,0.1963017546875
32,4,376,357.115094,11.1598466875,89.60696575877579,0.19529731703125
32,4,377,354.722876,11.085089875,90.21126678055013,0.1939890728125
32,4,378,358.435629,11.20111340625,89.27683916154439,0.19601948460937502
32,4,379,358.68208,11.208815,89.21549691024431,0.19615426249999998
32,4,380,357.358608,11.1674565,89.54590510381661,0.19543048875
32,4,381,358.024716,11.188272375,89.37930419306582,0.1957947665625
32,4,382,354.202325,11.06882265625,90.34384514556758,0.19370439648437499
32,4,383,356.877169,11.15241153125,89.66670546526332,0.195167201796875
32,4,384,354.233452,11.069795375,90.33590650269811,0.19372141906249998
32,4,385,354.904619,11.09076934375,90.16507051997539,0.19408846351562503
32,4,386,358.258476,11.195577375,89.32098510908644,0.1959226040625
32,4,387,359.583383,11.23698071875,88.99187646832945,0.196647162578125
32,4,388,359.506745,11.23458578125,89.01084734863598,0.19660525117187502
32,4,389,359.344676,11.229521125,89.05099236811846,0.1965166196875
32,4,390,356.908161,11.15338003125,89.65891928708237,0.195184150546875
32,4,391,359.289235,11.22778859375,89.06473359826659,0.196486300390625
32,4,392,357.553876,11.173558625,89.4970021245134,0.1955372759375
32,4,393,363.052692,11.345396625,88.14147561809018,0.19854444093749998
32,4,394,357.801269,11.18128965625,89.43512159539044,0.19567256898437502
32,4,395,358.745768,11.21080525,89.1996585169473,0.196189091875
32,4,396,356.573726,11.1429289375,89.74301151958683,0.19500125640625002
32,4,397,355.966748,11.123960875,89.89603714333452,0.1946693153125
32,4,398,364.702501,11.39695315625,87.74274898652259,0.19944668023437498
32,4,399,357.627179,11.17584934375,89.47865788466821,0.195577363515625
32,4,400,359.605415,11.23766921875,88.98642418941328,0.196659211328125
32,4,401,359.559554,11.2362360625,88.99777420460367,0.19663413109375
32,4,402,360.0104,11.250325,88.88632106183599,0.19688068749999998
32,4,403,358.684597,11.20889365625,89.21487085769674,0.196155638984375
32,4,404,360.927984,11.2789995,88.66034615924933,0.19738249125
32,4,405,377.344557,11.79201740625,84.80313126657873,0.206360304609375
32,4,406,358.962887,11.21759021875,89.14570602949269,0.19630782882812503
32,4,407,360.777074,11.2742835625,88.69743203250215,0.19729996234375002
32,4,408,358.067746,11.1896170625,89.36856323272411,0.19581829859375
32,4,409,356.997168,11.1561615,89.63656540827238,0.19523282625
32,4,410,358.214098,11.1941905625,89.33205080052433,0.19589833484374997
32,4,411,363.00292,11.34384125,88.15356085840853,0.198517221875
32,4,412,359.181851,11.22443284375,89.09136113338867,0.196427574765625
32,4,413,357.139536,11.1606105,89.60083321606824,0.19531068375000002
32,4,414,356.021829,11.12568215625,89.88212910956086,0.194699437734375
32,4,415,355.644355,11.11388609375,89.97752825290871,0.194493006640625
32,4,416,358.277121,11.19616003125,89.31633678054479,0.195932800546875
32,4,417,357.766227,11.18019459375,89.44388146508865,0.195653405390625
32,4,418,353.969897,11.06155928125,90.40316781514333,0.19357728742187502
32,4,419,356.31305,11.1347828125,89.80866684506785,0.19485869921875
32,4,420,371.738547,11.61682959375,86.08200644847305,0.203294517890625
32,4,421,360.662052,11.270689125,88.72571933351058,0.19723705968750002
32,4,422,359.72923,11.2415384375,88.9557960024544,0.19672692265625
32,4,423,352.856399,11.02676246875,90.68845028937679,0.192968343203125
32,4,424,355.27486,11.102339375,90.0711071985223,0.1942909390625
32,4,425,355.249533,11.10154790625,90.07752868741983,0.194277088359375
32,4,426,355.276689,11.10239653125,90.07064350343572,0.194291939296875
32,4,427,352.762225,11.02381953125,90.71266063139272,0.192916841796875
32,4,428,349.792664,10.93102075,91.4827647729056,0.191292863125
32,4,429,350.532497,10.95414053125,91.28968148137204,0.19169745929687498
32,4,430,350.965735,10.96767921875,91.17699196475691,0.19193438632812498
32,4,431,353.301244,11.040663875,90.57426358793121,0.19321161781250001
32,4,432,350.874964,10.964842625,91.20057936080046,0.1918847459375
32,4,433,350.629354,10.9571673125,91.26446384178091,0.19175042796875
32,4,434,351.008401,10.96901253125,91.16590916010584,0.191957719296875
32,4,435,355.087145,11.09647328125,90.11872282788495,0.19418828242187502
32,4,436,358.029297,11.18841553125,89.37816058108787,0.19579727179687498
32,4,437,357.804058,11.1813768125,89.43442446927196,0.19567409421874998
32,4,438,354.618787,11.08183709375,90.23774592066381,0.193932149140625
32,4,439,348.39478,10.887336875,91.84982622299908,0.19052839531250002
32,4,440,345.433879,10.79480871875,92.63712086561145,0.188909152578125
32,4,441,343.186972,10.724592875,93.24363280317061,0.1876803753125
32,4,442,349.77337,10.9304178125,91.48781109322303,0.19128231171875001
32,4,443,348.963433,10.90510728125,91.70015243402308,0.190839377421875
32,4,444,347.292982,10.8529056875,92.14122270976384,0.18992584953125
32,4,445,351.298244,10.978070125,91.09069158911024,0.19211622718750002
32,4,446,349.26883,10.9146509375,91.61997078296395,0.19100639140624998
32,4,447,346.642109,10.83256590625,92.31423179461441,0.18956990335937499
32,4,448,355.599528,11.11248525,89.98887085136964,0.194468491875
32,4,449,352.472337,11.01476053125,90.78726651958506,0.19275830929687499
32,4,450,359.699494,11.2406091875,88.96314988977994,0.19671066078125
32,4,451,349.379256,10.91810175,91.59101306232103,0.19106678062500002
32,4,452,351.961984,10.998812,90.91891015138727,0.19247920999999998
32,4,453,353.618559,11.05057996875,90.4929879542889,0.193385149453125
32,4,454,359.069835,11.22093234375,89.11915421689488,0.19636631601562501
32,4,455,355.599501,11.11248440625,89.98887768405503,0.19446847710937498
32,4,456,356.72254,11.147579375,89.70557341288274,0.19508263906249998
32,4,457,353.131063,11.03534571875,90.6179131570762,0.193118550078125
32,4,458,353.603458,11.0501080625,90.49685255057659,0.19337689109375
32,4,459,353.724125,11.05387890625,90.46598108059494,0.193442880859375
32,4,460,358.548016,11.2046255,89.24885530533795,0.19608094625
32,4,461,359.20248,11.2250775,89.08624461612848,0.19643885625
32,4,462,360.985507,11.28079709375,88.64621814304584,0.197413949140625
32,4,463,350.560079,10.95500246875,91.28249882668472,0.191712543203125
32,4,464,347.031368,10.84473025,92.21068453961776,0.189782779375
32,4,465,347.246481,10.85145253125,92.15356166561124,0.189900419296875
32,4,466,352.110946,11.0034670625,90.88044652835075,0.19256067359375
32,4,467,357.372857,11.16790178125,89.54233477222363,0.195438281171875
32,4,468,357.121897,11.16005928125,89.60525878926994,0.195301037421875
32,4,469,356.18806,11.130876875,89.84018161641914,0.1947903453125
32,4,470,351.380861,10.98065190625,91.06927425964729,0.192161408359375
32,4,471,349.344081,10.91700253125,91.60023524199913,0.191047544296875
32,4,472,350.611118,10.9565974375,91.26921069285657,0.19174045515625
32,4,473,354.629797,11.08218115625,90.2349443580456,0.193938170234375
32,4,474,353.458148,11.045567125,90.53405666574137,0.1932974246875
32,4,475,350.975718,10.9679911875,91.17439856622788,0.19193984578124998
32,4,476,352.704742,11.0220231875,90.72744477022086,0.19288540578125
32,4,477,350.389469,10.94967090625,91.32694567370116,0.19161924085937498
32,4,478,352.641787,11.02005584375,90.74364179081249,0.192850977265625
32,4,479,353.756184,11.05488075,90.45778264048664,0.193460413125
32,4,480,351.815883,10.99424634375,90.9566666721525,0.192399311015625
32,4,481,348.343396,10.885731125,91.86337495544197,0.19050029468750002
32,4,482,350.35264,10.94852,91.33654594410935,0.1915991
32,4,483,359.377989,11.23056215625,89.04273767306321,0.196534837734375
32,4,484,356.168198,11.1302561875,89.84519162488505,0.19477948328125
32,4,485,345.182583,10.78695571875,92.70456151607162,0.188771725078125
32,4,486,352.438709,11.01370965625,90.79592900222546,0.192739918984375
32,4,487,352.845869,11.02643340625,90.69115671012717,0.192962584609375
32,4,488,355.937229,11.12303840625,89.90349250597778,0.194653172109375
32,4,489,361.976629,11.31176965625,88.4034974534226,0.197955968984375
32,4,490,361.784531,11.30576659375,88.45043736820246,0.197850915390625
32,4,491,354.87172,11.08974125,90.17342942965419,0.19407047187499998
32,4,492,353.301286,11.0406651875,90.57425282057989,0.19321164078125
32,4,493,355.808132,11.119004125,89.93611197171852,0.1945825721875
32,4,494,352.983815,11.03074421875,90.65571462532921,0.19303802382812502
32,4,495,355.161321,11.09879128125,90.09990139100762,0.194228847421875
32,4,496,356.73802,11.148063125,89.7016808020631,0.19509110468750002
32,4,497,354.808076,11.087752375,90.18960436514979,0.19403566656250001
32,4,498,352.797221,11.02491315625,90.70366231711333,0.192935980234375
32,4,499,355.747664,11.1171145,89.95139880946626,0.19454950375
32,4,500,356.020664,11.12564575,89.88242322923143,0.19469880062500003
32,5,1,354.677316,11.083666125,90.22285484984329,0.1939641571875
32,5,2,356.463323,11.13947884375,89.77080651857133,0.194940879765625
32,5,3,364.409399,11.38779371875,87.8133222902958,0.19928639007812501
32,5,4,354.252007,11.07037521875,90.33117489155114,0.193731566328125
32,5,5,354.164401,11.06763753125,90.35351918387754,0.193683656796875
32,5,6,348.259127,10.88309771875,91.88560333122297,0.190454210078125
32,5,7,352.941195,11.02941234375,90.66666190666692,0.193014716015625
32,5,8,352.264043,11.00825134375,90.84094910021798,0.192644398515625
32,5,9,358.735271,11.21047721875,89.20226859990022,0.196183351328125
32,5,10,358.25546,11.195483125,89.32173706438417,0.19592095468750004
32,5,11,355.844238,11.1201324375,89.926986537295,0.19460231765625002
32,5,12,356.135061,11.12922065625,89.85355137499364,0.194761361484375
32,5,13,351.239123,10.97622259375,91.10602408604693,0.192083895390625
32,5,14,355.087565,11.09648640625,90.11861623484337,0.194188512109375
32,5,15,355.018708,11.094334625,90.13609502516695,0.1941508559375
32,5,16,352.739027,11.02309459375,90.71862637983632,0.19290415539062503
32,5,17,353.800039,11.05625121875,90.44657001860872,0.193484396328125
32,5,18,355.223788,11.100743375,90.08405709586093,0.1942630090625
32,5,19,358.67217,11.2085053125,89.21796190655104,0.19614884296875
32,5,20,360.554629,11.26733215625,88.75215411531994,0.197178312734375
32,5,21,357.363355,11.16760484375,89.54471562983844,0.19543308476562501
32,5,22,353.467568,11.0458615,90.53164391025544,0.19330257625000002
32,5,23,359.107863,11.22212071875,89.10971687634698,0.196387112578125
32,5,24,356.663162,11.1457238125,89.7205077770269,0.19505016671875
32,5,25,355.25657,11.1017678125,90.07574441198935,0.19428093671875002
32,5,26,359.608265,11.23775828125,88.98571894614268,0.196660769921875
32,5,27,353.248893,11.03902790625,90.58768656919754,0.193182988359375
32,5,28,353.659828,11.051869625,90.48242821630281,0.1934077184375
32,5,29,352.487291,11.01522784375,90.78341494019992,0.192766487265625
32,5,30,356.024682,11.1257713125,89.88140884007588,0.19470099796874998
32,5,31,357.518704,11.1724595,89.50580666683105,0.19551804125
32,5,32,358.741829,11.21068215625,89.20063793285728,0.19618693773437498
32,5,33,356.343811,11.13574409375,89.80091420754323,0.19487552164062502
32,5,34,375.888315,11.74650984375,85.13167002810397,0.205563922265625
32,5,35,364.912577,11.40351803125,87.69223648874124,0.19956156554687499
32,5,36,360.667316,11.270853625,88.724424366748,0.19723993843750004
32,5,37,356.295806,11.1342439375,89.813013403812,0.19484926890625
32,5,38,355.333933,11.10418540625,90.05613319795158,0.194323244609375
32,5,39,358.290723,11.19658509375,89.31294601228063,0.195940239140625
32,5,40,360.061041,11.25190753125,88.87381959216188,0.196908381796875
32,5,41,360.594096,11.2685655,88.74244019791162,0.19719989625
32,5,42,362.266345,11.32082328125,88.33279834482003,0.198114407421875
32,5,43,361.946749,11.31083590625,88.41079547864649,0.197939628359375
32,5,44,363.665374,11.3645429375,87.99298005204092,0.19887950140625
32,5,45,360.28355,11.2588609375,88.81893164425631,0.19703006640625
32,5,46,452.925051,14.15390784375,70.65186597506172,0.247693387265625
32,5,47,358.932684,11.216646375,89.15320734625548,0.1962913115625
32,5,48,359.967746,11.2489920625,88.89685355309584,0.19685736109375
32,5,49,360.203239,11.25635121875,88.83873473442031,0.196986146328125
32,5,50,362.242931,11.32009159375,88.33850783964643,0.198101602890625
32,5,51,366.112522,11.4410163125,87.40482249880543,0.20021778546875002
32,5,52,375.383249,11.73072653125,85.24621193206201,0.20528771429687498
32,5,53,362.37292,11.32415375,88.30681939478258,0.198172690625
32,5,54,362.799339,11.33747934375,88.20302729382867,0.198405888515625
32,5,55,361.126825,11.28521328125,88.61152865063403,0.197491232421875
32,5,56,362.124407,11.31638771875,88.36742119953267,0.198036785078125
32,5,57,364.151401,11.37973128125,87.87553724117073,0.199145297421875
32,5,58,363.781942,11.3681856875,87.96478413433726,0.19894324953125
32,5,59,364.141642,11.3794263125,87.87789230653274,0.19913996046875
32,5,60,363.252423,11.35163821875,88.09301183931812,0.19865366882812502
32,5,61,361.539774,11.2981179375,88.51031698658969,0.19771706390625002
32,5,62,362.874935,11.33984171875,88.18465237892498,0.19844723007812498
32,5,63,362.346026,11.3233133125,88.31337369214035,0.19815798296874998
32,5,64,360.337458,11.2605455625,88.8056439583364,0.19705954734375
32,5,65,361.110556,11.284704875,88.61552083788989,0.1974823353125
32,5,66,363.723864,11.36637075,87.97883000605096,0.198911488125
32,5,67,364.015307,11.37547834375,87.90839117103391,0.199070871015625
32,5,68,360.408594,11.2627685625,88.7881158571929,0.19709844984375
32,5,69,361.987046,11.3120951875,88.40095344185326,0.19796166578125002
32,5,70,360.673791,11.27105596875,88.72283154059286,0.19724347945312498
32,5,71,360.596024,11.26862575,88.74196571840181,0.19720095062499998
32,5,72,361.493604,11.296675125,88.52162153330933,0.1976918146875
32,5,73,364.400674,11.3875210625,87.81542484194198,0.19928161859375
32,5,74,361.094246,11.2841951875,88.6195234470726,0.19747341578125
32,5,75,360.726913,11.27271603125,88.7097658832015,0.197272530546875
32,5,76,358.464696,11.20202175,89.26959992735239,0.196035380625
32,5,77,355.123295,11.09760296875,90.10954913560373,0.194208051953125
32,5,78,359.932748,11.247898375,88.90549742364648,0.1968382215625
32,5,79,358.543619,11.20448809375,89.24994980875675,0.196078541640625
32,5,80,350.592986,10.9560308125,91.27393096221269,0.19173053921875002
32,5,81,356.220713,11.13189728125,89.83194640902312,0.194808202421875
32,5,82,363.702055,11.36568921875,87.98410556135022,0.19889956132812497
32,5,83,361.353624,11.29230075,88.5559127532093,0.19761526312500002
32,5,84,366.973505,11.46792203125,87.1997557425842,0.200688635546875
32,5,85,363.184956,11.349529875,88.10937642472173,0.19861677281249998
32,5,86,360.900029,11.27812590625,88.6672137119723,0.197367203359375
32,5,87,381.715135,11.92859796875,83.83214880908508,0.20875046445312498
32,5,88,364.648725,11.39527265625,87.75568871110134,0.19941727148437502
32,5,89,356.047827,11.12649459375,89.87556607107169,0.194713655390625
32,5,90,360.806913,11.27521603125,88.69009668891793,0.197316280546875
32,5,91,360.86875,11.2771484375,88.67489911498295,0.19735009765625
32,5,92,359.476236,11.233632375,89.01840176161187,0.19658856656249998
32,5,93,361.323844,11.291370125,88.56321145526172,0.1975989771875
32,5,94,354.626342,11.0820731875,90.23582348544203,0.19393628078125003
32,5,95,356.13632,11.12926,89.85323372802864,0.19476205000000002
32,5,96,355.436064,11.107377,90.0302564682913,0.1943790975
32,5,97,355.068345,11.09588578125,90.12349439373425,0.19417800117187503
32,5,98,356.657215,11.14553796875,89.72200380132503,0.195046914453125
32,5,99,357.277446,11.1649201875,89.5662470672722,0.19538610328125
32,5,100,352.871594,11.0272373125,90.68454515497214,0.19297665296875002
32,5,101,356.074134,11.1273166875,89.86892600292049,0.19472804203125
32,5,102,349.584031,10.92450096875,91.5373620141133,0.19117876695312497
32,5,103,351.394294,10.9810716875,91.06579288962502,0.19216875453124999
32,5,104,357.487658,11.1714893125,89.51357979469043,0.19550106296875
32,5,105,351.004503,10.96889071875,91.16692158219975,0.191955587578125
32,5,106,355.430036,11.107188625,90.03178335778017,0.19437580093749998
32,5,107,355.447342,11.1077294375,90.0273998954253,0.19438526515625
32,5,108,357.063487,11.15823396875,89.61991680767963,0.19526909445312501
32,5,109,355.545705,11.11080328125,90.0024934909564,0.194439057421875
32,5,110,351.086682,10.9714588125,91.14558210442172,0.19200052921875
32,5,111,353.822591,11.05695596875,90.4408051208918,0.193496729453125
32,5,112,357.098134,11.1593166875,89.61122154729601,0.19528804203125
32,5,113,360.414262,11.2629456875,88.78671954441137,0.19710154953125
32,5,114,354.633573,11.08229915625,90.23398357154413,0.193940235234375
32,5,115,355.736252,11.116757875,89.95428444554479,0.19454326281249998
32,5,116,355.097224,11.09678825,90.11616491825912,0.19419379437499998
32,5,117,359.08802,11.221500625,89.1146410286815,0.1963762609375
32,5,118,358.602771,11.20633659375,89.23522791183339,0.19611089039062501
32,5,119,358.485647,11.20267646875,89.26438273831366,0.196046838203125
32,5,120,354.785905,11.08705953125,90.1952404225303,0.194023541796875
32,5,121,357.474314,11.1710723125,89.51692120737938,0.19549376546875
32,5,122,357.174471,11.16170221875,89.59206941752565,0.19532978882812502
32,5,123,355.679672,11.11498975,89.96859398813211,0.194512320625
32,5,124,356.580529,11.14314153125,89.74129936298344,0.195004976796875
32,5,125,356.648612,11.145269125,89.7241680559239,0.19504220968750002
32,5,126,357.540333,11.17313540625,89.50039211380384,0.195529869609375
32,5,127,354.790754,11.0872110625,90.19400770517261,0.19402619359375
32,5,128,358.491012,11.202844125,89.26304685150656,0.1960497721875
32,5,129,357.325789,11.16643090625,89.55412955094602,0.19541254085937498
32,5,130,350.205155,10.94391109375,91.37501131301165,0.191518444140625
32,5,131,357.945156,11.185786125,89.39917041369321,0.1957512571875
32,5,132,358.251616,11.195363,89.32269547668977,0.19591885250000002
32,5,133,360.148397,11.25463740625,88.85226275212325,0.19695615460937502
32,5,134,361.369371,11.29279284375,88.55205384852609,0.197623874765625
32,5,135,359.030994,11.2197185625,89.12879538193852,0.19634507484375002
32,5,136,359.702146,11.2406920625,88.96249398523189,0.19671211109375003
32,5,137,360.458041,11.26431378125,88.77593605964252,0.19712549117187497
32,5,138,358.067554,11.1896110625,89.3686111531904,0.19581819359375
32,5,139,362.996132,11.343629125,88.15520932327732,0.1985135096875
32,5,140,361.257987,11.28931209375,88.57935644755725,0.197562961640625
32,5,141,354.962775,11.09258671875,90.15029815450366,0.194120267578125
32,5,142,359.856921,11.24552878125,88.92423108349777,0.196796753671875
32,5,143,360.4394,11.26373125,88.7805273230396,0.19711529687499998
32,5,144,375.226009,11.72581278125,85.28193470725,0.20520172367187497
32,5,145,358.543331,11.20447909375,89.25002149879619,0.196078384140625
32,5,146,355.1792,11.09935,90.09536594485263,0.194238625
32,5,147,357.843711,11.18261596875,89.42451415612555,0.195695779453125
32,5,148,356.004315,11.12513484375,89.88655095374335,0.19468985976562503
32,5,149,353.413107,11.04415959375,90.5455948468827,0.19327279289062502
32,5,150,354.960538,11.0925168125,90.15086629150872,0.19411904421874998
32,5,151,361.38576,11.293305,88.54803797471156,0.1976328375
32,5,152,358.43956,11.20123625,89.27586006410677,0.196021634375
32,5,153,358.597025,11.20615703125,89.23665777762658,0.19610774804687497
32,5,154,358.95175,11.2172421875,89.14847190465014,0.19630173828125
32,5,155,354.99902,11.093719375,90.14109391062544,0.1941400890625
32,5,156,357.158223,11.16119446875,89.59614517961134,0.195320903203125
32,5,157,357.008307,11.15650959375,89.63376866185916,0.195238917890625
32,5,158,356.037165,11.12616140625,89.87825751280769,0.194707824609375
32,5,159,358.613455,11.20667046875,89.23256936915544,0.196116733203125
32,5,160,358.786239,11.21206996875,89.18959681728484,0.196211224453125
32,5,161,354.984111,11.09325346875,90.14487975209686,0.19413193570312498
32,5,162,360.599723,11.26874134375,88.74105541118233,0.197202973515625
32,5,163,357.174876,11.161714875,89.5919678292266,0.19533001031249997
32,5,164,357.818493,11.18182790625,89.43081653412474,0.195681988359375
32,5,165,357.421099,11.16940934375,89.53024902427487,0.195464663515625
32,5,166,357.502802,11.1719625625,89.50978795405359,0.19550934484375
32,5,167,357.992237,11.18725740625,89.3874131689621,0.19577700460937497
32,5,168,360.869838,11.2771824375,88.67463176570607,0.19735069265625
32,5,169,352.314171,11.00981784375,90.82802405924228,0.192671812265625
32,5,170,353.441909,11.04505965625,90.53821628153327,0.193288543984375
32,5,171,354.059008,11.064344,90.38041478102994,0.19362602
32,5,172,354.528405,11.07901265625,90.26075075705145,0.193882721484375
32,5,173,355.558218,11.1111943125,89.99932607379644,0.19444590046875002
32,5,174,357.315695,11.16611546875,89.55665941290377,0.195407020703125
32,5,175,357.652101,11.17662815625,89.47242281123913,0.19559099273437502
32,5,176,362.040916,11.313778625,88.38779979222018,0.19799112593749998
32,5,177,357.997131,11.18741034375,89.38619119827527,0.195779681015625
32,5,178,359.261907,11.22693459375,89.07150849143603,0.19647135539062502
32,5,179,357.53521,11.1729753125,89.50167453437663,0.19552706796875
32,5,180,358.446516,11.201453625,89.27412758002647,0.19602543843749998
32,5,181,363.319944,11.35374825,88.0766402408121,0.19869059437500003
32,5,182,364.849718,11.4015536875,87.70734475392962,0.19952718953125
32,5,183,360.182579,11.25570559375,88.84383050630552,0.196974847890625
32,5,184,358.756368,11.2111365,89.19702297800049,0.19619488875000002
32,5,185,361.632344,11.30101075,88.48766027410424,0.197767688125
32,5,186,360.97992,11.2806225,88.64759014850466,0.19741089374999998
32,5,187,357.636327,11.17613521875,89.4763691049763,0.195582366328125
32,5,188,361.504962,11.2970300625,88.51884030294445,0.19769802609375
32,5,189,360.888569,11.27776778125,88.67002933528771,0.197360936171875
32,5,190,361.622862,11.3007144375,88.48998048137787,0.19776250265625
32,5,191,363.028663,11.34464571875,88.14730973460352,0.19853130007812497
32,5,192,362.619352,11.33185475,88.2468070816033,0.19830745812499997
32,5,193,379.938557,11.87307990625,84.22414469505921,0.20777889835937502
32,5,194,361.476269,11.29613340625,88.52586668697745,0.197682334609375
32,5,195,360.050402,11.2515750625,88.87644569273387,0.19690256359375002
32,5,196,359.825393,11.24454353125,88.93202264910748,0.196779511796875
32,5,197,356.244968,11.13265525,89.82583018548068,0.194821466875
32,5,198,356.932026,11.1541258125,89.65292455992727,0.19519720171875
32,5,199,360.566859,11.26771434375,88.74914374756777,0.197185001015625
32,5,200,358.751013,11.21096915625,89.19835440297419,0.196191960234375
32,5,201,355.416219,11.10675684375,90.03528339262424,0.194368244765625
32,5,202,356.317829,11.13493215625,89.80746231477515,0.19486131273437501
32,5,203,357.596111,11.17487846875,89.48643180294542,0.195560373203125
32,5,204,356.085609,11.12767528125,89.86602994113139,0.19473431742187497
32,5,205,359.418383,11.23182446875,89.03273041546124,0.196556928203125
32,5,206,359.309094,11.2284091875,89.05981099381805,0.19649716078125
32,5,207,363.77398,11.367936875,87.96670943864649,0.1989388953125
32,5,208,354.638591,11.08245596875,90.23270679529628,0.19394297945312503
32,5,209,351.49228,10.98413375,91.0404063497497,0.192222340625
32,5,210,354.894162,11.0904425625,90.1677272448342,0.19408274484375
32,5,211,351.183429,10.97448215625,91.12047254370877,0.192053437734375
32,5,212,357.237001,11.16365628125,89.57638741346392,0.195363984921875
32,5,213,355.796223,11.11863196875,89.9391222598785,0.194576059453125
32,5,214,357.298636,11.165582375,89.56093523961843,0.1953976915625
32,5,215,357.510873,11.17221478125,89.50776722250906,0.19551375867187498
32,5,216,355.237717,11.10117865625,90.08052486723983,0.194270626484375
32,5,217,359.347895,11.22962171875,89.0501946588556,0.196518380078125
32,5,218,356.870833,11.15221353125,89.66829743690485,0.19516373679687501
32,5,219,356.508132,11.140879125,89.75952335359352,0.1949653846875
32,5,220,359.830146,11.2446920625,88.9308479451302,0.19678211109375002
32,5,221,360.435088,11.2635965,88.78158943282459,0.19711293875000002
32,5,222,361.892227,11.30913209375,88.42411528225502,0.19790981164062502
32,5,223,354.685633,11.08392603125,90.22073922007436,0.19396870554687498
32,5,224,358.706614,11.2095816875,89.20939495138498,0.19616767953125
32,5,225,357.255303,11.16422821875,89.57179846256894,0.195373993828125
32,5,226,356.578515,11.14307859375,89.74180623305361,0.19500387539062497
32,5,227,355.642729,11.11383528125,89.97793963053299,0.19449211742187497
32,5,228,356.513003,11.14103134375,89.75829697858173,0.19496804851562502
32,5,229,356.673713,11.14605353125,89.7178536955988,0.19505593679687502
32,5,230,349.661904,10.9269345,91.51697578126785,0.19122135375
32,5,231,351.462084,10.983190125,91.0482281212445,0.1922058271875
32,5,232,353.901299,11.05941559375,90.42069099610737,0.193539772890625
32,5,233,352.214205,11.00669390625,90.85380301456041,0.19261714335937502
32,5,234,356.96773,11.1552415625,89.64395745240051,0.19521672734375003
32,5,235,355.735615,11.11673796875,89.95444552269527,0.19454291445312502
32,5,236,356.188844,11.130901375,89.8399838710277,0.19479077406250003
32,5,237,350.261617,10.94567553125,91.36028170623102,0.191549321796875
32,5,238,355.349266,11.1046645625,90.05224735711147,0.19433162984375
32,5,239,353.327243,11.04147634375,90.56759883075306,0.19322583601562499
32,5,240,357.456486,11.1705151875,89.521385828204,0.19548401578125
32,5,241,353.130382,11.0353244375,90.61808791065731,0.19311817765625
32,5,242,358.357474,11.1986710625,89.29630975130715,0.19597674359375
32,5,243,355.771267,11.11785209375,89.94543114691722,0.19456241164062502
32,5,244,355.751413,11.11723165625,89.95045087846215,0.19455155398437501
32,5,245,361.643481,11.30135878125,88.48493525036056,0.19777377867187498
32,5,246,358.644705,11.20764703125,89.22479421521085,0.196133823046875
32,5,247,358.318382,11.1974494375,89.30605184525533,0.19595536515625
32,5,248,352.993263,11.03103946875,90.65328819037546,0.19304319070312503
32,5,249,357.232291,11.16350909375,89.57756845111183,0.195361409140625
32,5,250,359.611463,11.23785821875,88.98492760226611,0.196662518828125
32,5,251,357.498012,11.171812875,89.51098726669282,0.19550672531250002
32,5,252,357.987216,11.1871005,89.38866688468562,0.19577425875
32,5,253,353.933068,11.060408375,90.41257484310565,0.1935571465625
32,5,254,357.050974,11.1578429375,89.62305757496686,0.19526225140624998
32,5,255,355.679947,11.11499834375,89.96852442738357,0.19451247101562502
32,5,256,352.955167,11.02984896875,90.66307279757147,0.193022356953125
32,5,257,349.98249,10.9369528125,91.43314569823194,0.19139667421874998
32,5,258,354.122034,11.0663135625,90.36432903805134,0.19366048734375
32,5,259,359.838707,11.24495959375,88.92873217221738,0.196786792890625
32,5,260,353.007802,11.0314938125,90.64955453874076,0.19305114171875
32,5,261,360.301376,11.259418,88.81453730556943,0.197039815
32,5,262,350.456811,10.95177534375,91.30939675188678,0.191656068515625
32,5,263,353.501489,11.04692153125,90.52295675054427,0.19332112679687502
32,5,264,353.756315,11.05488484375,90.45774914293756,0.193460484765625
32,5,265,349.567564,10.923986375,91.54167404387668,0.1911697615625
32,5,266,346.051545,10.81411078125,92.47177324406977,0.189246938671875
32,5,267,346.654643,10.83295759375,92.31089398678556,0.189576757890625
32,5,268,351.593233,10.98728853125,91.01426590880945,0.19227754929687502
32,5,269,356.112435,11.12851359375,89.85926032040976,0.19474898789062503
32,5,270,342.905361,10.71579253125,93.3202091290722,0.187526369296875
32,5,271,350.721248,10.960039,91.24055124256401,0.19180068249999999
32,5,272,347.998094,10.8749404375,91.95452662450502,0.19031145765625
32,5,273,347.864658,10.8707705625,91.98979909019674,0.19023848484375
32,5,274,348.464546,10.8895170625,91.83143699215816,0.19056654859375
32,5,275,356.558045,11.14243890625,89.74695831081304,0.194992680859375
32,5,276,351.810996,10.994093625,90.95793014951698,0.1923966384375
32,5,277,352.036933,11.00115415625,90.89955342838985,0.19252019773437498
32,5,278,356.046106,11.1264408125,89.87600049753107,0.19471271421875
32,5,279,356.280776,11.13377425,89.81680224026456,0.19484104937500002
32,5,280,358.464837,11.20202615625,89.26956481368912,0.196035457734375
32,5,281,354.401062,11.0750331875,90.29318315078862,0.19381308078125004
32,5,282,353.847788,11.057743375,90.4343649592067,0.19351050906249997
32,5,283,351.221113,10.97565978125,91.11069584247915,0.192074046171875
32,5,284,355.145605,11.09830015625,90.10388851637346,0.194220252734375
32,5,285,353.927561,11.06023628125,90.41398163394231,0.193554134921875
32,5,286,359.358886,11.2299651875,89.04747105655264,0.19652439078125
32,5,287,354.648943,11.08277946875,90.23007295414384,0.19394864070312498
32,5,288,356.382158,11.1369424375,89.79125155867091,0.19489649265625
32,5,289,351.487157,10.98397365625,91.04173328301721,0.19221953898437502
32,5,290,359.642639,11.23883246875,88.97721385032992,0.19667956820312496
32,5,291,353.381717,11.04317865625,90.55363778200218,0.193255626484375
32,5,292,360.156407,11.25488771875,88.85028664782298,0.196960535078125
32,5,293,353.540608,11.048144,90.51294045407083,0.19334252000000002
32,5,294,354.504795,11.07827484375,90.26676211812594,0.193869809765625
32,5,295,354.901479,11.09067121875,90.16586825776513,0.194086746328125
32,5,296,351.872228,10.996007125,90.94210185863261,0.1924301246875
32,5,297,351.027652,10.969614125,91.16090945450645,0.1919682471875
32,5,298,347.890123,10.87156634375,91.98306558418734,0.190252411015625
32,5,299,348.447014,10.8889691875,91.83605746152269,0.19055696078125
32,5,300,349.03762,10.907425625,91.68066181519345,0.1908799484375
32,5,301,351.852029,10.99537590625,90.94732263146904,0.19241907835937502
32,5,302,353.509355,11.04716734375,90.52094250801368,0.193325428515625
32,5,303,359.275108,11.227347125,89.06823569864461,0.1964785746875
32,5,304,356.905486,11.1532964375,89.65959127902002,0.19518268765625002
32,5,305,352.884409,11.02763778125,90.6812519450243,0.19298366117187502
32,5,306,352.847771,11.02649284375,90.69066784610635,0.192963624765625
32,5,307,351.057789,10.97055590625,91.15308363091184,0.191984728359375
32,5,308,352.492306,11.0153845625,90.78212334087088,0.19276922984375
32,5,309,352.071756,11.002242375,90.89056266132293,0.1925392415625
32,5,310,352.760825,11.02377578125,90.71302064224393,0.192916076171875
32,5,311,356.454564,11.139205125,89.77301241680833,0.1949360896875
32,5,312,353.049917,11.03280990625,90.63874103672428,0.19307417335937502
32,5,313,350.908336,10.9658855,91.19190602528175,0.19190299625
32,5,314,357.368419,11.16776309375,89.54344675879152,0.195435854140625
32,5,315,354.498454,11.0780766875,90.26837674163737,0.19386634203124997
32,5,316,350.852001,10.96412503125,91.20654837023433,0.19187218804687498
32,5,317,349.645053,10.92640790625,91.52138640440023,0.191212138359375
32,5,318,349.870018,10.9334380625,91.46253852480723,0.19133516609375
32,5,319,349.375871,10.91799596875,91.59190046069324,0.191064929453125
32,5,320,352.33712,11.010535,90.82210809919772,0.1926843625
32,5,321,352.112911,11.00352846875,90.87993936126927,0.192561748203125
32,5,322,358.098216,11.19056925,89.36095900572708,0.19583496187499996
32,5,323,356.178355,11.13057359375,89.8426295444034,0.194785037890625
32,5,324,356.668405,11.14588765625,89.71918889199058,0.19505303398437498
32,5,325,356.028224,11.125882,89.88051464144596,0.19470293500000002
32,5,326,358.698529,11.20932903125,89.21140571502038,0.196163258046875
32,5,327,358.014776,11.18796175,89.38178573948021,0.19578933062499998
32,5,328,357.826626,11.1820820625,89.42878387143834,0.19568643609375
32,5,329,355.698022,11.1155631875,89.96395262496006,0.19452235578125
32,5,330,353.712455,11.05351421875,90.46896581574998,0.193436498828125
32,5,331,357.366124,11.167691375,89.54402180549155,0.19543459906250002
32,5,332,354.268399,11.07088746875,90.32699526778848,0.193740530703125
32,5,333,359.298912,11.228091,89.0623348172009,0.1964915925
32,5,334,354.630679,11.08220871875,90.23471993521463,0.19393865257812498
32,5,335,357.881606,11.1838001875,89.4150452649975,0.19571650328125
32,5,336,360.155417,11.25485678125,88.85053088067255,0.196959993671875
32,5,337,357.458591,11.17058096875,89.52085865520574,0.195485166953125
32,5,338,350.071505,10.93973453125,91.40989638673962,0.191445354296875
32,5,339,352.84484,11.02640125,90.69142119238587,0.19296202187499997
32,5,340,353.620897,11.05065303125,90.49238965082995,0.193386428046875
32,5,341,356.647935,11.14524796875,89.72433837307932,0.19504183945312503
32,5,342,356.299592,11.13436225,89.81205906067947,0.19485133937500002
32,5,343,354.091921,11.06537253125,90.37201388167226,0.193644019296875
32,5,344,361.31991,11.2912471875,88.5641757189633,0.19759682578125
32,5,345,354.044806,11.0639001875,90.38404026184189,0.19361825328124999
32,5,346,356.424633,11.13826978125,89.78055116633873,0.19491972117187498
32,5,347,365.408355,11.41901109375,87.5732575956015,0.199832694140625
32,5,348,360.516462,11.2661394375,88.76155008977094,0.19715744015625
32,5,349,360.915823,11.27861946875,88.66333355520409,0.197375840703125
32,5,350,361.141163,11.28566134375,88.60801060221429,0.197499073515625
32,5,351,357.803939,11.18137309375,89.43445421376425,0.195674029140625
32,5,352,356.003708,11.125115875,89.88670421376622,0.1946895278125
32,5,353,359.814101,11.24419065625,88.93481359142176,0.196773336484375
32,5,354,362.569613,11.33030040625,88.25891319248532,0.19828025710937502
32,5,355,361.027277,11.28210240625,88.63596198577538,0.197436792109375
32,5,356,359.513648,11.2348015,89.00913825669284,0.19660902625
32,5,357,356.529228,11.141538375,89.75421224091059,0.1949769215625
32,5,358,356.733706,11.1479283125,89.7027655693404,0.19508874546875002
32,5,359,358.419105,11.20059703125,89.28095504284013,0.196010448046875
32,5,360,354.199303,11.06872821875,90.34461595199696,0.193702743828125
32,5,361,356.915545,11.15361078125,89.65706439040082,0.19518818867187498
32,5,362,354.902296,11.09069675,90.16566069214723,0.194087193125
32,5,363,358.511165,11.20347390625,89.25802910489551,0.19606079335937499
32,5,364,356.431716,11.138491125,89.7787670500119,0.19492359468749998
32,5,365,354.14439,11.0670121875,90.35862462765542,0.19367271328125
32,5,366,350.809748,10.962804625,91.2175336701305,0.19184908093750003
32,5,367,351.590591,10.98720596875,91.01494982839287,0.192276104453125
32,5,368,356.302777,11.13446178125,89.81125622829484,0.194853081171875
32,5,369,354.300662,11.0718956875,90.31876999428243,0.19375817453125
32,5,370,355.046046,11.0951889375,90.12915468434761,0.19416580640625
32,5,371,353.979757,11.06186740625,90.40064966200877,0.193582679609375
32,5,372,355.959406,11.1237314375,89.89789133427197,0.19466530015625
32,5,373,355.70395,11.1157484375,89.96245332670608,0.19452559765625
32,5,374,356.106198,11.1283186875,89.86083415487197,0.19474557703125
32,5,375,354.301361,11.07191753125,90.31859180467558,0.19375855679687498
32,5,376,349.252946,10.9141545625,91.62413765294338,0.19099770484375
32,5,377,348.673202,10.8960375625,91.77648243813128,0.19068065734375
32,5,378,358.672296,11.20850925,89.21793056467344,0.196148911875
32,5,379,345.463996,10.795749875,92.62904490921248,0.1889256228125
32,5,380,351.853955,10.99543609375,90.94682479837408,0.192420131640625
32,5,381,354.808685,11.08777140625,90.18944956209288,0.194035999609375
32,5,382,356.067897,11.12712178125,89.87050017598187,0.19472463117187502
32,5,383,353.990676,11.062208625,90.39786121372305,0.1935886509375
32,5,384,348.797643,10.89992634375,91.7437392201644,0.190748711015625
32,5,385,348.765642,10.8989263125,91.7521571691973,0.19073121046875002
32,5,386,348.540926,10.8919039375,91.81131285569603,0.19060831890625002
32,5,387,354.416136,11.07550425,90.2893428080261,0.193821324375
32,5,388,355.838637,11.11995740625,89.92840201329795,0.19459925460937502
32,5,389,354.124688,11.0663965,90.36365179939108,0.19366193874999998
32,5,390,350.464102,10.9520031875,91.30749716557276,0.19166005578125
32,5,391,346.971217,10.84285053125,92.22667020244506,0.18974988429687503
32,5,392,348.278332,10.883697875,91.88053651296345,0.1904647128125
32,5,393,353.057845,11.03305765625,90.63670572169272,0.19307850898437498
32,5,394,352.062799,11.00196246875,90.89287505210115,0.19253434320312499
32,5,395,357.77095,11.1803421875,89.44270069998696,0.19565598828125003
32,5,396,359.177212,11.224287875,89.09251180445155,0.19642503781249998
32,5,397,356.643798,11.1451186875,89.72537915828273,0.19503957703125
32,5,398,349.27783,10.9149321875,91.61760996969089,0.19101131328125
32,5,399,356.508143,11.14087946875,89.75952058407822,0.19496539070312502
32,5,400,351.272974,10.9772804375,91.0972445036435,0.19210240765625
32,5,401,355.664614,11.1145191875,89.97240304597747,0.19450408578124997
32,5,402,355.770541,11.11782940625,89.94561469326376,0.19456201460937497
32,5,403,356.184787,11.13077459375,89.8410071623862,0.19478855539062498
32,5,404,352.252375,11.00788671875,90.84395811383814,0.192638017578125
32,5,405,352.896381,11.02801190625,90.67817558605113,0.192990208359375
32,5,406,350.341349,10.94816715625,91.33948959019395,0.191592925234375
32,5,407,353.45835,11.0455734375,90.53400492589863,0.19329753515625
32,5,408,351.154583,10.97358071875,91.12795774048034,0.19203766257812502
32,5,409,357.191428,11.162232125,89.58781620033727,0.1953390621875
32,5,410,348.886234,10.9026948125,91.72044317460802,0.19079715921875
32,5,411,350.000659,10.93752059375,91.42839928195679,0.19140661039062498
32,5,412,353.503131,11.04697284375,90.52253627705494,0.193322024765625
32,5,413,351.547232,10.985851,91.0261753959707,0.1922523925
32,5,414,349.970294,10.9365716875,91.43633202194012,0.19139000453125002
32,5,415,359.194113,11.22481603125,89.0883197743277,0.196434280546875
32,5,416,356.105849,11.12830778125,89.86092222259455,0.194745386171875
32,5,417,351.855133,10.99547290625,90.9465203112441,0.192420775859375
32,5,418,351.951828,10.998494625,90.9215337276214,0.1924736559375
32,5,419,352.500019,11.01562559375,90.78013695085787,0.192773447890625
32,5,420,354.668672,11.083396,90.22505376510954,0.19395943
32,5,421,360.64978,11.270305625,88.72873844536934,0.1972303484375
32,5,422,354.03518,11.063599375,90.38649774861356,0.19361298906250002
32,5,423,354.856994,11.0892810625,90.17717148333844,0.19406241859374998
32,5,424,351.307224,10.97835075,91.08836315873765,0.192121138125
32,5,425,350.940047,10.96687646875,91.18366590975012,0.19192033820312498
32,5,426,353.539799,11.04811871875,90.51314757352112,0.19334207757812502
32,5,427,354.860956,11.089404875,90.17616466095527,0.19406458531249998
32,5,428,350.998667,10.96870834375,91.16843740036198,0.191952396015625
32,5,429,351.112313,10.97225978125,91.13892852854751,0.192014546171875
32,5,430,357.299208,11.16560025,89.56079186159292,0.195398004375
32,5,431,357.185958,11.1620611875,89.58918816175859,0.19533607078125
32,5,432,345.825821,10.80705690625,92.53213050277121,0.189123495859375
32,5,433,351.164857,10.97390178125,91.12529161766321,0.19204328117187497
32,5,434,357.192942,11.1622794375,89.58743647291888,0.19533989015625003
32,5,435,357.841592,11.18254975,89.42504369363526,0.195694620625
32,5,436,358.476346,11.2023858125,89.26669878519684,0.19604175171875
32,5,437,360.378484,11.261827625,88.79553419731906,0.19708198343750002
32,5,438,354.582155,11.08069234375,90.24706841211453,0.193912116015625
32,5,439,351.557419,10.98616934375,91.02353775102667,0.192257963515625
32,5,440,352.059908,11.001872125,90.893621434452,0.19253276218749998
32,5,441,350.95204,10.96725125,91.18054991217603,0.191926896875
32,5,442,355.73197,11.1166240625,89.95536723899176,0.19454092109375
32,5,443,356.194534,11.1310791875,89.83854872966693,0.19479388578125
32,5,444,354.97249,11.0928903125,90.14783089247283,0.19412558046875
32,5,445,354.891996,11.090374875,90.16827756239394,0.1940815603125
32,5,446,355.391552,11.105986,90.04153255730738,0.194354755
32,5,447,356.253419,11.13291934375,89.82369934813173,0.194826088515625
32,5,448,353.591405,11.04973140625,90.4999373500043,0.193370299609375
32,5,449,351.136119,10.97300371875,91.13274957624054,0.19202756507812502
32,5,450,347.989673,10.87467728125,91.9567518315407,0.190306852421875
32,5,451,352.130298,11.0040718125,90.87545201804816,0.19257125671875
32,5,452,350.307041,10.94709503125,91.34843510039525,0.19157416304687502
32,5,453,346.783168,10.836974,92.27668166408816,0.189647045
32,5,454,357.154713,11.16108478125,89.597025701296,0.195318983671875
32,5,455,353.792867,11.05602709375,90.44840352872349,0.193480474140625
32,5,456,348.789299,10.89966559375,91.74593398291154,0.19074414789062502
32,5,457,350.040359,10.93876121875,91.4180298849482,0.191428321328125
32,5,458,352.261232,11.0081635,90.8416739994823,0.19264286125000002
32,5,459,349.617096,10.92553425,91.52870487775003,0.191196849375
32,5,460,358.267053,11.19584540625,89.31884674307464,0.195927294609375
32,5,461,360.895117,11.27797240625,88.6684205261774,0.19736451710937503
32,5,462,358.180053,11.19312665625,89.34054180845185,0.195879716484375
32,5,463,357.37572,11.16799125,89.54161743276795,0.195439846875
32,5,464,355.95377,11.1235553125,89.89931473404538,0.19466221796875002
32,5,465,356.354231,11.13606971875,89.79828837783603,0.194881220078125
32,5,466,355.94356,11.12323625,89.90189343501537,0.19465663437499997
32,5,467,358.896776,11.21552425,89.1621272184401,0.196271674375
32,5,468,359.243547,11.22636084375,89.07606070374314,0.19646131476562498
32,5,469,360.964625,11.28014453125,88.65134637500834,0.197402529296875
32,5,470,353.433816,11.04480675,90.54028944417702,0.193284118125
32,5,471,354.362215,11.07381921875,90.30308155173937,0.193791836328125
32,5,472,354.908464,11.0908895,90.16409369149336,0.19409056624999999
32,5,473,349.73573,10.9292415625,91.4976573883372,0.19126172734375
32,5,474,347.381927,10.85568521875,92.1176305179515,0.189974491328125
32,5,475,352.32823,11.0102571875,90.82439973657517,0.19267950078125
32,5,476,349.04183,10.9075571875,91.67955600049427,0.19088225078125
32,5,477,345.095543,10.78423571875,92.7279434611533,0.18872412507812503
32,5,478,347.276127,10.85237896875,92.14569477158446,0.18991663195312497
32,5,479,349.004718,10.9063974375,91.68930489931083,0.19086195515625
32,5,480,345.871277,10.80847740625,92.5199695029894,0.189148354609375
32,5,481,351.296849,10.97802653125,91.09105331030167,0.192115464296875
32,5,482,348.411665,10.88786453125,91.84537492451636,0.19053762929687504
32,5,483,353.367296,11.042728,90.55733329662743,0.19324774
32,5,484,350.39279,10.9497746875,91.32608008286928,0.19162105703125
32,5,485,353.875823,11.05861946875,90.42720050417233,0.19352584070312503
32,5,486,351.582483,10.98695259375,91.01704876462802,0.192271670390625
32,5,487,349.391092,10.918471625,91.5879103179883,0.1910732534375
32,5,488,344.150565,10.75470515625,92.98255837528555,0.188207340234375
32,5,489,341.980384,10.686887,93.57261848094772,0.1870205225
32,5,490,348.253876,10.882933625,91.8869887897529,0.1904513384375
32,5,491,355.048508,11.095265875,90.12852970501709,0.1941671528125
32,5,492,351.127479,10.97273371875,91.13499202949023,0.192022840078125
32,5,493,350.100914,10.9406535625,91.40221781883152,0.19146143734374999
32,5,494,345.647002,10.8014688125,92.58000160522151,0.18902570421874998
32,5,495,343.771192,10.74284975,93.08517044092514,0.187999870625
32,5,496,348.29023,10.8840696875,91.87739776679925,0.19047121953125
32,5,497,346.154164,10.817317625,92.44435955997918,0.1893030584375
32,5,498,347.951828,10.873494625,91.96675351278799,0.19028615593749998
32,5,499,350.961448,10.96754525,91.17810569324982,0.19193204187500001
32,5,500,348.951767,10.90474271875,91.70321811266254,0.190832997578125
128,1,1,1801.840395,14.0768780859375,71.03847841084726,0.24634536650390623
128,1,2,1792.336631,14.0026299296875,71.41515594008969,0.24504602376953125
128,1,3,1794.769737,14.0216385703125,71.31834093322469,0.24537867498046875
128,1,4,1792.658968,14.0051481875,71.40231482109763,0.24509009328125
128,1,5,1802.692842,14.083537828125,71.00488614465803,0.24646191199218748
128,1,6,1808.144966,14.126132546875,70.79078414999165,0.2472073195703125
128,1,7,1798.883911,14.0537805546875,71.15523087248292,0.24594115970703123
128,1,8,1804.791081,14.0999303203125,70.92233630115108,0.24674878060546876
128,1,9,1800.861302,14.069228921875,71.07710063948056,0.2462115061328125
128,1,10,1787.981407,13.9686047421875,71.5891113290531,0.24445058298828123
128,1,11,1804.735233,14.0994940078125,70.92453101124778,0.24674114513671877
128,1,12,1781.244557,13.9159731015625,71.8598687063946,0.24352952927734375
128,1,13,1761.690929,13.7632103828125,72.65746669460202,0.24085618169921874
128,1,14,1763.700044,13.77890659375,72.57469910229248,0.24113086539062498
128,1,15,1768.310925,13.8149291015625,72.38546015316848,0.24176125927734377
128,1,16,1779.591912,13.9030618125,71.92660246255379,0.24330358171875002
128,1,17,1793.912974,14.014945109375,71.35240218180171,0.2452615394140625
128,1,18,1783.654898,13.934803890625,71.76276091497606,0.24385906808593752
128,1,19,1809.03102,14.13305484375,70.75611119150406,0.24732845976562498
128,1,20,1802.324248,14.0806581875,71.01940738024183,0.24641151828125
128,1,21,1802.320979,14.0806326484375,71.01953619328091,0.24641107134765627
128,1,22,1798.65446,14.05198796875,71.16430801277973,0.245909789453125
128,1,23,1798.328439,14.0494409296875,71.17720947080012,0.24586521626953123
128,1,24,1809.396298,14.135908578125,70.74182706214425,0.24737840011718748
128,1,25,1795.612263,14.0282208046875,71.28487738558066,0.24549386408203125
128,1,26,1789.930903,13.9838351796875,71.51114033813629,0.24471711564453125
128,1,27,1797.744282,14.044877203125,71.20033771299182,0.24578535105468752
128,1,28,1795.708531,14.0289728984375,71.28105580069776,0.24550702572265623
128,1,29,1788.533847,13.9729206796875,71.56699897779458,0.24452611189453122
128,1,30,1797.82769,14.045528828125,71.19703446107229,0.24579675449218752
128,1,31,1800.343014,14.065179796875,71.09756252260493,0.2461406464453125
128,1,32,1800.597801,14.0671703203125,71.08750212230211,0.24617548060546876
128,1,33,1796.608337,14.0360026328125,71.24535568711435,0.24563004607421873
128,1,34,1796.913644,14.03838784375,71.23325065030225,0.245671787265625
128,1,35,1799.067178,14.055212328125,71.14798244626749,0.2459662157421875
128,1,36,1784.987352,13.9452136875,71.70919158423257,0.24404123953125004
128,1,37,1786.900581,13.9601607890625,71.63241277159784,0.24430281380859376
128,1,38,1781.217803,13.9157640859375,71.86094804600378,0.24352587150390625
128,1,39,1779.505456,13.902386375,71.93009696509748,0.2432917615625
128,1,40,1793.414926,14.011054109375,71.37221740731738,0.2451934469140625
128,1,41,1791.103198,13.992993734375,71.46433557984189,0.2448773903515625
128,1,42,1801.243446,14.072214421875,71.06202122997205,0.2462637523828125
128,1,43,1796.480462,14.035003609375,71.25042699184112,0.2456125631640625
128,1,44,1797.59078,14.04367796875,71.20641773652177,0.24576436445312502
128,1,45,1806.079697,14.1099976328125,70.87173407276279,0.24692495857421876
128,1,46,1808.880087,14.1318756796875,70.76201508320325,0.24730782439453125
128,1,47,1810.384945,14.1436323828125,70.70319511522452,0.24751356669921876
128,1,48,1800.645883,14.0675459609375,71.08560389827632,0.24618205431640625
128,1,49,1800.01065,14.062583203125,71.11069037285974,0.2460952060546875
128,1,50,1804.995828,14.10152990625,70.91429133209054,0.246776773359375
128,1,51,1784.779571,13.9435903984375,71.71753984626933,0.24401283197265625
128,1,52,1805.025569,14.1017622578125,70.91312289327465,0.24678083951171875
128,1,53,1817.061296,14.195791375,70.44341337398669,0.2484263490625
128,1,54,1803.278605,14.0881141015625,70.9818214695671,0.24654199677734373
128,1,55,1800.881849,14.0693894453125,71.07628969167315,0.24621431529296875
128,1,56,1805.56822,14.10600171875,70.89181044624279,0.24685503007812504
128,1,57,1803.632695,14.0908804296875,70.96788628573846,0.24659040751953126
128,1,58,1804.54381,14.097998515625,70.9320545672981,0.2467149740234375
128,1,59,1792.916139,14.0071573359375,71.39207306784135,0.24512525337890625
128,1,60,1806.190279,14.1108615546875,70.86739502931408,0.24694007720703123
128,1,61,1796.523162,14.035337203125,71.24873350227365,0.2456184010546875
128,1,62,1793.577212,14.01232196875,71.36575952438004,0.24521563445312497
128,1,63,1810.204242,14.142220640625,70.71025303673993,0.2474888612109375
128,1,64,1800.652047,14.0675941171875,71.08536055772467,0.24618289705078125
128,1,65,1807.155493,14.1184022890625,70.82954427319996,0.24707204005859376
128,1,66,1797.965412,14.04660478125,71.19158085339186,0.245815583671875
128,1,67,1803.031774,14.086185734375,70.99153872149121,0.2465082503515625
128,1,68,1805.001293,14.1015726015625,70.91407662498555,0.24677752052734378
128,1,69,1802.918903,14.0853039296875,70.99598311771653,0.24649281876953125
128,1,70,1803.522474,14.090019328125,70.97222343789878,0.24657533824218753
128,1,71,1803.857863,14.0926395546875,70.9590276625914,0.24662119220703124
128,1,72,1806.631483,14.1143084609375,70.85008824680158,0.24700039806640622
128,1,73,1784.855275,13.9441818359375,71.71449797239163,0.24402318212890622
128,1,74,1793.405825,14.0109830078125,71.37257960004675,0.24519220263671876
128,1,75,1795.382979,14.0264295234375,71.29398100414987,0.24546251666015623
128,1,76,1785.012457,13.9454098203125,71.70818304266881,0.24404467185546874
128,1,77,1788.250629,13.9707080390625,71.57833355360168,0.24448739068359374
128,1,78,1792.32176,14.00251375,71.41574847587634,0.24504399062499999
128,1,79,1803.069805,14.0864828515625,70.99004134229844,0.24651344990234375
128,1,80,1805.736508,14.10731646875,70.88520359029037,0.24687803820312498
128,1,81,1784.825189,13.9439467890625,71.71570683161173,0.24401906880859375
128,1,82,1794.051134,14.016024484375,71.34690732845075,0.2452804284765625
128,1,83,1798.968998,14.054445296875,71.15186539751586,0.2459527926953125
128,1,84,1788.163153,13.9700246328125,71.58183512799405,0.24447543107421874
128,1,85,1788.16007,13.970000546875,71.58195854356596,0.24447500957031248
128,1,86,1793.602485,14.0125194140625,71.36475393542958,0.24521908974609374
128,1,87,1802.174506,14.079488328125,71.02530835601554,0.2463910457421875
128,1,88,1806.45996,14.1129684375,70.85681544804348,0.24697694765625
128,1,89,1790.508496,13.988347625,71.48807184436839,0.24479608343749998
128,1,90,1801.527412,14.07443290625,71.05082006934236,0.24630257585937498
128,1,91,1784.737667,13.9432630234375,71.71922370818658,0.2440071029101563
128,1,92,1794.871538,14.022433890625,71.31429592038023,0.2453925930859375
128,1,93,1798.966644,14.05442690625,71.15195850179421,0.24595247085937502
128,1,94,1789.982735,13.9842401171875,71.50906961122169,0.24472420205078127
128,1,95,1777.579437,13.8873393515625,72.00803369779304,0.24302843865234378
128,1,96,1795.935458,14.030745765625,71.27204902037187,0.2455380508984375
128,1,97,1803.896339,14.0929401484375,70.95751415015206,0.24662645259765623
128,1,98,1799.694045,14.0601097265625,71.12320027707821,0.24605192021484373
128,1,99,1792.554541,14.0043323515625,71.40647443206583,0.24507581615234375
128,1,100,1799.547748,14.05896678125,71.12898234695798,0.246031918671875
128,1,101,1803.866889,14.0927100703125,70.95867260524899,0.24662242623046873
128,1,102,1789.195653,13.9780910390625,71.54052704374641,0.24461659318359374
128,1,103,1792.819857,14.0064051328125,71.39590712375738,0.24511208982421875
128,1,104,1793.368213,14.0106891640625,71.37407648476035,0.24518706037109372
128,1,105,1782.95097,13.929304453125,71.7910936159955,0.2437628279296875
128,1,106,1699.835297,13.2799632578125,75.30141315803021,0.23239935701171877
128,1,107,1798.733369,14.0526044453125,71.16118609127777,0.24592057779296875
128,1,108,1802.990674,14.085864640625,70.99315700620203,0.2465026312109375
128,1,109,1787.490818,13.964772015625,71.60875944706531,0.24438351027343752
128,1,110,1806.5356,14.113559375,70.85384865927912,0.2469872890625
128,1,111,1795.764499,14.0294101484375,71.27883420753604,0.24551467759765624
128,1,112,1802.559645,14.0824972265625,71.01013292683582,0.24644370146484376
128,1,113,1804.518982,14.097804546875,70.9330305066306,0.2467115795703125
128,1,114,1820.336351,14.2213777421875,70.31667522855506,0.24887411048828126
128,1,115,1804.337258,14.096384828125,70.94017453360152,0.2466867344921875
128,1,116,1806.741686,14.115169421875,70.84576671465585,0.24701546488281254
128,1,117,1799.86463,14.061442421875,71.11645946395424,0.24607524238281253
128,1,118,1776.196381,13.8765342265625,72.06410359193272,0.24283934896484374
128,1,119,1807.182096,14.118610125,70.82850161215852,0.24707567718749998
128,1,120,1800.458744,14.0660839375,71.0929925090247,0.24615646890625
128,1,121,1800.218374,14.064206046875,71.10248503662923,0.24612360582031248
128,1,122,1796.755591,14.0371530546875,71.23951673847887,0.24565017845703127
128,1,123,1793.779216,14.013900125,71.35772276670197,0.24524325218749998
128,1,124,1808.479303,14.1287445546875,70.77769692341344,0.24725302970703125
128,1,125,1801.023731,14.0704978984375,71.07069040613325,0.24623371322265628
128,1,126,1803.389299,14.0889788984375,70.97746452802923,0.24655713072265623
128,1,127,1795.843184,14.030024875,71.27571112021995,0.2455254353125
128,1,128,1806.572694,14.113849171875,70.85239383121109,0.24699236050781248
128,1,129,1811.990794,14.156178078125,70.64053549490605,0.2477331163671875
128,1,130,1811.275372,14.15058884375,70.66843726730691,0.24763530476562498
128,1,131,1797.716083,14.0446568984375,71.2014545625,0.24578149572265626
128,1,132,1795.953123,14.0308837734375,71.27134798829601,0.24554046603515625
128,1,133,1795.158778,14.024677953125,71.30288505321282,0.2454318641796875
128,1,134,1800.047652,14.06287228125,71.10922861279897,0.246100264921875
128,1,135,1794.719763,14.0212481484375,71.32032679354855,0.24537184259765626
128,1,136,1789.853095,13.9832273046875,71.51424905070212,0.24470647783203126
128,1,137,1778.469618,13.894293890625,71.97199137084162,0.24315014308593752
128,1,138,1781.230874,13.915866203125,71.86042071714057,0.24352765855468753
128,1,139,1795.514049,14.0274535078125,71.28877664381895,0.24548043638671876
128,1,140,1802.085128,14.0787900625,71.0288309975998,0.24637882609374998
128,1,141,1794.255079,14.0176178046875,71.33879764260654,0.24530831158203126
128,1,142,1796.351962,14.033999703125,71.25552381031663,0.2455949948046875
128,1,143,1797.659043,14.0442112734375,71.20371379568667,0.24577369728515627
128,1,144,1798.652913,14.0519758828125,71.16436922035552,0.24590957794921875
128,1,145,1794.648816,14.020693875,71.32314626618293,0.2453621428125
128,1,146,1815.362599,14.1825203046875,70.50932969011774,0.24819410533203126
128,1,147,1794.383544,14.0186214375,71.33369029603628,0.24532587515624998
128,1,148,1796.974815,14.0388657421875,71.23082579206877,0.24568015048828123
128,1,149,1799.657109,14.0598211640625,71.12466000321842,0.24604687037109374
128,1,150,1792.538402,14.004206265625,71.40711733549796,0.2450736096484375
128,1,151,1799.096754,14.055443390625,71.1468128189397,0.2459702593359375
128,1,152,1780.71288,13.911819375,71.88132429299888,0.24345683906249999
128,1,153,1787.436794,13.964349953125,71.61092377065614,0.24437612417968751
128,1,154,1796.468697,14.0349116953125,71.2508936079725,0.24561095466796873
128,1,155,1796.04719,14.031618671875,71.26761518999955,0.2455533267578125
128,1,156,1764.681995,13.7865780859375,72.53431516991253,0.24126511650390622
128,1,157,1764.028936,13.7814760625,72.56116801022816,0.24117583109375
128,1,158,1755.16539,13.712229609375,72.9276002872869,0.2399640181640625
128,1,159,1748.952235,13.6636893359375,73.18667567842412,0.23911456337890624
128,1,160,1790.277891,13.9865460234375,71.49728019514485,0.24476455541015624
128,1,161,1785.804359,13.9515965546875,71.67638456861893,0.24415293970703122
128,1,162,1773.770985,13.8575858203125,72.16264167270725,0.24250775185546877
128,1,163,1783.984868,13.93738178125,71.7494875074243,0.24390418117187498
128,1,164,1783.098898,13.930460140625,71.78513774169805,0.24378305246093748
128,1,165,1790.696996,13.98982028125,71.48054656143512,0.24482185492187497
128,1,166,1796.734057,14.0369848203125,71.24037054973017,0.24564723435546873
128,1,167,1801.43913,14.073743203125,71.05430201241383,0.2462905060546875
128,1,168,1809.701004,14.13828909375,70.72991600108544,0.247420059140625
128,1,169,1775.069203,13.8677281484375,72.10986466537216,0.24268524259765625
128,1,170,1787.888783,13.9678811171875,71.592820099929,0.24443791955078126
128,1,171,1775.660672,13.872349,72.08584501442402,0.2427661075
128,1,172,1770.547466,13.832402078125,72.29402343512207,0.2420670363671875
128,1,173,1734.728599,13.5525671796875,73.7867583861745,0.23716992564453124
128,1,174,1790.905396,13.99144840625,71.47222867600316,0.244850347109375
128,1,175,1793.397493,14.0109179140625,71.37291119208675,0.24519106349609374
128,1,176,1797.996202,14.046845328125,71.19036172469067,0.2458197932421875
128,1,177,1803.214482,14.087613140625,70.98434561041863,0.24653322996093752
128,1,178,1777.310294,13.885236671875,72.01893807294856,0.24299164175781252
128,1,179,1800.594973,14.0671482265625,71.08761377176188,0.24617509396484374
128,1,180,1794.715096,14.0212116875,71.32051225583496,0.24537120453125
128,1,181,1796.248234,14.033189328125,71.25963860516174,0.24558081324218747
128,1,182,1808.23833,14.126861953125,70.78712903956637,0.2472200841796875
128,1,183,1792.663404,14.00518284375,71.40213813390258,0.24509069976562498
128,1,184,1793.054671,14.0082396171875,71.38655729254113,0.24514419330078127
128,1,185,1799.13311,14.055727421875,71.14537511902051,0.2459752298828125
128,1,186,1788.444476,13.97222246875,71.57057527795456,0.24451389320312497
128,1,187,1774.945148,13.86675896875,72.11490458971637,0.24266828195312498
128,1,188,1781.871585,13.9208717578125,71.8345817271675,0.24361525576171877
128,1,189,1778.958947,13.8981167734375,71.95219440890223,0.24321704353515625
128,1,190,1794.03954,14.01593390625,71.34736840861378,0.245278843359375
128,1,191,1780.935114,13.913555578125,71.87235458147073,0.24348722261718753
128,1,192,1776.508585,13.8789733203125,72.05143903090116,0.24288203310546877
128,1,193,1786.233256,13.9549473125,71.65917417002788,0.24421157796874998
128,1,194,1784.377368,13.9404481875,71.73370515423395,0.24395784328124998
128,1,195,1769.58561,13.824887578125,72.33331875929981,0.2419355326171875
128,1,196,1778.85417,13.897298203125,71.95643249384518,0.24320271855468753
128,1,197,1787.844875,13.9675380859375,71.59457836072048,0.24443191650390625
128,1,198,1771.170121,13.8372665703125,72.26860846530732,0.24215216498046876
128,1,199,1768.900302,13.819533609375,72.36134216002864,0.2418418381640625
128,1,200,1786.505581,13.9570748515625,71.64825084305181,0.24424880990234374
128,1,201,1794.833839,14.0221393671875,71.31579381817083,0.24538743892578121
128,1,202,1795.325398,14.025979671875,71.29626759727932,0.2454546442578125
128,1,203,1797.047879,14.0394365546875,71.22792970392527,0.24569013970703124
128,1,204,1788.851997,13.9754062265625,71.55427068011373,0.24456960896484375
128,1,205,1783.745293,13.9355101015625,71.75912418791734,0.24387142677734375
128,1,206,1799.102658,14.055489515625,71.14657934099945,0.2459710665234375
128,1,207,1792.837645,14.0065441015625,71.39519875487666,0.24511452177734375
128,1,208,1800.019081,14.0626490703125,71.11035730181797,0.24609635873046876
128,1,209,1793.612073,14.0125943203125,71.36437244532307,0.24522040060546874
128,1,210,1801.529981,14.0744529765625,71.0507187501533,0.24630292708984375
128,1,211,1799.031099,14.0549304609375,71.14940929656491,0.24596128306640624
128,1,212,1809.425652,14.13613790625,70.74067942969563,0.247382413359375
128,1,213,1791.673406,13.997448484375,71.44159173839967,0.2449553484765625
128,1,214,1787.166005,13.9622344140625,71.62177416193634,0.24433910224609373
128,1,215,1794.749076,14.02147715625,71.31916194395076,0.245375850234375
128,1,216,1802.932729,14.0854119453125,70.99543867673611,0.24649470904296877
128,1,217,1789.655789,13.9816858515625,71.52213335477329,0.24467950240234373
128,1,218,1783.184697,13.9311304453125,71.78168375678922,0.24379478279296873
128,1,219,1772.326084,13.84629753125,72.22147276144247,0.242310206796875
128,1,220,1780.485195,13.9100405859375,71.89051633759864,0.24342571025390625
128,1,221,1791.164665,13.9934739453125,71.46188315410967,0.24488579404296873
128,1,222,1787.916179,13.9680951484375,71.59172309274125,0.24444166509765625
128,1,223,1785.495902,13.949186734375,71.6887671691783,0.2441107678515625
128,1,224,1786.793292,13.95932259375,71.63671397978362,0.24428814539062502
128,1,225,1790.54294,13.98861671875,71.48669665526144,0.244800792578125
128,1,226,1802.725966,14.083796609375,71.00358147279275,0.2464664406640625
128,1,227,1789.514787,13.9805842734375,71.52776882865734,0.24466022478515626
128,1,228,1802.499607,14.0820281796875,71.01249814585951,0.24643549314453125
128,1,229,1783.515271,13.9337130546875,71.76837904406146,0.24383997845703123
128,1,230,1781.451983,13.9175936171875,71.85150159615613,0.24355788830078123
128,1,231,1805.686312,14.1069243125,70.887174117317,0.24687117546875
128,1,232,1797.42106,14.04235203125,71.2131413437428,0.245741160546875
128,1,233,1816.538946,14.191710515625,70.46366954138512,0.2483549340234375
128,1,234,1798.097751,14.0476386796875,71.18634119241496,0.24583367689453126
128,1,235,1806.322289,14.1118928828125,70.86221588444343,0.24695812544921875
128,1,236,1810.316965,14.1431012890625,70.7058501216664,0.24750427255859375
128,1,237,1810.343248,14.143306625,70.70482359707732,0.2475078659375
128,1,238,1811.553455,14.1527613671875,70.65758928985068,0.24767332392578126
128,1,239,1791.538691,13.9963960234375,71.44696379878519,0.24493693041015624
128,1,240,1795.313725,14.0258884765625,71.29673116045498,0.24545304833984374
128,1,241,1791.735834,13.997936203125,71.43910255690069,0.2449638835546875
128,1,242,1801.527499,14.0744335859375,71.05081663813115,0.24630258775390626
128,1,243,1802.517452,14.08216759375,71.01179511908548,0.24643793289062502
128,1,244,1800.088584,14.0631920625,71.10761166851553,0.24610586109375002
128,1,245,1804.367193,14.0966186953125,70.9389976145504,0.24669082716796875
128,1,246,1810.139777,14.1417170078125,70.71277126020529,0.24748004763671874
128,1,247,1801.914807,14.0774594296875,71.03554480087026,0.24635554001953128
128,1,248,1804.106625,14.0945830078125,70.94924336858416,0.24665520263671875
128,1,249,1804.143695,14.0948726171875,70.94778556427569,0.24666027080078123
128,1,250,1818.075727,14.2037166171875,70.40410809026768,0.24856504080078123
128,1,251,1826.771191,14.2716499296875,70.06898325888916,0.24975387376953126
128,1,252,1802.61057,14.082895078125,71.00812684128441,0.2464506638671875
128,1,253,1795.697607,14.0288875546875,71.28148943398352,0.24550553220703125
128,1,254,1779.667792,13.903654625,71.92353571570396,0.2433139559375
128,1,255,1914.295906,14.955436765625,66.86531564885455,0.2617201433984375
128,1,256,1787.413468,13.96416771875,71.61185830339733,0.244372935078125
128,1,257,1796.351989,14.0339999140625,71.25552273931321,0.24559499849609376
128,1,258,1806.316164,14.11184503125,70.86245616966089,0.24695728804687503
128,1,259,1776.311615,13.8774344921875,72.05942860425421,0.24285510361328128
128,1,260,1787.439651,13.9643722734375,71.61080930949987,0.24437651478515623
128,1,261,1798.748293,14.0527210390625,71.16059567540616,0.24592261818359376
128,1,262,1800.954285,14.0699553515625,71.07343093941999,0.24622421865234376
128,1,263,1799.222348,14.05642459375,71.14184644398381,0.245987430390625
128,1,264,1783.953405,13.9371359765625,71.75075292955873,0.24389987958984374
128,1,265,1783.770039,13.9357034296875,71.75812868331286,0.24387481001953126
128,1,266,1802.693503,14.0835429921875,71.0048601090454,0.24646200236328125
128,1,267,1803.894588,14.09292646875,70.95758302701887,0.24662621320312503
128,1,268,1817.90639,14.202393671875,70.41066619497387,0.2485418892578125
128,1,269,1792.521052,14.00407071875,71.40780849250523,0.24507123757812502
128,1,270,1790.66996,13.9896090625,71.48162579328688,0.24481815859374997
128,1,271,1785.60492,13.9500384375,71.68439029614682,0.24412567265625001
128,1,272,1818.804506,14.209410203125,70.37589778216659,0.2486646785546875
128,1,273,1787.165271,13.9622286796875,71.62180357744876,0.24433900189453125
128,1,274,1791.24142,13.99407359375,71.4588210002424,0.244896287890625
128,1,275,1814.136028,14.17293771875,70.55700235506265,0.248026410078125
128,1,276,1807.588272,14.121783375,70.81258602014209,0.2471312090625
128,1,277,1797.304721,14.0414431328125,71.21775094920034,0.24572525482421875
128,1,278,1789.043068,13.97689896875,71.5466286359966,0.24459573195312498
128,1,279,1797.466593,14.0427077578125,71.21133738923403,0.24574738576171876
128,1,280,1786.133102,13.954164859375,71.66319232126297,0.2441978850390625
128,1,281,1786.387168,13.95614975,71.65300014067275,0.244232620625
128,1,282,1768.632577,13.8174420078125,72.37229578633958,0.24180523513671875
128,1,283,1792.859429,14.0067142890625,71.39433127302921,0.24511750005859376
128,1,284,1798.307556,14.04927778125,71.1780360222209,0.245862361171875
128,1,285,1794.134409,14.0166750703125,71.3435957517495,0.24529181373046877
128,1,286,1799.598789,14.0593655390625,71.12696495596498,0.24603889693359374
128,1,287,1797.562864,14.043459875,71.20752356619668,0.24576054781249998
128,1,288,1794.523048,14.0197113125,71.32814490326902,0.24534494796875
128,1,289,1797.46469,14.042692890625,71.211412781633,0.2457471255859375
128,1,290,1783.463187,13.9333061484375,71.77047495738412,0.24383285759765627
128,1,291,1793.793541,14.0140120390625,71.35715291328502,0.24524521068359373
128,1,292,1804.189239,14.0952284296875,70.94599459585847,0.24666649751953124
128,1,293,1797.224215,14.0408141796875,71.22094112225169,0.24571424814453124
128,1,294,1797.036937,14.0393510703125,71.22836340453028,0.24568864373046875
128,1,295,1786.022833,13.9533033828125,71.66761680476232,0.24418280919921875
128,1,296,1785.426959,13.9486481171875,71.69153538024963,0.24410134205078124
128,1,297,1800.359261,14.0653067265625,71.09692091616374,0.24614286771484375
128,1,298,1801.080295,14.0709398046875,71.06845838874719,0.24624144658203123
128,1,299,1806.488704,14.113193,70.85568800766771,0.24698087750000003
128,1,300,1804.135124,14.09480565625,70.94812261966693,0.246659098984375
128,1,301,1795.899185,14.0304623828125,71.27348855052797,0.24553309169921875
128,1,302,1792.8041,14.00628203125,71.3965346241678,0.24510993554687502
128,1,303,1792.307137,14.0023995078125,71.41633113967787,0.24504199138671875
128,1,304,1790.895287,13.9913694296875,71.47263211263339,0.24484896501953124
128,1,305,1788.295554,13.971059015625,71.57653538515703,0.2444935327734375
128,1,306,1789.102675,13.9773646484375,71.54424493831803,0.24460388134765626
128,1,307,1789.797942,13.982796421875,71.51645277732698,0.24469893738281248
128,1,308,1798.674186,14.052142078125,71.16352755617964,0.2459124863671875
128,1,309,1784.088089,13.9381881953125,71.7453363369212,0.24391829341796875
128,1,310,1779.347595,13.9011530859375,71.93647849339972,0.24327017900390624
128,1,311,1784.470091,13.9411725859375,71.72997779316661,0.24397052025390625
128,1,312,1796.861723,14.0379822109375,71.23530896205752,0.24566468869140623
128,1,313,1791.430172,13.99554821875,71.45129182294468,0.24492209382812502
128,1,314,1792.971371,14.0075888359375,71.38987385426579,0.24513280462890627
128,1,315,1791.768742,13.998193296875,71.43779049138028,0.2449683826953125
128,1,316,1811.171142,14.149774546875,70.67250412274954,0.24762105457031247
128,1,317,1793.537979,14.0120154609375,71.36732062477279,0.24521027056640626
128,1,318,1803.233116,14.08775871875,70.98361208224394,0.24653577757812503
128,1,319,1794.779125,14.0217119140625,71.3179678864384,0.24537995849609376
128,1,320,1808.294424,14.1273001875,70.78493319514877,0.24722775328125
128,1,321,1785.794641,13.9515206328125,71.67677461968597,0.24415161107421876
128,1,322,1798.542749,14.0511152265625,71.16872816682769,0.24589451646484375
128,1,323,1772.304805,13.8461312890625,72.22233988131629,0.24230729755859376
128,1,324,1807.326106,14.119735203125,70.82285790874312,0.24709536605468752
128,1,325,1791.048085,13.9925631640625,71.4665346352217,0.24486985537109374
128,1,326,1790.152847,13.9855691171875,71.5022743530011,0.24474745955078125
128,1,327,1792.986501,14.0077070390625,71.38927143545739,0.24513487318359375
128,1,328,1787.729034,13.966633078125,71.59921753555858,0.24441607886718747
128,1,329,1799.429218,14.058040765625,71.13366767616863,0.2460157133984375
128,1,330,1807.401865,14.1203270703125,70.81988930004783,0.24710572373046874
128,1,331,1809.633635,14.1377627734375,70.73254913279726,0.24741084853515624
128,1,332,1804.803074,14.100024015625,70.92186501894223,0.2467504202734375
128,1,333,1801.714159,14.0758918671875,71.04345567836546,0.24632810767578125
128,1,334,1794.559166,14.019993484375,71.32670932511344,0.2453498859765625
128,1,335,1785.404862,13.948475484375,71.69242266799652,0.24409832097656253
128,1,336,1781.049298,13.914447640625,71.86774680730932,0.2435028337109375
128,1,337,1774.344442,13.862065953125,72.13931915931799,0.24258615417968749
128,1,338,1789.019597,13.9767156015625,71.5475672902872,0.24459252302734377
128,1,339,1780.056494,13.906691359375,71.90783013429461,0.24336709878906249
128,1,340,1781.122196,13.91501715625,71.8648053948568,0.243512800234375
128,1,341,1801.435389,14.0737139765625,71.05444956927067,0.24628999458984377
128,1,342,1784.706016,13.94301575,71.72049561803011,0.24400277562500003
128,1,343,1793.495765,14.0116856640625,71.36900041690369,0.24520449912109374
128,1,344,1802.674403,14.0833937734375,71.00561243171988,0.24645939103515624
128,1,345,1806.340709,14.1120367890625,70.86149327324937,0.24696064380859378
128,1,346,1823.115973,14.2430935390625,70.20946659217275,0.24925413693359375
128,1,347,1796.341722,14.033919703125,71.25593000060597,0.24559359480468748
128,1,348,1800.67112,14.067743125,71.08460761007818,0.24618550468749997
128,1,349,1782.901789,13.9289202265625,71.79307395938677,0.24375610396484376
128,1,350,1792.547414,14.004276671875,71.40675833749522,0.2450748417578125
128,1,351,1775.745881,13.8730146953125,72.08238598189376,0.24277775716796876
128,1,352,1774.596628,13.86403615625,72.12906751899902,0.24262063273437498
128,1,353,1770.018606,13.828270359375,72.31562400875688,0.24199473128906251
128,1,354,1772.513155,13.8477590234375,72.21385050877097,0.24233578291015626
128,1,355,1775.936041,13.8745003203125,72.07466769350845,0.24280375560546874
128,1,356,1777.538709,13.8870211640625,72.00968358771196,0.24302287037109374
128,1,357,1783.040933,13.9300072890625,71.78747140966505,0.24377512755859373
128,1,358,1787.919992,13.9681249375,71.59157041295614,0.24444218640625
128,1,359,1780.539517,13.9104649765625,71.88832304922104,0.24343313708984374
128,1,360,1789.432023,13.9799376796875,71.5310770986465,0.24464890939453127
128,1,361,1775.04722,13.86755640625,72.11075770705413,0.242682237109375
128,1,362,1777.544783,13.8870686171875,72.00943752537795,0.24302370080078126
128,1,363,1781.589935,13.9186713671875,71.84593799358213,0.24357674892578127
128,1,364,1785.413749,13.9485449140625,71.69206581482419,0.24409953599609374
128,1,365,1802.312841,14.0805690703125,71.01985686845583,0.24640995873046873
128,1,366,1795.297301,14.0257601640625,71.29738340758526,0.24545080287109378
128,1,367,1788.187934,13.970218234375,71.58084313524957,0.2444788191015625
128,1,368,1798.631794,14.051810890625,71.16520481122998,0.2459066905859375
128,1,369,1815.00892,14.1797571875,70.52306938524578,0.24814575078125
128,1,370,1797.579367,14.0435888046875,71.20686983274659,0.24576280408203127
128,1,371,1795.548636,14.02772371875,71.28740343405546,0.24548516507812498
128,1,372,1792.337108,14.00263365625,71.41513693416206,0.245046088984375
128,1,373,1795.789641,14.0296065703125,71.27783626634697,0.24551811498046877
128,1,374,1795.796231,14.0296580546875,71.27757469939806,0.24551901595703127
128,1,375,1781.069918,13.914608734375,71.86691477206793,0.2435056528515625
128,1,376,1790.954946,13.991835515625,71.47025126783954,0.24485712152343753
128,1,377,1800.868007,14.0692813046875,71.07683600489439,0.24621242283203126
128,1,378,1804.113424,14.094636125,70.94897598855182,0.2466561321875
128,1,379,1807.406384,14.120362375,70.81971223135838,0.24710634156249997
128,1,380,1799.581454,14.059230109375,71.12765010746772,0.24603652691406247
128,1,381,1785.665626,13.950512703125,71.68195329308534,0.2441339723046875
128,1,382,1800.346138,14.065204203125,71.09743915255922,0.24614107355468753
128,1,383,1807.160422,14.118440796875,70.82935108679577,0.2470727139453125
128,1,384,1799.322153,14.0572043203125,71.13790034018439,0.24600107560546877
128,1,385,1811.296036,14.15075028125,70.66763105310523,0.247638129921875
128,1,386,1790.380751,13.9873496171875,71.49317257153643,0.24477861830078124
128,1,387,1812.928343,14.1635026796875,70.6040040105435,0.24786129689453126
128,1,388,1787.241153,13.9628215078125,71.6187626863581,0.24434937638671875
128,1,389,1796.680936,14.0365698125,71.24247685566804,0.24563997171875
128,1,390,1803.753607,14.0918250546875,70.96312905668384,0.24660693845703127
128,1,391,1787.260914,13.962975890625,71.61797082750952,0.2443520780859375
128,1,392,1790.489745,13.9882011328125,71.48882050703953,0.24479351982421874
128,1,393,1786.902932,13.96017915625,71.63231852596232,0.244303135234375
128,1,394,1794.698218,14.021079828125,71.32118298007916,0.2453688969921875
128,1,395,1799.656398,14.059815609375,71.12468810282306,0.2460467731640625
128,1,396,1801.126008,14.0712969375,71.06665465462537,0.24624769640625
128,1,397,1795.509572,14.02741853125,71.28895439828933,0.24547982429687498
128,1,398,1803.780194,14.092032765625,70.96208308848966,0.24661057339843748
128,1,399,1801.970845,14.0778972265625,71.03333572525142,0.24636320146484378
128,1,400,1802.915922,14.085280640625,70.99610050479104,0.24649241121093748
128,1,401,1781.467752,13.9177168125,71.85086558894949,0.24356004421875
128,1,402,1771.236895,13.8377882421875,72.26588400531257,0.24216129423828125
128,1,403,1765.857476,13.79576153125,72.48603114331975,0.241425826796875
128,1,404,1768.288822,13.814756421875,72.3863649464386,0.2417582373828125
128,1,405,1770.373267,13.8310411484375,72.30113693306238,0.24204322009765625
128,1,406,1783.854472,13.9363630625,71.75473224365132,0.24388635359375
128,1,407,1785.262573,13.9473638515625,71.69813669756465,0.24407886740234375
128,1,408,1792.259232,14.00202525,71.41824001495783,0.245035441875
128,1,409,1801.651566,14.075402859375,71.0459238709423,0.2463195500390625
128,1,410,1791.918954,13.999366828125,71.43180204343103,0.2449889194921875
128,1,411,1785.491305,13.9491508203125,71.68895174205286,0.24411013935546877
128,1,412,1786.090777,13.9538341953125,71.66489052420654,0.24419209841796874
128,1,413,1796.448293,14.0347522890625,71.25170287325382,0.24560816505859373
128,1,414,1787.601666,13.965638015625,71.60431903513341,0.2443986652734375
128,1,415,1806.735975,14.1151248046875,70.84599065450058,0.24701468408203126
128,1,416,1786.4944,13.9569875,71.64869926264532,0.24424728125
128,1,417,1802.240443,14.0800034609375,71.02270981497446,0.24640006056640623
128,1,418,1798.627189,14.0517749140625,71.16538701450709,0.24590606099609374
128,1,419,1785.117086,13.946227234375,71.70398009399815,0.2440589766015625
128,1,420,1781.463903,13.9176867421875,71.85102082868305,0.24355951798828127
128,1,421,1789.146779,13.9777092109375,71.54248131142292,0.24460991119140624
128,1,422,1786.219757,13.9548418515625,71.65971571996222,0.24420973240234375
128,1,423,1798.252168,14.0488450625,71.18022837829272,0.24585478859374998
128,1,424,1801.399001,14.0734296953125,71.05588485890361,0.24628501966796876
128,1,425,1797.603449,14.0437769453125,71.2059158938563,0.24576609654296874
128,1,426,1809.812531,14.1391603984375,70.725557375423,0.24743530697265625
128,1,427,1809.323225,14.1353376953125,70.74468410695386,0.24736840966796877
128,1,428,1797.030402,14.039300015625,71.22862243039559,0.2456877502734375
128,1,429,1820.293699,14.2210445234375,70.31832284554868,0.24886827916015625
128,1,430,1808.058764,14.12545909375,70.79415921019257,0.24719553414062503
128,1,431,1818.69141,14.208526640625,70.3802741334771,0.24864921621093747
128,1,432,1806.30425,14.111751953125,70.86292356340302,0.2469556591796875
128,1,433,1822.336888,14.2370069375,70.23948252536277,0.24914762140625002
128,1,434,1805.264497,14.1036288828125,70.9037374926008,0.24681350544921873
128,1,435,1796.759365,14.0371825390625,71.23936710356314,0.24565069443359375
128,1,436,1801.78672,14.07645875,71.04059463819335,0.246338028125
128,1,437,1807.911979,14.1243123359375,70.79990701250838,0.24717546587890624
128,1,438,1802.971549,14.0857152265625,70.99391006529964,0.24650001646484376
128,1,439,1804.405548,14.09691834375,70.93748971337125,0.246696071015625
128,1,440,1812.384852,14.15925665625,70.62517646776271,0.247786991484375
128,1,441,1804.806661,14.1000520390625,70.92172406382758,0.24675091068359375
128,1,442,1808.308332,14.12740884375,70.78438877646005,0.247229654765625
128,1,443,1803.390504,14.0889883125,70.97741710189243,0.24655729546875
128,1,444,1780.415604,13.90949690625,71.89332631798254,0.243416195859375
128,1,445,1757.934512,13.733863375,72.81272375406894,0.2403426090625
128,1,446,1756.695189,13.7241811640625,72.8640920755661,0.24017317037109376
128,1,447,1745.228549,13.6345980390625,73.34282955280719,0.23860546568359373
128,1,448,1767.70604,13.8102034375,72.41022947457938,0.24167856015625
128,1,449,1778.432849,13.8940066328125,71.97347938775056,0.24314511607421874
128,1,450,1767.721906,13.810327390625,72.40957956426433,0.24168072933593748
128,1,451,1784.040849,13.9378191328125,71.74723609705867,0.24391183482421874
128,1,452,1787.936826,13.968256453125,71.59089635530556,0.2444444879296875
128,1,453,1789.074353,13.9771433828125,71.54537752182512,0.24460000919921873
128,1,454,1815.636988,14.18466396875,70.49867393426334,0.248231619453125
128,1,455,1803.512853,14.0899441640625,70.97260204554806,0.24657402287109376
128,1,456,1804.982228,14.10142365625,70.91482565001742,0.246774913984375
128,1,457,1806.953476,14.11682403125,70.8374630006246,0.24704442054687498
128,1,458,1806.753,14.1152578125,70.845323074045,0.24701701171874998
128,1,459,1806.224438,14.111128421875,70.86605479756,0.2469447473828125
128,1,460,1794.572607,14.0200984921875,71.32617510192497,0.24535172361328125
128,1,461,1776.681278,13.880322484375,72.044435648069,0.2429056434765625
128,1,462,1795.085495,14.0241054296875,71.30579593926248,0.24542184501953124
128,1,463,1780.102166,13.907048171875,71.90598519837991,0.2433733430078125
128,1,464,1790.76449,13.990347578125,71.47785245618758,0.2448310826171875
128,1,465,1783.328344,13.9322526875,71.77590174611164,0.24381442203124998
128,1,466,1760.640827,13.7550064609375,72.70080191091695,0.24071261306640626
128,1,467,1767.761092,13.81063353125,72.40797445948087,0.241686086796875
128,1,468,1782.165504,13.923168,71.82273459603446,0.24365544
128,1,469,1791.719715,13.9978102734375,71.43974525055667,0.24496167978515623
128,1,470,1807.923244,14.12440034375,70.79946586493469,0.247177006015625
128,1,471,1789.278123,13.9787353359375,71.53722965403965,0.24462786837890627
128,1,472,1779.138808,13.8995219375,71.94492044377911,0.24324163390625
128,1,473,1775.65343,13.872292421875,72.08613901644084,0.2427651173828125
128,1,474,1773.386972,13.85458571875,72.17826792515763,0.24245525007812502
128,1,475,1777.774728,13.8888650625,72.00012351621189,0.24305513859375
128,1,476,1765.22051,13.790785234375,72.5121871601186,0.2413387416015625
128,1,477,1768.23431,13.814330546875,72.3885965090226,0.24175078457031252
128,1,478,1779.167056,13.899742625,71.94377816761913,0.2432454959375
128,1,479,1769.695485,13.8257459765625,72.32882780395408,0.24195055458984374
128,1,480,1767.746634,13.810520578125,72.40856666793121,0.24168411011718752
128,1,481,1779.648582,13.903504546875,71.92431207747283,0.24331132957031248
128,1,482,1796.163063,14.0325239296875,71.26301761612386,0.24556916876953125
128,1,483,1794.173282,14.016978765625,71.34205000384127,0.2452971283984375
128,1,484,1794.114961,14.0165231328125,71.34436910812875,0.24528915482421873
128,1,485,1786.346367,13.9558309921875,71.65463672924972,0.24422704236328127
128,1,486,1793.463289,14.0114319453125,71.3702927654406,0.24520005904296874
128,1,487,1774.898535,13.8663948046875,72.11679849631517,0.24266190908203125
128,1,488,1781.088673,13.9147552578125,71.86615800795674,0.24350821701171876
128,1,489,1782.988633,13.9295986953125,71.78957713523461,0.24376797716796875
128,1,490,1797.745498,14.044886703125,71.20028955288754,0.24578551730468748
128,1,491,1797.959334,14.046557296875,71.19182151647041,0.24581475269531247
128,1,492,1792.132758,14.001037171875,71.42328012733084,0.2450181505078125
128,1,493,1776.30824,13.877408125,72.05956551775046,0.24285464218750002
128,1,494,1786.266701,13.9552086015625,71.65783246608257,0.24421615052734374
128,1,495,1834.080811,14.3287563359375,69.78972749309246,0.25075323587890624
128,1,496,1814.077243,14.1724784609375,70.55928874799297,0.24801837306640623
128,1,497,1794.67715,14.020915234375,71.32202023076964,0.24536601660156251
128,1,498,1804.589314,14.098354015625,70.9302659652123,0.2467211952734375
128,1,499,1804.496474,14.097628703125,70.93391527458313,0.2467085023046875
128,1,500,1798.280369,14.0490653828125,71.17911211541453,0.24585864419921877
128,2,1,1776.75272,13.880880625,72.04153879105924,0.2429154109375
128,2,2,1779.355429,13.9012142890625,71.93616177737809,0.24327125005859376
128,2,3,1783.228201,13.9314703203125,71.77993255614737,0.24380073060546875
128,2,4,1789.932034,13.983844015625,71.511095152566,0.24471727027343748
128,2,5,1804.095191,14.0944936796875,70.94969303091501,0.24665363939453128
128,2,6,1791.763796,13.99815465625,71.43798768886387,0.244967706484375
128,2,7,1803.343829,14.0886236640625,70.97925417305431,0.24655091412109373
128,2,8,1804.936406,14.101065671875,70.91662596781818,0.2467686492578125
128,2,9,1810.453452,14.14416759375,70.70051972813715,0.247522932890625
128,2,10,1802.883757,14.0850293515625,70.99736713641045,0.24648801365234377
128,2,11,1806.133747,14.1104198984375,70.86961317931677,0.24693234822265625
128,2,12,1804.817531,14.1001369609375,70.92129691863016,0.24675239681640623
128,2,13,1805.573154,14.106040265625,70.89161672371652,0.2468557046484375
128,2,14,1811.408697,14.1516304453125,70.6632358627789,0.24765353279296876
128,2,15,1829.220943,14.2907886171875,69.97514460449734,0.2500888008007813
128,2,16,1823.511066,14.246180203125,70.19425458205582,0.2493081535546875
128,2,17,1804.803017,14.1000235703125,70.9218672588245,0.24675041248046875
128,2,18,1800.229098,14.064289828125,71.1020614777331,0.24612507199218753
128,2,19,1798.164778,14.048162328125,71.18368770539892,0.2458428407421875
128,2,20,1813.326891,14.1666163359375,70.58848607788059,0.24791578587890623
128,2,21,1803.468295,14.0895960546875,70.97435555416848,0.24656793095703122
128,2,22,1806.004125,14.1094072265625,70.87469969095447,0.24691462646484374
128,2,23,1817.407115,14.1984930859375,70.43000929376245,0.24847362900390624
128,2,24,1798.145135,14.0480088671875,71.18446531847943,0.24584015517578123
128,2,25,1803.592654,14.090567609375,70.96946182172685,0.2465849331640625
128,2,26,1805.770154,14.107579328125,70.88388282222103,0.2468826382421875
128,2,27,1787.734233,13.9666736953125,71.59900931426647,0.24441678966796873
128,2,28,1774.617531,13.8641994609375,72.12821791965042,0.24262349056640628
128,2,29,1802.008731,14.0781932109375,71.03184229799385,0.24636838119140622
128,2,30,1800.815899,14.0688742109375,71.0788926680839,0.24620529869140625
128,2,31,1811.622825,14.1533033203125,70.65488369523055,0.24768280810546875
128,2,32,1802.05153,14.078527578125,71.0301552808537,0.2463742326171875
128,2,33,1806.645849,14.1144206953125,70.84952486446059,0.24700236216796875
128,2,34,1801.603682,14.075028765625,71.04781216804818,0.2463130033984375
128,2,35,1809.869343,14.1396042421875,70.72333729230972,0.24744307423828127
128,2,36,1823.242285,14.2440803515625,70.20460256602703,0.24927140615234375
128,2,37,1802.519975,14.0821873046875,71.01169572337194,0.24643827783203126
128,2,38,1791.352743,13.9949433046875,71.4543802163927,0.24491150783203125
128,2,39,1789.90392,13.983624375,71.5122183765037,0.2447134265625
128,2,40,1786.265013,13.9551954140625,71.65790018191439,0.24421591974609375
128,2,41,1782.96638,13.92942484375,71.79047313275755,0.24376493476562502
128,2,42,1789.812262,13.982908296875,71.5158805856924,0.2447008951953125
128,2,43,1781.716158,13.919657484375,71.84084817622224,0.2435940059765625
128,2,44,1781.469455,13.9177301171875,71.85079690294214,0.24356027705078126
128,2,45,1803.039077,14.0862427890625,70.9912511785234,0.24650924880859373
128,2,46,1796.2556,14.033246875,71.25934638700639,0.24558182031249998
128,2,47,1805.483445,14.1053394140625,70.89513911328054,0.24684343974609377
128,2,48,1829.574605,14.2935516015625,69.96161820905904,0.25013715302734374
128,2,49,1806.841332,14.11594790625,70.84185962157302,0.247029088359375
128,2,50,1806.943088,14.116742875,70.83787024065919,0.2470430003125
128,2,51,1806.303723,14.1117478359375,70.86294423808813,0.24695558712890625
128,2,52,1790.587344,13.988963625,71.4849238876336,0.2448068634375
128,2,53,1791.067064,13.9927114375,71.46577734176904,0.24487245015625
128,2,54,1786.374367,13.9560497421875,71.65351359970562,0.24423087048828124
128,2,55,1795.641818,14.028451703125,71.28370408669107,0.2454979048046875
128,2,56,1784.384203,13.9405015859375,71.73343038164073,0.24395877775390626
128,2,57,1774.686285,13.8647366015625,72.1254235646499,0.24263289052734377
128,2,58,1786.532231,13.9572830546875,71.64718205411431,0.24425245345703123
128,2,59,1797.855973,14.0457497890625,71.19591442378572,0.24580062130859376
128,2,60,1821.898127,14.2335791171875,70.25639804063535,0.24908763455078126
128,2,61,1818.50071,14.207036796875,70.38765467405288,0.2486231439453125
128,2,62,1807.706453,14.1227066640625,70.80795656151813,0.24714736662109374
128,2,63,1809.024426,14.133003328125,70.75636910167404,0.24732755824218747
128,2,64,1804.212572,14.09541071875,70.94507708596102,0.246669687578125
128,2,65,1800.21235,14.064158984375,71.10272296487689,0.2461227822265625
128,2,66,1797.345268,14.04175990625,71.21614432069154,0.245730798359375
128,2,67,1797.351448,14.0418081875,71.21589945162467,0.24573164328124997
128,2,68,1789.547212,13.98083759375,71.52647280925719,0.244664657890625
128,2,69,1791.769178,13.998196703125,71.43777310807162,0.2449684423046875
128,2,70,1786.58282,13.95767828125,71.64515328766007,0.24425936992187502
128,2,71,1800.364048,14.065344125,71.09673187608554,0.2461435221875
128,2,72,1807.863631,14.1239346171875,70.80180042628447,0.24716885580078124
128,2,73,1807.734205,14.1229234765625,70.80686953091093,0.24715116083984376
128,2,74,1775.264951,13.8692574296875,72.10191353572213,0.24271200501953127
128,2,75,1801.510236,14.07429871875,71.05149748369234,0.246300227578125
128,2,76,1777.439887,13.8862491171875,72.01368717793379,0.24300935955078126
128,2,77,1786.999895,13.9609366796875,71.62843174089835,0.24431639189453125
128,2,78,1771.921334,13.843135421875,72.2379699052712,0.24225486988281247
128,2,79,1779.080632,13.8990674375,71.9472730452388,0.24323368015625
128,2,80,1799.368669,14.0575677265625,71.13606133374327,0.24600743521484375
128,2,81,1826.757969,14.2715466328125,70.06949041534467,0.24975206607421876
128,2,82,1777.276603,13.8849734609375,72.02030330222043,0.24298703556640627
128,2,83,1786.929437,13.9603862265625,71.63125602480072,0.24430675896484375
128,2,84,1796.965524,14.03879315625,71.23119408271964,0.24567888023437498
128,2,85,1794.429401,14.0189796953125,71.33186734940261,0.24533214466796877
128,2,86,1792.43802,14.00342203125,71.41111635201757,0.245059885546875
128,2,87,1821.149795,14.2277327734375,70.28526722591756,0.24898532353515626
128,2,88,1807.28653,14.119426015625,70.82440878923609,0.24708995527343752
128,2,89,1800.143494,14.063621046875,71.10544266422798,0.24611336832031247
128,2,90,1803.956808,14.0934125625,70.95513563981073,0.24663471984375
128,2,91,1798.903582,14.053934234375,71.15445279045534,0.24594384910156247
128,2,92,1790.956548,13.99184803125,71.47018733812408,0.244857340546875
128,2,93,1789.978538,13.984207328125,71.5092372800282,0.24472362824218752
128,2,94,1804.33029,14.096330390625,70.9404484918335,0.2466857818359375
128,2,95,1798.394475,14.0499568359375,71.1745958850324,0.24587424462890628
128,2,96,1789.924679,13.9837865546875,71.51138899962616,0.24471626470703126
128,2,97,1790.518187,13.9884233359375,71.48768492235371,0.24479740837890623
128,2,98,1785.058812,13.94577196875,71.70632090075921,0.244051009453125
128,2,99,1792.826083,14.0064537734375,71.3956591850856,0.24511294103515624
128,2,100,1778.07833,13.891236953125,71.98782969251978,0.2430966466796875
128,2,101,1785.312163,13.9477512734375,71.69614516315822,0.24408564728515625
128,2,102,1791.177093,13.9935710390625,71.4613873191153,0.24488749318359376
128,2,103,1795.660293,14.0285960390625,71.28297067044407,0.24550043068359376
128,2,104,1804.842879,14.1003349921875,70.9203008690265,0.24675586236328126
128,2,105,1796.277081,14.0334146953125,71.2584942233642,0.24558475716796874
128,2,106,1791.109201,13.9930406328125,71.46409606323049,0.24487821107421873
128,2,107,1809.795755,14.1390293359375,70.72621296981659,0.24743301337890625
128,2,108,1786.18003,13.954531484375,71.66130952656547,0.2442043009765625
128,2,109,1720.970471,13.4450818046875,74.37663931887417,0.23528893158203126
128,2,110,1782.560166,13.926251296875,71.80683291449698,0.2437093976953125
128,2,111,1796.145103,14.0323836171875,71.26373018872964,0.24556671330078125
128,2,112,1779.998467,13.9062380234375,71.9101742911782,0.24335916541015623
128,2,113,1789.549606,13.980856296875,71.52637712351853,0.24466498519531252
128,2,114,1827.347477,14.2761521640625,70.04688577902034,0.24983266287109376
128,2,115,1816.646822,14.192553296875,70.45948527247637,0.24836968269531248
128,2,116,1781.107455,13.9149019921875,71.8654001703676,0.24351078486328126
128,2,117,1794.467164,14.01927471875,71.33036623232411,0.24533730757812497
128,2,118,1784.782831,13.9436158671875,71.71740885039924,0.24401327767578124
128,2,119,1795.587337,14.0280260703125,71.28586694861504,0.24549045623046875
128,2,120,1794.15841,14.016862578125,71.34264136687908,0.24529509511718747
128,2,121,1790.655592,13.9894968125,71.48219935305124,0.24481619421875
128,2,122,1794.961192,14.0231343125,71.3107339425977,0.24540485046875
128,2,123,1800.933794,14.069795265625,71.0742396119421,0.24622141714843748
128,2,124,1799.631342,14.059619859375,71.1256783612963,0.24604334753906248
128,2,125,1802.872615,14.0849423046875,70.99780590987567,0.24648649033203124
128,2,126,1782.179868,13.92328021875,71.82215571969418,0.24365740382812498
128,2,127,1810.620162,14.145470015625,70.69401008912438,0.2475457252734375
128,2,128,1800.381992,14.0654843125,71.09602327104369,0.24614597546875
128,2,129,1793.890214,14.014767296875,71.35330746611676,0.2452584276953125
128,2,130,1788.710375,13.9742998046875,71.55993602374001,0.24455024658203126
128,2,131,1783.3726,13.9325984375,71.77412056235472,0.24382047265624998
128,2,132,1776.883544,13.8819026875,72.03623469428676,0.24293329703125
128,2,133,1813.184024,14.1655001875,70.59404798726597,0.24789625328124998
128,2,134,1796.658343,14.0363933046875,71.24337273066057,0.24563688283203125
128,2,135,1794.440869,14.0190692890625,71.33141147823467,0.24533371255859376
128,2,136,1801.363369,14.0731513203125,71.05729038503614,0.24628014810546872
128,2,137,1799.414755,14.0579277734375,71.13423942108334,0.24601373603515625
128,2,138,1818.470988,14.20680459375,70.38880512511096,0.24861908039062502
128,2,139,1799.625709,14.0595758515625,71.12590099144889,0.24604257740234373
128,2,140,1797.776382,14.045127984375,71.19906640313177,0.2457897397265625
128,2,141,1812.666445,14.1614566015625,70.61420503097578,0.24782549052734376
128,2,142,1798.239952,14.048749625,71.18071192759264,0.24585311843749996
128,2,143,1805.006537,14.1016135703125,70.9138706016775,0.24677823748046876
128,2,144,1826.773777,14.2716701328125,70.0688840685061,0.24975422732421876
128,2,145,1799.483007,14.0584609921875,71.13154139387768,0.24602306736328125
128,2,146,1816.508598,14.191473421875,70.46484676204103,0.24835078488281248
128,2,147,1907.539208,14.9026500625,67.10215940159065,0.26079637609375
128,2,148,1802.282453,14.0803316640625,71.02105432305399,0.24640580412109375
128,2,149,1803.924447,14.0931597421875,70.95640851969671,0.24663029548828128
128,2,150,1798.963105,14.0543992578125,71.1520984750824,0.24595198701171875
128,2,151,1793.847575,14.0144341796875,71.35500350412994,0.24525259814453124
128,2,152,1808.663413,14.1301829140625,70.77049222093154,0.24727820099609374
128,2,153,1790.98756,13.9920903125,71.46894978991367,0.24486158046874998
128,2,154,1787.9284,13.968190625,71.59123374291723,0.2444433359375
128,2,155,1800.812288,14.068846,71.07903519592153,0.24620480500000003
128,2,156,1798.255046,14.048867546875,71.18011445858053,0.2458551820703125
128,2,157,1788.943528,13.9761213125,71.5506096176782,0.24458212296875
128,2,158,1806.694636,14.11480184375,70.84761168239832,0.24700903226562498
128,2,159,1790.45553,13.987933828125,71.49018663423604,0.24478884199218748
128,2,160,1807.495521,14.1210587578125,70.81621974320787,0.24711852826171876
128,2,161,1796.351282,14.033994390625,71.25555078374698,0.24559490183593752
128,2,162,1806.285693,14.1116069765625,70.86365157851029,0.24695312208984377
128,2,163,1796.684732,14.03659946875,71.24232633597067,0.245640490703125
128,2,164,1797.756953,14.0449761953125,71.19983587681331,0.24578708341796873
128,2,165,1795.545169,14.0276966328125,71.28754108218149,0.24548469107421875
128,2,166,1805.215331,14.1032447734375,70.90566859361554,0.24680678353515625
128,2,167,1805.522154,14.105641828125,70.89361917627294,0.24684873199218751
128,2,168,1810.967621,14.1481845390625,70.6804464727644,0.24759322943359377
128,2,169,1796.910666,14.038364578125,71.23336870437386,0.2456713801171875
128,2,170,1807.319213,14.1196813515625,70.82312802259797,0.24709442365234374
128,2,171,1817.676402,14.200596890625,70.41957515604034,0.24851044558593752
128,2,172,1799.181415,14.0561048046875,71.14346498515826,0.24598183408203125
128,2,173,1805.601036,14.10625809375,70.8905220189517,0.246859516640625
128,2,174,1803.823903,14.0923742421875,70.96036358489258,0.24661654923828125
128,2,175,1808.347434,14.127714328125,70.78285820157278,0.24723500074218752
128,2,176,1794.068727,14.0161619296875,71.3462076862789,0.24528283376953128
128,2,177,1791.947251,13.9995878984375,71.43067404945616,0.24499278822265627
128,2,178,1797.588517,14.0436602890625,71.20650737890756,0.24576405505859372
128,2,179,1805.727621,14.1072470390625,70.88555245619739,0.24687682318359375
128,2,180,1813.480194,14.167814015625,70.58251886262399,0.2479367452734375
128,2,181,1803.954252,14.09339259375,70.95523617524643,0.246634370390625
128,2,182,1816.842348,14.19408084375,70.45190252247467,0.248396414765625
128,2,183,1813.019223,14.1642126796875,70.60046489093403,0.24787372189453125
128,2,184,1810.633648,14.145575375,70.69348354449669,0.2475475690625
128,2,185,1806.691978,14.114781078125,70.84771591319922,0.2470086688671875
128,2,186,1806.97962,14.11702828125,70.83643809994935,0.247047994921875
128,2,187,1812.061658,14.156731703125,70.63777296699469,0.24774280480468752
128,2,188,1807.460875,14.1207880859375,70.81757717162203,0.24711379150390625
128,2,189,1817.720811,14.2009438359375,70.41785472521612,0.24851651712890624
128,2,190,1806.775265,14.1154317578125,70.84445004287791,0.24702005576171873
128,2,191,1805.886603,14.1084890859375,70.87931201624846,0.24689855900390623
128,2,192,1805.858364,14.10826846875,70.8804203871661,0.24689469820312498
128,2,193,1804.501436,14.09766746875,70.9337202212124,0.246709180703125
128,2,194,1821.212739,14.2282245234375,70.28283805563694,0.24899392916015625
128,2,195,1810.837039,14.1471643671875,70.68554333894427,0.24757537642578126
128,2,196,1801.880469,14.0771911640625,71.03689850805526,0.24635084537109375
128,2,197,1801.663018,14.075492328125,71.04547227821269,0.24632111574218749
128,2,198,1806.376468,14.11231615625,70.86009050024893,0.246965532734375
128,2,199,1784.906585,13.9445826953125,71.7124364242289,0.24403019716796873
128,2,200,1780.950015,13.9136719921875,71.87175323390534,0.24348925986328124
128,2,201,1795.42987,14.026795859375,71.29211902885407,0.2454689275390625
128,2,202,1811.348462,14.151159859375,70.6655857143406,0.24764529753906248
128,2,203,1794.216423,14.0173158046875,71.34033462138251,0.24530302658203126
128,2,204,1807.109339,14.1180417109375,70.83135327651583,0.24706572994140627
128,2,205,1803.933922,14.093233765625,70.95603582756952,0.24663159089843747
128,2,206,1804.792746,14.099943328125,70.92227087220351,0.2467490082421875
128,2,207,1803.533265,14.0901036328125,70.97179879296543,0.24657681357421876
128,2,208,1796.723889,14.0369053828125,71.24077371244881,0.24564584419921878
128,2,209,1812.535934,14.160436984375,70.61928958148864,0.24780764722656248
128,2,210,1807.73715,14.122946484375,70.80675417883623,0.2471515634765625
128,2,211,1799.315216,14.057150125,71.13817460208706,0.2460001271875
128,2,212,1818.274469,14.2052692890625,70.39641274311926,0.24859221255859376
128,2,213,1812.110072,14.1571099375,70.63588574325854,0.24774942390625
128,2,214,1787.306402,13.963331265625,71.6161481079952,0.2443582971484375
128,2,215,1809.682936,14.1381479375,70.73062217347449,0.24741758890624999
128,2,216,1801.019612,14.07046571875,71.07085294749139,0.246233150078125
128,2,217,1795.991673,14.0311849453125,71.2698181869577,0.24554573654296874
128,2,218,1824.460699,14.2535992109375,70.15771842613968,0.24943798619140625
128,2,219,1807.551749,14.1214980390625,70.8140168439515,0.24712621568359375
128,2,220,1793.730938,14.013522953125,71.35964334914092,0.2452366516796875
128,2,221,1800.359229,14.0653064765625,71.0969221798568,0.24614286333984373
128,2,222,1775.374338,13.870112015625,72.09747108555987,0.2427269602734375
128,2,223,1784.038765,13.9378028515625,71.7473199075918,0.24391154990234376
128,2,224,1788.408816,13.971943875,71.5720023603373,0.24450901781249998
128,2,225,1799.689672,14.0600755625,71.12337309673687,0.24605132234375
128,2,226,1787.235217,13.9627751328125,71.61900055598558,0.24434856482421874
128,2,227,1800.485479,14.0662928046875,71.09193686532365,0.24616012408203125
128,2,228,1800.432996,14.06588278125,71.09400921021556,0.246152948671875
128,2,229,1797.004131,14.0390947734375,71.22966374527493,0.24568415853515624
128,2,230,1781.690724,13.91945878125,71.84187371904396,0.243590528671875
128,2,231,1785.361939,13.9481401484375,71.69414627024824,0.24409245259765625
128,2,232,1792.143621,14.0011220390625,71.42284719824919,0.24501963568359375
128,2,233,1795.906933,14.0305229140625,71.27318105854208,0.24553415099609377
128,2,234,1803.589239,14.0905409296875,70.96959619861649,0.24658446626953126
128,2,235,1785.618737,13.9501463828125,71.6838356070633,0.24412756169921873
128,2,236,1784.064316,13.93800246875,71.74629235732104,0.243915043203125
128,2,237,1791.799174,13.998431046875,71.43657718864425,0.24497254332031249
128,2,238,1802.555265,14.0824630078125,71.01030547321388,0.24644310263671876
128,2,239,1796.455156,14.03480590625,71.25143067027942,0.24560910335937503
128,2,240,1806.967654,14.116934796875,70.83690718904258,0.24704635894531252
128,2,241,1800.642464,14.06751925,71.08573887325585,0.246181586875
128,2,242,1806.876374,14.116221671875,70.8404857365189,0.24703387925781248
128,2,243,1795.211103,14.0250867421875,71.30080678873786,0.24543901798828124
128,2,244,1821.584672,14.23113025,70.26848763470491,0.249044779375
128,2,245,1813.169034,14.165383078125,70.59463160895787,0.24789420386718752
128,2,246,1805.38036,14.1045340625,70.89918713860385,0.24682934609375
128,2,247,1800.745254,14.068322296875,71.08168116265934,0.24619564019531248
128,2,248,1808.710435,14.1305502734375,70.76865236308541,0.24728462978515625
128,2,249,1811.04347,14.148777109375,70.67748627811788,0.24760359941406251
128,2,250,1815.034394,14.179956203125,70.52207959426691,0.2481492335546875
128,2,251,1801.638123,14.0752978359375,71.04645398314543,0.24631771212890624
128,2,252,1796.158397,14.0324874765625,71.26320274079926,0.24556853083984373
128,2,253,1808.566322,14.129424390625,70.77429146112343,0.24726492683593748
128,2,254,1809.369112,14.1356961875,70.74288996705278,0.24737468328125
128,2,255,1789.542116,13.98079778125,71.52667649203289,0.244663961171875
128,2,256,1790.520419,13.9884407734375,71.4875958083112,0.24479771353515625
128,2,257,1790.165322,13.985666578125,71.5017760800977,0.24474916511718753
128,2,258,1792.159506,14.001246140625,71.42221413410286,0.24502180746093752
128,2,259,1792.662907,14.0051789609375,71.40215792951642,0.24509063181640625
128,2,260,1806.533152,14.11354025,70.85394467203224,0.24698695437499998
128,2,261,1790.7679,13.99037421875,71.47771634727202,0.244831548828125
128,2,262,1791.391661,13.9952473515625,71.45282786933772,0.24491682865234377
128,2,263,1794.211578,14.017277953125,71.34052726528554,0.24530236417968748
128,2,264,1791.760911,13.9981321171875,71.438102714587,0.24496731205078126
128,2,265,1785.455335,13.9488698046875,71.69039599638037,0.24410522158203127
128,2,266,1785.639493,13.9503085390625,71.68300236513643,0.24413039943359374
128,2,267,1793.465303,14.0114476796875,71.3702126190506,0.24520033439453123
128,2,268,1786.857126,13.959821296875,71.63415481714344,0.24429687269531253
128,2,269,1786.707708,13.95865396875,71.64014540648078,0.244276444453125
128,2,270,1789.979968,13.9842185,71.50918015189765,0.24472382375
128,2,271,1799.333653,14.0572941640625,71.13744567973131,0.24600264787109372
128,2,272,1795.071636,14.02399715625,71.30634646159604,0.245419950234375
128,2,273,1777.89202,13.88978140625,71.99537348730549,0.243071174609375
128,2,274,1792.435675,14.0034037109375,71.41120977744431,0.24505956494140624
128,2,275,1795.50311,14.027368046875,71.28921096661314,0.24547894082031252
128,2,276,1802.463022,14.081742359375,71.01393950261023,0.2464304912890625
128,2,277,1801.616271,14.0751271171875,71.04731571332483,0.24631472455078124
128,2,278,1805.265209,14.1036344453125,70.90370952803312,0.24681360279296874
128,2,279,1807.667348,14.12240115625,70.80948833955483,0.247142020234375
128,2,280,1808.673677,14.1302631015625,70.7700906071184,0.24727960427734375
128,2,281,1806.550801,14.1136781328125,70.85325246826535,0.24698936732421875
128,2,282,1811.641123,14.1534462734375,70.65417006434336,0.24768530978515627
128,2,283,1806.240801,14.1112562578125,70.8654128115889,0.24694698451171873
128,2,284,1805.574198,14.106048421875,70.89157573351632,0.2468558473828125
128,2,285,1795.317756,14.02591996875,71.29657107897506,0.24545359945312498
128,2,286,1797.598526,14.043738484375,71.20611090220709,0.2457654234765625
128,2,287,1807.380873,14.1201630703125,70.8207118445034,0.24710285373046875
128,2,288,1792.321095,14.0025085546875,71.41577497306642,0.24504389970703125
128,2,289,1796.72454,14.03691046875,71.24074790006486,0.245645933203125
128,2,290,1801.108103,14.0711570546875,71.06736113551314,0.24624524845703127
128,2,291,1809.990675,14.1405521484375,70.71859638171892,0.24745966259765625
128,2,292,1811.064444,14.14894096875,70.67666775970342,0.24760646695312502
128,2,293,1801.224592,14.072067125,71.06276505911707,0.24626117468750003
128,2,294,1820.647448,14.2238081875,70.30466010353038,0.24891664328125002
128,2,295,1804.454173,14.0972982265625,70.93557814615666,0.24670271896484378
128,2,296,1805.75127,14.107431796875,70.88462410440393,0.2468800564453125
128,2,297,1811.677867,14.1537333359375,70.65273707403524,0.24769033337890628
128,2,298,1812.284836,14.15847528125,70.62907411536715,0.247773317421875
128,2,299,1820.096624,14.219504875,70.32593671796185,0.2488413353125
128,2,300,1804.450342,14.097268296875,70.93572874836143,0.24670219519531253
128,2,301,1812.067007,14.1567734921875,70.63756445293527,0.24774353611328126
128,2,302,1812.614423,14.1610501796875,70.61623165733796,0.24781837814453123
128,2,303,1795.483131,14.0272119609375,71.290004227837,0.24547620931640626
128,2,304,1812.196833,14.1577877578125,70.63250396928599,0.24776128576171874
128,2,305,1792.873286,14.006822546875,71.39377947092687,0.24511939457031248
128,2,306,1796.216073,14.0329380703125,71.26091449912106,0.24557641623046877
128,2,307,1790.415273,13.9876193203125,71.49179407162039,0.24478333810546876
128,2,308,1795.248262,14.025377046875,71.29933096684987,0.24544409832031253
128,2,309,1783.844849,13.9362878828125,71.7551193265239,0.24388503794921876
128,2,310,1801.804842,14.076600328125,71.03988013369985,0.2463405057421875
128,2,311,1794.469496,14.0192929375,71.3302735350593,0.24533762640625
128,2,312,1782.639816,13.9268735625,71.80362451861672,0.24372028734375
128,2,313,1789.257791,13.9785764921875,71.53804255811677,0.24462508861328128
128,2,314,1769.282856,13.8225223125,72.34569620449653,0.24189414046875002
128,2,315,1780.776307,13.9123148984375,71.87876405186246,0.24346551072265626
128,2,316,1765.506993,13.7930233828125,72.50042084653471,0.24137790919921875
128,2,317,1781.812967,13.9204138046875,71.83694493789145,0.24360724158203126
128,2,318,1798.836095,14.0534069921875,71.15712229468022,0.24593462236328123
128,2,319,1799.347564,14.05740284375,71.13689570649288,0.246004549765625
128,2,320,1779.795222,13.904650171875,71.91838612543484,0.24333137800781252
128,2,321,1780.773478,13.912292796875,71.87887824102016,0.2434651239453125
128,2,322,1798.9405,14.05422265625,71.15299255311669,0.24594889648437498
128,2,323,1793.796068,14.01403178125,71.35705238930204,0.24524555617187502
128,2,324,1800.751913,14.0683743203125,71.08141830973027,0.24619655060546874
128,2,325,1791.312362,13.994627828125,71.4559909903642,0.2449059869921875
128,2,326,1790.575232,13.988869,71.48540743358166,0.24480520749999998
128,2,327,1798.006397,14.0469249765625,71.18995806331382,0.24582118708984377
128,2,328,1804.614736,14.098552625,70.9292667551397,0.2467246709375
128,2,329,1798.172264,14.0482208125,71.18339135943874,0.24584386421875
128,2,330,1787.227962,13.962718453125,71.61929128322356,0.24434757292968748
128,2,331,1792.472499,14.0036913984375,71.40974272766235,0.24506459947265624
128,2,332,1793.649355,14.0128855859375,71.3628890971279,0.24522549775390623
128,2,333,1781.047057,13.9144301328125,71.8678372348025,0.24350252732421876
128,2,334,1780.404262,13.909408296875,71.89378431177896,0.24341464519531253
128,2,335,1780.375063,13.9091801796875,71.89496340412403,0.24341065314453122
128,2,336,1777.281482,13.885011578125,72.02010559180518,0.24298770261718752
128,2,337,1769.485228,13.82410334375,72.33742219180594,0.241921808515625
128,2,338,1762.842714,13.772208703125,72.60999463165948,0.2410136523046875
128,2,339,1780.410393,13.9094561953125,71.89353673920056,0.24341548341796876
128,2,340,1767.975435,13.8123080859375,72.39919597638527,0.24171539150390625
128,2,341,1778.30094,13.89297609375,71.97881816336441,0.24312708164062502
128,2,342,1763.764532,13.77941040625,72.57204557507227,0.241139682109375
128,2,343,1777.574141,13.8872979765625,72.00824823429967,0.24302771458984376
128,2,344,1792.956094,14.007469484375,71.39048213636848,0.2451307159765625
128,2,345,1801.229983,14.0721092421875,71.06255237147026,0.24626191173828124
128,2,346,1806.288898,14.111632015625,70.86352584114704,0.24695356027343748
128,2,347,1797.388414,14.042096984375,71.21443478938548,0.24573669722656252
128,2,348,1771.958556,13.84342621875,72.2364524647494,0.242259958828125
128,2,349,1770.695594,13.833559328125,72.28797565980729,0.2420872882421875
128,2,350,1792.291275,14.0022755859375,71.41696318306298,0.24503982275390626
128,2,351,1782.734877,13.9276162265625,71.79979572475712,0.24373328396484376
128,2,352,1782.516556,13.92591059375,71.80858969817052,0.243703435390625
128,2,353,1795.839918,14.029999359375,71.27584074562263,0.24552498878906248
128,2,354,1794.335377,14.0182451328125,71.33560517209821,0.24531928982421877
128,2,355,1796.379364,14.03421378125,71.25443687739892,0.245598741171875
128,2,356,1808.623755,14.1298730859375,70.77204401752425,0.24727277900390626
128,2,357,1806.882003,14.1162656484375,70.84026504635013,0.24703464884765622
128,2,358,1799.972762,14.062287203125,71.11218719653047,0.24609002605468752
128,2,359,1723.213864,13.4626083125,74.27981092426958,0.23559564546875
128,2,360,1808.944793,14.1323811953125,70.75948392417303,0.24731667091796875
128,2,361,1791.485669,13.9959817890625,71.44907839059024,0.24492968130859372
128,2,362,1798.322985,14.0493983203125,71.1774253388637,0.24586447060546873
128,2,363,1781.106618,13.914895453125,71.86543394225937,0.24351067042968752
128,2,364,1792.444089,14.0034694453125,71.41087456257051,0.24506071529296874
128,2,365,1786.177248,13.95450975,71.66142114021598,0.244203920625
128,2,366,1789.777413,13.9826360390625,71.5172730811527,0.24469613068359378
128,2,367,1781.652927,13.9191634921875,71.84339781347323,0.24358536111328127
128,2,368,1795.587453,14.0280269765625,71.28586234334753,0.24549047208984376
128,2,369,1799.197734,14.056232296875,71.14281970299547,0.24598406519531252
128,2,370,1799.625085,14.0595709765625,71.12592565356468,0.24604249208984375
128,2,371,1794.990784,14.0233655,71.3095583225011,0.24540889625
128,2,372,1771.2799,13.83812421875,72.26412945802637,0.242167173828125
128,2,373,1793.214932,14.00949165625,71.38017742091833,0.24516610398437502
128,2,374,1792.016613,14.0001297890625,71.42790924561591,0.24500227130859376
128,2,375,1797.046721,14.0394275078125,71.22797560253305,0.24568998138671871
128,2,376,1788.106436,13.96958153125,71.5841056343024,0.244467676796875
128,2,377,1797.910532,14.04617603125,71.19375392812927,0.245808080546875
128,2,378,1782.340365,13.9245341015625,71.81568824538179,0.24367934677734376
128,2,379,1780.832901,13.9127570390625,71.87647977983983,0.24347324818359373
128,2,380,1785.482558,13.949082484375,71.68930294305345,0.2441089434765625
128,2,381,1796.754449,14.0371441328125,71.23956201763662,0.24565002232421876
128,2,382,1789.555015,13.9808985546875,71.52616093224718,0.24466572470703124
128,2,383,1788.040691,13.9690678984375,71.58673773157436,0.24445868822265623
128,2,384,1770.619394,13.832964015625,72.29108662976725,0.24207687027343752
128,2,385,1786.105296,13.953947625,71.6643079703404,0.2441940834375
128,2,386,1789.359398,13.979370296875,71.53398034127072,0.24463898019531252
128,2,387,1779.845735,13.9050448046875,71.9163450421168,0.24333828408203126
128,2,388,1813.180179,14.1654701484375,70.59419768784049,0.24789572759765624
128,2,389,1797.301215,14.0414157421875,71.21788987384622,0.24572477548828123
128,2,390,1780.133825,13.9072955078125,71.90470637790392,0.24337767138671873
128,2,391,1792.380069,14.0029692890625,71.41342520697266,0.24505196255859374
128,2,392,1798.469948,14.05054646875,71.17160903485944,0.245884563203125
128,2,393,1788.559324,13.97311971875,71.5659795470111,0.244529595078125
128,2,394,1799.034579,14.0549576484375,71.14927166722347,0.24596175884765623
128,2,395,1788.983877,13.9764365390625,71.54899585492464,0.2445876394335937
128,2,396,1792.316151,14.0024699296875,71.41597196933365,0.24504322376953125
128,2,397,1792.831283,14.0064943984375,71.39545210624262,0.24511365197265625
128,2,398,1786.051105,13.9535242578125,71.66648235409815,0.24418667451171877
128,2,399,1786.398308,13.95623678125,71.6525533117556,0.24423414367187501
128,2,400,1794.848295,14.0222523046875,71.31521942917186,0.24538941533203126
128,2,401,1799.347498,14.057402328125,71.13689831579158,0.24600454074218753
128,2,402,1801.954566,14.077770046875,71.0339774460218,0.24636097582031252
128,2,403,1797.369417,14.0419485703125,71.21518747862393,0.24573409998046875
128,2,404,1797.290948,14.04133553125,71.21829670506969,0.245723371796875
128,2,405,1803.067061,14.0864614140625,70.99014937858709,0.24651307474609374
128,2,406,1809.86057,14.139535703125,70.7236801119989,0.2474418748046875
128,2,407,1788.289616,13.971012625,71.5767730544156,0.2444927209375
128,2,408,1804.855732,14.10043540625,70.91979582110999,0.246757619609375
128,2,409,1804.899393,14.1007765078125,70.91808025224374,0.24676358888671873
128,2,410,1826.594815,14.2702719921875,70.07574912009153,0.24972975986328122
128,2,411,1884.980055,14.7264066796875,67.90522778237036,0.2577121168945313
128,2,412,1822.071626,14.234934578125,70.24970817475428,0.2491113551171875
128,2,413,1797.453699,14.0426070234375,71.21184822241143,0.24574562291015625
128,2,414,1808.440883,14.1284443984375,70.7792005828039,0.24724777697265626
128,2,415,1786.789162,13.959290328125,71.63687956150699,0.2442875807421875
128,2,416,1775.750565,13.8730512890625,72.08219584601399,0.24277839755859376
128,2,417,1760.689851,13.7553894609375,72.69877765655389,0.24071931556640627
128,2,418,1790.327476,13.98693340625,71.49530000286943,0.244771334609375
128,2,419,1794.039681,14.0159350078125,71.34736280116873,0.24527886263671875
128,2,420,1798.06532,14.0473853125,71.18762515257232,0.24582924296874997
128,2,421,1794.97562,14.02324703125,71.31016074747578,0.245406823046875
128,2,422,1791.046734,13.992552609375,71.4665885429654,0.2448696706640625
128,2,423,1806.252418,14.111347015625,70.86495703725059,0.24694857277343749
128,2,424,1797.155393,14.0402765078125,71.22366852558531,0.24570483888671876
128,2,425,1785.23472,13.94714625,71.69925532257182,0.244075059375
128,2,426,1803.03904,14.0862425,70.99125263532841,0.24650924375000002
128,2,427,1789.331364,13.97915128125,71.53510108594956,0.24463514742187498
128,2,428,1798.959731,14.0543728984375,71.1522319228612,0.24595152572265624
128,2,429,1784.544668,13.94175521875,71.72698016209029,0.24398071632812499
128,2,430,1777.276308,13.88497115625,72.02031525646152,0.242986995234375
128,2,431,1798.585231,14.0514471171875,71.16704718454345,0.24590032455078126
128,2,432,1785.136661,13.9463801640625,71.70319382063265,0.24406165287109374
128,2,433,1793.81383,14.014170546875,71.3563458254751,0.2452479845703125
128,2,434,1780.820472,13.9126599375,71.8769814321856,0.24347154890625
128,2,435,1760.438352,13.753424625,72.70916351860983,0.24068493093749999
128,2,436,1753.854307,13.7019867734375,72.98211686633557,0.23978476853515623
128,2,437,1802.254225,14.0801111328125,71.02216669793076,0.24640194482421873
128,2,438,1798.39521,14.049962578125,71.17456679613822,0.24587434511718748
128,2,439,1807.181865,14.1186083203125,70.8285106656933,0.24707564560546877
128,2,440,1765.474349,13.7927683515625,72.50176139489184,0.24137344615234377
128,2,441,1768.39787,13.815608359375,72.38190125166798,0.24177314628906252
128,2,442,1801.127725,14.0713103515625,71.06658690737771,0.24624793115234378
128,2,443,1782.685457,13.9272301328125,71.80178617455338,0.24372652732421876
128,2,444,1784.081668,13.93813803125,71.74559455200904,0.243917415546875
128,2,445,1774.428191,13.8627202421875,72.1359143465051,0.24259760423828122
128,2,446,1781.166158,13.915360609375,71.86303165771241,0.2435188106640625
128,2,447,1772.254282,13.845736578125,72.22439877845926,0.24230039011718751
128,2,448,1772.01369,13.843856953125,72.23420491745749,0.2422674966796875
128,2,449,1763.312407,13.7758781796875,72.59065352904308,0.24107786814453125
128,2,450,1772.134443,13.8448003359375,72.22928288855566,0.24228400587890625
128,2,451,1775.38688,13.87021,72.09696176193438,0.242728675
128,2,452,1768.420489,13.8157850703125,72.3809754502341,0.24177623873046877
128,2,453,1773.220289,13.8532835078125,72.18505269426228,0.24243246138671876
128,2,454,1787.105254,13.961759796875,71.6242088782981,0.2443307964453125
128,2,455,1797.344198,14.041751546875,71.21618671728675,0.2457306520703125
128,2,456,1791.707835,13.9977174609375,71.4402189350252,0.24496005556640627
128,2,457,1806.177139,14.1107588984375,70.86791059201863,0.24693828072265622
128,2,458,1800.443848,14.0659675625,71.09358069799687,0.24615443234374998
128,2,459,1804.229684,14.09554440625,70.94440421588807,0.246672027109375
128,2,460,1808.094375,14.1257373046875,70.79276489646732,0.24720040283203124
128,2,461,1813.114035,14.1649533984375,70.5967730264688,0.24788668447265627
128,2,462,1807.496338,14.121065140625,70.8161877338199,0.2471186399609375
128,2,463,1814.328678,14.174442796875,70.54951043440433,0.2480527489453125
128,2,464,1814.90702,14.17896109375,70.52702898245442,0.24813181914062502
128,2,465,1814.256263,14.1738770546875,70.55232637772076,0.24804284845703126
128,2,466,1811.72899,14.154132734375,70.65074340947649,0.2476973228515625
128,2,467,1801.480047,14.0740628671875,71.05268815669541,0.24629610017578124
128,2,468,1804.86091,14.100475859375,70.91959235795072,0.24675832753906252
128,2,469,1815.190829,14.1811783515625,70.51600192940376,0.24817062115234373
128,2,470,1795.31409,14.025891328125,71.29671666532735,0.2454530982421875
128,2,471,1800.968037,14.0700627890625,71.07288823027568,0.24622609880859378
128,2,472,1808.464357,14.1286277890625,70.77828186358886,0.24725098630859374
128,2,473,1799.775586,14.060746765625,71.11997795485154,0.2460630683984375
128,2,474,1794.834776,14.0221466875,71.3157565875022,0.24538756703125
128,2,475,1801.88524,14.0772284375,71.03671041780663,0.24635149765625003
128,2,476,1810.539549,14.1448402265625,70.69715769020188,0.24753470396484378
128,2,477,1812.308584,14.1586608125,70.62814861114181,0.24777656421875002
128,2,478,1805.868698,14.108349203125,70.88001477724268,0.2468961110546875
128,2,479,1793.340974,14.010476359375,71.37516058337717,0.24518333628906247
128,2,480,1627.845243,12.7175409609375,78.63155330669231,0.22255696681640627
128,2,481,1801.46716,14.0739621875,71.0531964401727,0.24629433828125
128,2,482,1797.639185,14.0440561328125,71.20450036251296,0.24577098232421876
128,2,483,1801.033173,14.0705716640625,71.07031781474022,0.24623500412109375
128,2,484,1806.739609,14.1151531953125,70.84584815785703,0.24701518091796873
128,2,485,1803.008526,14.086004109375,70.99245408670906,0.2465050719140625
128,2,486,1802.709571,14.0836685234375,71.00422722501871,0.24646419916015624
128,2,487,1801.071495,14.0708710546875,71.068805627841,0.24624024345703122
128,2,488,1792.462823,14.0036158046875,71.41012820883482,0.24506327658203125
128,2,489,1808.058529,14.1254572578125,70.79416841156916,0.24719550201171872
128,2,490,1805.527641,14.1056846953125,70.8934037305054,0.24684948216796873
128,2,491,1795.209347,14.0250730234375,71.30087653225661,0.24543877791015625
128,2,492,1801.02176,14.0704825,71.07076818438884,0.24623344375000003
128,2,493,1797.873959,14.0458903046875,71.19520217712882,0.24580308033203124
128,2,494,1802.485225,14.0819158203125,71.01306475341566,0.24643352685546874
128,2,495,1797.351994,14.041812453125,71.21587781764244,0.2457317179296875
128,2,496,1801.744389,14.0761280390625,71.04226369814991,0.24633224068359375
128,2,497,1799.714989,14.0602733515625,71.12237258807427,0.24605478365234376
128,2,498,1804.581967,14.0982966171875,70.93055474381785,0.24672019080078128
128,2,499,1798.313853,14.0493269765625,71.17778678425161,0.24586322208984376
128,2,500,1798.636193,14.0518452578125,71.16503075950278,0.24590729201171876
128,3,1,1794.376109,14.0185633515625,71.33398586728508,0.24532485865234374
128,3,2,1782.918189,13.9290483515625,71.79241357776064,0.24375834615234374
128,3,3,1798.690887,14.0522725546875,71.16286679668934,0.24591476970703124
128,3,4,1798.920364,14.05406534375,71.15378899563116,0.24594614351562502
128,3,5,1802.83731,14.084666484375,70.99919626136426,0.2464816634765625
128,3,6,1804.264979,14.0958201484375,70.94301640269214,0.24667685259765626
128,3,7,1806.954333,14.1168307265625,70.83742940392285,0.24704453771484372
128,3,8,1805.987774,14.109279484375,70.87534137426559,0.2469123909765625
128,3,9,1807.095374,14.117932609375,70.83190065207926,0.2470638206640625
128,3,10,1808.642714,14.130021203125,70.7713021533782,0.2472753710546875
128,3,11,1779.127639,13.8994346796875,71.9453720992977,0.24324010689453127
128,3,12,1786.890449,13.9600816328125,71.63281894065348,0.24430142857421877
128,3,13,1763.666183,13.7786420546875,72.57609247928751,0.24112623595703128
128,3,14,1765.228979,13.7908513984375,72.51183927000328,0.24133989947265624
128,3,15,1771.914554,13.843082453125,72.2382463144439,0.2422539429296875
128,3,16,1758.913755,13.7415137109375,72.7721866044535,0.24047648994140625
128,3,17,1750.11333,13.672760390625,73.13812071815944,0.23927330683593748
128,3,18,1765.679802,13.794373453125,72.49332515160073,0.24140153542968754
128,3,19,1775.439655,13.8706223046875,72.09481867746162,0.24273589033203125
128,3,20,1774.534076,13.86354746875,72.13161005537096,0.242612080703125
128,3,21,1764.169777,13.7825763828125,72.55537515083505,0.24119508669921877
128,3,22,1780.670114,13.911485265625,71.88305065246914,0.24345099214843752
128,3,23,1769.105383,13.8211358046875,72.35295377539417,0.24186987658203124
128,3,24,1766.024791,13.7970686796875,72.47916374238486,0.24144870189453127
128,3,25,1784.7929,13.94369453125,71.71700425298644,0.244014654296875
128,3,26,1761.272148,13.75993865625,72.67474259747392,0.24079892648437498
128,3,27,1780.92911,13.913508671875,71.87259688287088,0.2434864017578125
128,3,28,1773.82029,13.857971015625,72.16063584434474,0.24251449277343753
128,3,29,1776.915002,13.882148453125,72.03495938518729,0.24293759792968747
128,3,30,1781.648035,13.9191252734375,71.84359507909204,0.24358469228515625
128,3,31,1795.211057,14.0250863828125,71.30080861573036,0.24543901169921875
128,3,32,1805.579272,14.1060880625,70.89137651553634,0.24685654109375
128,3,33,1797.745963,14.0448903359375,71.2002711364175,0.24578558087890628
128,3,34,1798.660466,14.052034890625,71.16407038436569,0.24591061058593752
128,3,35,1793.314768,14.010271625,71.37620360019251,0.24517975343749998
128,3,36,1800.06724,14.0630253125,71.10845481527679,0.24610294296875
128,3,37,1790.257281,13.9863850078125,71.49810329412648,0.24476173763671874
128,3,38,1776.507022,13.878961109375,72.05150242293836,0.2428818194140625
128,3,39,1778.454085,13.8941725390625,71.97261997348669,0.24314801943359377
128,3,40,1787.587965,13.9655309765625,71.60486784772016,0.24439679208984372
128,3,41,1776.341123,13.8776650234375,72.05823157650335,0.24285913791015626
128,3,42,1797.231718,14.040872796875,71.22064379235489,0.2457152739453125
128,3,43,1981.966943,15.4841167421875,64.58230822268563,0.27097204298828126
128,3,44,1794.68937,14.021010703125,71.32153460072036,0.2453676873046875
128,3,45,1789.039004,13.97686721875,71.54679116207798,0.244595176328125
128,3,46,1782.240016,13.923750125,71.8197318267373,0.2436656271875
128,3,47,1788.912502,13.975878921875,71.551850555517,0.24457788113281248
128,3,48,1784.164535,13.9387854296875,71.74226226842919,0.2439287450195312
128,3,49,1771.374561,13.8388637578125,72.26026771420932,0.24218011576171874
128,3,50,1768.4958,13.8163734375,72.37789312250558,0.24178653515624998
128,3,51,1776.986349,13.8827058515625,72.03206714110779,0.24294735240234375
128,3,52,1777.509448,13.8867925625,72.01086899651743,0.24301886984374999
128,3,53,1772.099485,13.8445272265625,72.23070774720077,0.24227922646484373
128,3,54,1764.674756,13.78652153125,72.53461271817503,0.24126412679687498
128,3,55,1795.361934,14.026265109375,71.29481670295901,0.2454596394140625
128,3,56,1779.184082,13.899875640625,71.94308969767413,0.2432478237109375
128,3,57,1785.217955,13.9470152734375,71.69992865100889,0.24407276728515626
128,3,58,1778.993832,13.8983893125,71.95078346960788,0.24322181296875
128,3,59,1789.355129,13.9793369453125,71.53415100530331,0.24463839654296876
128,3,60,1773.336893,13.8541944765625,72.18030623806573,0.24244840333984374
128,3,61,1782.100572,13.92266071875,71.8253515043482,0.243646562578125
128,3,62,1779.258486,13.900456921875,71.94008122325178,0.2432579961328125
128,3,63,1787.182284,13.96236159375,71.62112177696586,0.244341327890625
128,3,64,1774.10732,13.8602134375,72.14896108990746,0.24255373515625
128,3,65,1778.180244,13.89203315625,71.98370380725027,0.24311058023437498
128,3,66,1756.479286,13.722494421875,72.87304838731814,0.2401436523828125
128,3,67,1756.528078,13.722875609375,72.87102415450258,0.2401503231640625
128,3,68,1766.099237,13.7976502890625,72.47610854383717,0.24145888005859373
128,3,69,1772.740296,13.8495335625,72.20459775682788,0.24236683734374997
128,3,70,1778.941989,13.8979842890625,71.9528803027202,0.24321472505859373
128,3,71,1781.076823,13.9146626796875,71.86663615351532,0.24350659689453127
128,3,72,1767.011082,13.804774078125,72.43870811218828,0.24158354636718748
128,3,73,1766.65269,13.801974140625,72.45340339079324,0.2415345474609375
128,3,74,1759.147909,13.7433430390625,72.76250015427213,0.24050850318359374
128,3,75,1765.598108,13.79373521875,72.49667940853956,0.241390366328125
128,3,76,1784.189027,13.9389767734375,71.74127744481416,0.24393209353515624
128,3,77,1762.953409,13.7730735078125,72.6054354848807,0.24102878638671874
128,3,78,1750.805547,13.6781683359375,73.1092040571425,0.23936794587890625
128,3,79,1773.511446,13.855558171875,72.17320208938759,0.2424722680078125
128,3,80,1748.753311,13.6621352421875,73.19500080134516,0.23908736673828124
128,3,81,1755.906803,13.7180218984375,72.89680738254991,0.24006538322265628
128,3,82,1758.378302,13.737330484375,72.79434684470986,0.2404032834765625
128,3,83,1752.160241,13.6887518828125,73.05267920412766,0.23955315794921875
128,3,84,1768.597174,13.817165421875,72.37374450311091,0.2418003948828125
128,3,85,1761.92169,13.765013203125,72.64795065891947,0.2408877310546875
128,3,86,1759.117186,13.743103015625,72.7637709520962,0.2405043027734375
128,3,87,1768.390526,13.815550984375,72.38220184855254,0.2417721422265625
128,3,88,1761.666841,13.7630221953125,72.65846017022238,0.24085288841796876
128,3,89,1777.576328,13.8873150625,72.00815964061375,0.24302801359375
128,3,90,1773.399081,13.8546803203125,72.17777508253936,0.24245690560546876
128,3,91,1766.885098,13.803789828125,72.44387320085939,0.24156632199218747
128,3,92,1791.82734,13.99865109375,71.43545426648083,0.24497639414062503
128,3,93,1800.796576,14.06872325,71.07965536247221,0.246202656875
128,3,94,1803.720216,14.0915641875,70.96444274703411,0.24660237328124998
128,3,95,1801.1564,14.071534375,71.06545550403064,0.2462518515625
128,3,96,1798.917182,14.054040484375,71.15391485543108,0.2459457084765625
128,3,97,1788.88794,13.97568703125,71.5528329851673,0.24457452304687502
128,3,98,1788.781153,13.9748527578125,71.5571045599003,0.24455992326171871
128,3,99,1792.527586,14.004121765625,71.40754820160409,0.2450721308984375
128,3,100,1787.657194,13.966071828125,71.60209487009735,0.2444062569921875
128,3,101,1790.705952,13.98989025,71.48018906009645,0.244823079375
128,3,102,1785.774343,13.9513620546875,71.67758933358132,0.24414883595703124
128,3,103,1790.632517,13.9893165390625,71.48312050897488,0.24481303943359375
128,3,104,1794.44879,14.019131171875,71.33109660933819,0.24533479550781248
128,3,105,1794.46443,14.019253359375,71.33047490944136,0.2453369337890625
128,3,106,1799.496495,14.0585663671875,71.13100823238891,0.24602491142578126
128,3,107,1792.879026,14.006867390625,71.3935508998475,0.2451201793359375
128,3,108,1797.235993,14.0409061953125,71.22047438318803,0.24571585841796875
128,3,109,1797.279259,14.0412442109375,71.21875988888826,0.24572177369140624
128,3,110,1805.796043,14.1077815859375,70.8828665873868,0.24688617775390626
128,3,111,1820.400137,14.2218760703125,70.31421136396014,0.24888283123046875
128,3,112,1805.102279,14.1023615546875,70.91010935452927,0.24679132720703123
128,3,113,1798.785749,14.0530136640625,71.15911390289762,0.24592773912109372
128,3,114,1795.640834,14.028444015625,71.28374314971721,0.2454977702734375
128,3,115,1799.999715,14.0624977734375,71.11112237037216,0.24609371103515626
128,3,116,1785.988017,13.9530313828125,71.66901389126174,0.24417804919921876
128,3,117,1781.467275,13.9177130859375,71.85088482750827,0.24355997900390625
128,3,118,1761.085683,13.7584818984375,72.68243745071658,0.24077343322265626
128,3,119,1774.911921,13.8664993828125,72.1162546070927,0.24266373919921871
128,3,120,1763.007821,13.7734986015625,72.60319465139797,0.24103622552734374
128,3,121,1765.702588,13.79455146875,72.49238964132955,0.241404650703125
128,3,122,1775.75271,13.873068046875,72.08210877515711,0.2427786908203125
128,3,123,1776.224687,13.8767553671875,72.06295517499471,0.24284321892578123
128,3,124,1777.821661,13.8892317265625,71.99822277336962,0.24306155521484374
128,3,125,1769.522754,13.824396515625,72.33588814309194,0.2419269390234375
128,3,126,1775.584732,13.87175571875,72.08892805460326,0.242755725078125
128,3,127,1776.870688,13.88180225,72.03675589025192,0.242931539375
128,3,128,1786.768685,13.9591303515625,71.63770054544023,0.24428478115234376
128,3,129,1786.916195,13.9602827734375,71.63178685052993,0.24430494853515625
128,3,130,1772.287871,13.8459989921875,72.22302995719141,0.24230498236328127
128,3,131,1778.891003,13.8975859609375,71.9549425929611,0.24320775431640623
128,3,132,1770.590199,13.8327359296875,72.29227862680607,0.24207287876953126
128,3,133,1755.239315,13.7128071484375,72.92452881275622,0.23997412509765625
128,3,134,1774.109897,13.8602335703125,72.14885628925613,0.24255408748046875
128,3,135,1787.27416,13.963079375,71.61744004624339,0.2443538890625
128,3,136,1772.481757,13.8475137265625,72.21512971543662,0.24233149021484374
128,3,137,1783.82362,13.93612203125,71.7559732727387,0.243882135546875
128,3,138,1770.015252,13.82824415625,72.31576103955516,0.241994272734375
128,3,139,1785.872241,13.9521268828125,71.67366010926197,0.24416222044921876
128,3,140,1768.729215,13.8181969921875,72.36834158359282,0.24181844736328126
128,3,141,1764.93382,13.78854546875,72.5239657994655,0.241299545703125
128,3,142,1776.143463,13.8761208046875,72.06625065286181,0.24283211408203126
128,3,143,1781.639641,13.9190596953125,71.84393356232019,0.24358354466796875
128,3,144,1774.827126,13.865836921875,72.11970006818568,0.24265214613281247
128,3,145,1778.076492,13.89122259375,71.98790410643369,0.243096395390625
128,3,146,1780.017026,13.906383015625,71.90942453378534,0.2433617027734375
128,3,147,1777.671973,13.8880622890625,72.00428534854332,0.24304109005859373
128,3,148,1785.850245,13.9519550390625,71.67454290099224,0.24415921318359374
128,3,149,1772.703679,13.8492474921875,72.20608921633541,0.24236183111328125
128,3,150,1779.331119,13.9010243671875,71.93714460068408,0.24326792642578124
128,3,151,1785.456595,13.9488796484375,71.69034540433618,0.24410539384765628
128,3,152,1758.474226,13.738079890625,72.79037594492442,0.2404163980859375
128,3,153,1774.787048,13.8655238125,72.12132866545464,0.24264666671875
128,3,154,1774.006184,13.8594233125,72.15307429841518,0.24253990796875002
128,3,155,1772.040854,13.844069171875,72.23309762360591,0.2422712105078125
128,3,156,1787.1349,13.96199140625,71.62302073559192,0.244334849609375
128,3,157,1773.351129,13.8543056953125,72.17972679340708,0.24245034966796875
128,3,158,1779.978327,13.9060806796875,71.91098793642783,0.24335641189453125
128,3,159,1765.743142,13.794868296875,72.49072470133937,0.2414101951953125
128,3,160,1778.843733,13.8972166640625,71.95685468342373,0.24320129162109372
128,3,161,1779.94881,13.905850078125,71.91218044073975,0.2433523763671875
128,3,162,1770.976697,13.8357554453125,72.27650155805523,0.24212572029296878
128,3,163,1758.054154,13.734798078125,72.80776858253708,0.24035896636718748
128,3,164,1764.583401,13.7858078203125,72.53836793855231,0.24125163685546877
128,3,165,1770.02212,13.8282978125,72.31548044156645,0.24199521171875
128,3,166,1764.142517,13.7823634140625,72.55649629581485,0.24119135974609376
128,3,167,1781.994022,13.921828296875,71.8296461266131,0.2436319951953125
128,3,168,1777.061098,13.883289828125,72.02903723685026,0.2429575719921875
128,3,169,1792.514473,14.0040193203125,71.40807057796069,0.24507033810546874
128,3,170,1787.930368,13.968206,71.59115494144345,0.244443605
128,3,171,1789.999516,13.98437121875,71.50839922350012,0.24472649632812501
128,3,172,1806.255964,14.11137471875,70.86481791680329,0.24694905757812502
128,3,173,1797.619207,14.0439000546875,71.20529170002355,0.24576825095703125
128,3,174,1782.873478,13.928699046875,71.79421399189158,0.24375223332031248
128,3,175,1782.95684,13.9293503125,71.79085725933781,0.24376363046875
128,3,176,1802.989118,14.085852484375,70.99321827409942,0.24650241847656248
128,3,177,1799.966913,14.0622415078125,71.11241827587972,0.24608922638671873
128,3,178,1770.798978,13.834367015625,72.28375529365141,0.2421014227734375
128,3,179,1783.986144,13.93739175,71.7494361884461,0.24390435562499999
128,3,180,1777.447522,13.886308765625,72.01337784418708,0.2430104033984375
128,3,181,1790.963304,13.9919008125,71.46991773316645,0.24485826421875
128,3,182,1771.638542,13.840926109375,72.24950065463185,0.2422162069140625
128,3,183,1767.763125,13.8106494140625,72.40789118734446,0.24168636474609376
128,3,184,1773.308188,13.85397021875,72.18147463942122,0.242444478828125
128,3,185,1766.328866,13.799444265625,72.46668639338196,0.24149027464843753
128,3,186,1767.459219,13.8082751484375,72.42034137139545,0.24164481509765626
128,3,187,1775.688394,13.872565578125,72.08471961212807,0.2427698976171875
128,3,188,1758.8605,13.74109765625,72.77439000989561,0.240469208984375
128,3,189,1760.268528,13.752097875,72.7161782216446,0.2406617128125
128,3,190,1771.821615,13.8423563671875,72.2420354940754,0.24224123642578127
128,3,191,1776.525065,13.8791020703125,72.05077064308125,0.24288428623046873
128,3,192,1782.346963,13.9245856484375,71.81542239371494,0.24368024884765624
128,3,193,1774.713956,13.86495278125,72.12429899886357,0.242636673671875
128,3,194,1775.725343,13.8728542421875,72.08321968517403,0.24277494923828127
128,3,195,1764.670333,13.7864869765625,72.53479452017285,0.24126352208984375
128,3,196,1751.70808,13.685219375,73.07153598332434,0.2394913390625
128,3,197,1769.451054,13.823836359375,72.33881926863403,0.2419171362890625
128,3,198,1773.418852,13.85483478125,72.17697040698877,0.242459608671875
128,3,199,1782.265705,13.9239508203125,71.81869664040919,0.24366913935546874
128,3,200,1771.681725,13.8412634765625,72.24773964409438,0.24222211083984374
128,3,201,1777.566007,13.8872344296875,72.0085777382893,0.24302660251953123
128,3,202,1767.117734,13.805607296875,72.43433617196669,0.2415981276953125
128,3,203,1763.361272,13.7762599375,72.58864194903335,0.24108454890625
128,3,204,1773.354323,13.8543306484375,72.17959679003191,0.24245078634765624
128,3,205,1773.39526,13.85465046875,72.17793059850628,0.242456383203125
128,3,206,1779.921416,13.9056360625,71.91328720997872,0.24334863109375
128,3,207,1757.643897,13.7315929453125,72.82476286492064,0.24030287654296872
128,3,208,1783.901542,13.936730796875,71.75283892433565,0.2438927889453125
128,3,209,1793.256857,14.0098191953125,71.37850860592025,0.24517183591796876
128,3,210,1785.179128,13.9467119375,71.70148809850974,0.24406745890625
128,3,211,1779.509873,13.9024208828125,71.92991842422893,0.24329236544921876
128,3,212,1763.200633,13.7750049453125,72.59525524455731,0.24106258654296875
128,3,213,1761.300491,13.7601600859375,72.67357310922365,0.24080280150390623
128,3,214,1760.470056,13.7536723125,72.70785411189067,0.24068926546875002
128,3,215,1774.871816,13.8661860625,72.11788414583738,0.24265825609375
128,3,216,1752.16798,13.68881234375,73.0523565440341,0.23955421601562502
128,3,217,1760.487607,13.7538094296875,72.70712925842255,0.24069166501953126
128,3,218,1751.031432,13.6799330625,73.09977288859999,0.23939882859375
128,3,219,1764.145696,13.78238825,72.55636554861962,0.241191794375
128,3,220,1764.197733,13.7827947890625,72.55422541686261,0.24119890880859376
128,3,221,1771.459636,13.83952840625,72.25679738829793,0.242191747109375
128,3,222,1798.579153,14.0513996328125,71.16728768177822,0.24589949357421872
128,3,223,1799.064921,14.0551946953125,71.14807170430066,0.24596590716796873
128,3,224,1789.515432,13.9805893125,71.52774304770567,0.24466031296875
128,3,225,1799.358501,14.0574882890625,71.13646331671178,0.24600604505859375
128,3,226,1797.589736,14.0436698125,71.20645909162,0.24576422171874998
128,3,227,1781.229209,13.9158531953125,71.86048788850732,0.24352743091796875
128,3,228,1772.530427,13.8478939609375,72.2131468381276,0.24233814431640624
128,3,229,1789.776056,13.9826254375,71.51732730522126,0.24469594515624998
128,3,230,1774.498078,13.863266234375,72.13307333883739,0.2426071591015625
128,3,231,1800.181514,14.063918078125,71.10394091070529,0.2461185663671875
128,3,232,1763.317989,13.7759217890625,72.59042373439996,0.24107863130859375
128,3,233,1769.267819,13.8224048359375,72.34631107027444,0.24189208462890624
128,3,234,1762.047389,13.7659952265625,72.6427681792615,0.24090491646484374
128,3,235,1789.349514,13.979293078125,71.5343754803177,0.24463762886718748
128,3,236,1792.527522,14.004121265625,71.40755075112314,0.2450721221484375
128,3,237,1809.870505,14.1396133203125,70.72329188546006,0.24744323310546876
128,3,238,1804.670653,14.0989894765625,70.92706904011477,0.24673231583984376
128,3,239,1801.847012,14.07692978125,71.03821753319866,0.246346271171875
128,3,240,1788.567049,13.9731800703125,71.56567044638649,0.24453065123046874
128,3,241,1796.531359,14.0354012421875,71.2484084170111,0.24561952173828128
128,3,242,1804.632418,14.098690765625,70.92857178186854,0.2467270883984375
128,3,243,1808.698667,14.1304583359375,70.76911280766704,0.24728302087890622
128,3,244,1797.725785,14.0447326953125,71.20107030116387,0.24578282216796876
128,3,245,1795.931911,14.0307180546875,71.27218978403687,0.24553756595703125
128,3,246,1791.928627,13.9994423984375,71.43141644781592,0.24499024197265626
128,3,247,1802.234643,14.0799581484375,71.02293838216936,0.24639926759765626
128,3,248,1806.995392,14.1171515,70.83581981818357,0.24705015125
128,3,249,1811.316335,14.1509088671875,70.66683909743463,0.24764090517578125
128,3,250,1805.578519,14.1060821796875,70.89140608013625,0.24685643814453123
128,3,251,1809.038914,14.133116515625,70.7558024370945,0.2473295390234375
128,3,252,1773.246144,13.8534855,72.18400019258691,0.24243599624999998
128,3,253,1795.800739,14.0296932734375,71.27739577124653,0.24551963228515628
128,3,254,1798.011489,14.0469647578125,71.18975645210685,0.24582188326171875
128,3,255,1801.630584,14.0752389375,71.04675128006153,0.24631668140625002
128,3,256,1793.948488,14.0152225625,71.35098965004396,0.24526639484374999
128,3,257,1789.152208,13.977751625,71.54226422305598,0.2446106534375
128,3,258,1783.033411,13.9299485234375,71.78777425612694,0.24377409916015622
128,3,259,1762.242542,13.767519859375,72.63472362591506,0.2409315975390625
128,3,260,1756.76427,13.724720859375,72.86122685088536,0.2401826150390625
128,3,261,1785.515446,13.949339421875,71.6879824740536,0.2441134398828125
128,3,262,1781.712301,13.9196273515625,71.84100369524249,0.24359347865234374
128,3,263,1780.574526,13.910738484375,71.8869096075117,0.2434379234765625
128,3,264,1780.810839,13.9125846796875,71.87737023876011,0.24347023189453126
128,3,265,1781.297502,13.916386734375,71.8577328359157,0.24353676785156247
128,3,266,1772.72888,13.849444375,72.20506273920466,0.24236527656249998
128,3,267,1779.327833,13.9009986953125,71.93727745167014,0.24326747716796876
128,3,268,1771.717052,13.84153946875,72.2462990664945,0.242226940703125
128,3,269,1773.528515,13.8556915234375,72.17250747163769,0.24247460166015625
128,3,270,1773.473344,13.8552605,72.17475268689464,0.24246705875000002
128,3,271,1775.64937,13.872260703125,72.08630384049302,0.24276456230468751
128,3,272,1770.978934,13.835772921875,72.27641026248368,0.24212602613281248
128,3,273,1779.738861,13.9042098515625,71.92066364617072,0.24332367240234376
128,3,274,1783.305818,13.932076703125,71.77680839035989,0.2438113423046875
128,3,275,1752.046716,13.68786496875,73.05741269971935,0.239537636953125
128,3,276,1781.365856,13.91692075,71.85497553400957,0.24354611312499996
128,3,277,1788.899322,13.975775953125,71.55237772514512,0.2445760791796875
128,3,278,1786.993843,13.9608893984375,71.62867432442519,0.24431556447265623
128,3,279,1779.639727,13.9034353671875,71.9246699531562,0.24331011892578125
128,3,280,1789.382484,13.97955065625,71.53305743435455,0.244642136484375
128,3,281,1792.958098,14.007485140625,71.39040234279919,0.24513098996093752
128,3,282,1802.295267,14.0804317734375,71.02054937594197,0.24640755603515624
128,3,283,1788.907816,13.9758423125,71.55203798382868,0.24457724046874998
128,3,284,1808.920102,14.132188296875,70.76044976142346,0.2473132951953125
128,3,285,1792.199422,14.001557984375,71.42062341319068,0.2450272647265625
128,3,286,1791.894033,13.9991721328125,71.43279549053557,0.24498551232421875
128,3,287,1767.889262,13.811634859375,72.40272496207967,0.2417036100390625
128,3,288,1774.014041,13.8594846953125,72.15275473684936,0.24254098216796874
128,3,289,1790.687723,13.9897478359375,71.48091672039682,0.24482058712890625
128,3,290,1777.203203,13.8844000234375,72.02327780184628,0.24297700041015624
128,3,291,1782.325748,13.92441990625,71.8162772117457,0.243677348359375
128,3,292,1779.827512,13.9049024375,71.91708136715216,0.24333579265625002
128,3,293,1794.311578,14.018059203125,71.33655133779669,0.24531603605468752
128,3,294,1789.545946,13.980827703125,71.52652341008964,0.2446644848046875
128,3,295,1798.659391,14.0520264921875,71.16411291680738,0.24591046361328125
128,3,296,1783.335591,13.9323093046875,71.7756100679987,0.24381541283203126
128,3,297,1767.814968,13.8110544375,72.40576775114171,0.24169345265624997
128,3,298,1787.77127,13.966963046875,71.59752600789922,0.2444218533203125
128,3,299,1797.485196,14.04285309375,71.21060039039119,0.245749929140625
128,3,300,1763.602952,13.7781480625,72.57869457229168,0.24111759109375
128,3,301,1757.431149,13.7299308515625,72.83357875660367,0.24027378990234377
128,3,302,1763.95234,13.78087765625,72.5643188296119,0.24116535898437502
128,3,303,1775.123186,13.868149890625,72.107671743295,0.2426926230859375
128,3,304,1775.489895,13.8710148046875,72.09277865250819,0.24274275908203122
128,3,305,1769.21702,13.82200796875,72.34838832830128,0.241885139453125
128,3,306,1767.34046,13.80734734375,72.42520776104452,0.24162857851562497
128,3,307,1770.802627,13.8343955234375,72.28360634231203,0.24210192166015626
128,3,308,1765.842056,13.7956410625,72.48666411873022,0.24142371859374998
128,3,309,1787.211023,13.9625861171875,71.61997008340967,0.24434525705078128
128,3,310,1790.6008,13.98906875,71.4843866930027,0.244808703125
128,3,311,1781.064777,13.9145685703125,71.86712221416302,0.24350494998046876
128,3,312,1807.09686,14.11794421875,70.83184240605675,0.247064023828125
128,3,313,1800.43669,14.065911640625,71.09386334489773,0.2461534537109375
128,3,314,1807.407976,14.1203748125,70.81964985198229,0.24710655921875
128,3,315,1803.540797,14.0901624765625,70.97150239845669,0.24657784333984376
128,3,316,1817.527463,14.1994333046875,70.42534575445919,0.24849008283203125
128,3,317,1802.017239,14.0782596796875,71.03150692999559,0.24636954439453126
128,3,318,1793.725921,14.0134837578125,71.35984294001848,0.24523596576171874
128,3,319,1803.587846,14.090530046875,70.96965101194189,0.24658427582031248
128,3,320,1799.885309,14.0616039765625,71.11564240230153,0.24607806958984374
128,3,321,1793.636855,14.0127879296875,71.36338643086145,0.24522378876953124
128,3,322,1801.100253,14.0710957265625,71.0676708788403,0.24624417521484376
128,3,323,1808.029177,14.1252279453125,70.79531770188906,0.24719148904296873
128,3,324,1803.035044,14.08621128125,70.99140997062062,0.24650869742187498
128,3,325,1797.04928,14.0394475,71.22787417382344,0.24569033124999998
128,3,326,1814.286601,14.1741140703125,70.55114662118369,0.24804699623046875
128,3,327,1806.989982,14.117109234375,70.83603189561013,0.2470494116015625
128,3,328,1808.048085,14.1253756640625,70.79457734665282,0.24719407412109373
128,3,329,1798.539313,14.0510883828125,71.16886413035554,0.24589404669921877
128,3,330,1786.872221,13.9599392265625,71.63354967170872,0.24429893646484377
128,3,331,1773.869579,13.8583560859375,72.15863077834541,0.24252123150390625
128,3,332,1777.316884,13.88528815625,72.01867103851808,0.242992542734375
128,3,333,1776.879735,13.8818729296875,72.03638911442704,0.24293277626953125
128,3,334,1774.274914,13.861522765625,72.14214606203917,0.2425766483984375
128,3,335,1777.720816,13.888443875,72.00230702591942,0.2430477678125
128,3,336,1783.757337,13.9356041953125,71.75863966747625,0.24387307341796877
128,3,337,1791.849462,13.998823921875,71.43457233127769,0.2449794186328125
128,3,338,1780.39615,13.909344921875,71.89411188066207,0.2434135361328125
128,3,339,1791.136509,13.9932539765625,71.46300650834425,0.24488194458984372
128,3,340,1797.820876,14.04547559375,71.19730430808502,0.24579582289062502
128,3,341,1772.260553,13.8457855703125,72.22414321829122,0.24230124748046877
128,3,342,1790.692574,13.989785734375,71.48072307804188,0.2448212503515625
128,3,343,1789.140719,13.9776618671875,71.54272363302017,0.24460908267578124
128,3,344,1793.238798,14.009678109375,71.37922743070162,0.24516936691406252
128,3,345,1764.946156,13.78864184375,72.52345889695232,0.241301232265625
128,3,346,1762.132687,13.7666616171875,72.6392518249677,0.24091657830078125
128,3,347,1770.300083,13.8304693984375,72.30412585367313,0.24203321447265624
128,3,348,1783.058236,13.93014246875,71.78677477587445,0.243777493203125
128,3,349,1796.919256,14.0384316875,71.23302818009314,0.24567255453125
128,3,350,1806.195974,14.110906046875,70.86717158190277,0.2469408558203125
128,3,351,1803.833855,14.0924519921875,70.95997208678622,0.24661790986328125
128,3,352,1788.965869,13.9762958515625,71.54971607789795,0.24458517740234376
128,3,353,1791.713797,13.9977640390625,71.43998121481229,0.24496087068359376
128,3,354,1794.368156,14.01850121875,71.33430203383524,0.245323771328125
128,3,355,1794.760439,14.0215659296875,71.31871040756766,0.24537740376953124
128,3,356,1801.146122,14.071454078125,71.06586102956948,0.24625044636718751
128,3,357,1799.165909,14.0559836640625,71.14407813070673,0.24597971412109376
128,3,358,1802.098972,14.07889821875,71.02828534325361,0.246380718828125
128,3,359,1792.059516,14.00046496875,71.4261992178166,0.245008136953125
128,3,360,1782.152843,13.9230690859375,71.82324484836568,0.24365370900390626
128,3,361,1771.712549,13.8415042890625,72.2464826883156,0.24222632505859376
128,3,362,1761.584785,13.7623811328125,72.66184465824618,0.24084166982421873
128,3,363,1778.355809,13.8934047578125,71.97659734469931,0.24313458326171875
128,3,364,1761.467405,13.7614641015625,72.66668667082148,0.24082562177734376
128,3,365,1771.224348,13.83769021875,72.266395922421,0.242159578828125
128,3,366,1761.156551,13.7590355546875,72.67951274821111,0.24078312220703124
128,3,367,1769.766993,13.8263046328125,72.32590533459,0.24196033107421874
128,3,368,1785.240981,13.9471951640625,71.69900386686228,0.24407591537109374
128,3,369,1810.782557,14.1467387265625,70.68767009334518,0.24756792771484376
128,3,370,1798.056929,14.0473197578125,71.18795736416864,0.24582809576171877
128,3,371,1808.365309,14.1278539765625,70.78215854006963,0.24723744458984376
128,3,372,1806.834127,14.1158916171875,70.84214211324779,0.24702810330078126
128,3,373,1809.106965,14.1336481640625,70.75314090120702,0.24733884287109373
128,3,374,1801.646419,14.0753626484375,71.04612683716604,0.24631884634765625
128,3,375,1812.865643,14.1630128359375,70.60644592953984,0.24785272462890626
128,3,376,1804.021936,14.093921375,70.95257404896655,0.2466436240625
128,3,377,1805.551824,14.105873625,70.89245420628814,0.24685278843749997
128,3,378,1790.60975,13.989138671875,71.48402939278087,0.24480992675781252
128,3,379,1799.955878,14.062155296875,71.11285424519723,0.2460877176953125
128,3,380,1794.418149,14.0188917890625,71.33231463989165,0.24533060630859377
128,3,381,1800.672983,14.0677576796875,71.0845340650063,0.24618575939453125
128,3,382,1790.812081,13.9907193828125,71.47595292551524,0.24483758919921877
128,3,383,1807.679992,14.1224999375,70.80899305544783,0.24714374890625002
128,3,384,1781.68119,13.919384296875,71.84225815394055,0.2435892251953125
128,3,385,1791.989491,13.9999178984375,71.42899031655091,0.24499856322265626
128,3,386,1787.667834,13.966154953125,71.6016687023972,0.2444077116796875
128,3,387,1786.596617,13.9577860703125,71.64460000765803,0.24426125623046874
128,3,388,1809.295687,14.1351225546875,70.74576086136439,0.24736464470703126
128,3,389,1799.841588,14.06126240625,71.11736991377933,0.246072092109375
128,3,390,1795.373628,14.02635646875,71.29435233076732,0.24546123820312502
128,3,391,1813.186514,14.165519640625,70.59395104236916,0.2478965937109375
128,3,392,1805.236745,14.1034120703125,70.90482749950894,0.24680971123046874
128,3,393,1806.009094,14.109446046875,70.8745046884022,0.24691530582031251
128,3,394,1816.00537,14.187541953125,70.48437307209063,0.2482819841796875
128,3,395,1803.23749,14.087792890625,70.98343990175138,0.2465363755859375
128,3,396,1807.733976,14.1229216875,70.80687850057868,0.24715112953125
128,3,397,1806.412789,14.1125999140625,70.85866573766823,0.24697049849609373
128,3,398,1806.39084,14.1124284375,70.85952672346367,0.24696749765625
128,3,399,1806.500113,14.1132821328125,70.85524051666638,0.24698243732421876
128,3,400,1797.119892,14.03999915625,71.22507550542431,0.245699985234375
128,3,401,1789.037678,13.976856859375,71.5468441911708,0.24459499503906248
128,3,402,1799.49013,14.058516640625,71.13125983080552,0.2460240412109375
128,3,403,1780.914076,13.91339121875,71.87320361209835,0.24348434632812502
128,3,404,1777.673496,13.8880741875,72.00422365975355,0.24304129828124998
128,3,405,1771.925006,13.843164109375,72.23782020490319,0.2422553719140625
128,3,406,1793.169609,14.0091375703125,71.3819815803046,0.24515990748046876
128,3,407,1786.107232,13.95396275,71.66423029185742,0.24419434812500002
128,3,408,1802.452303,14.0816586171875,71.01436181526519,0.24642902580078127
128,3,409,1780.365048,13.9091019375,71.89536783132804,0.24340928390625
128,3,410,1776.612093,13.8797819765625,72.0472412094518,0.24289618458984374
128,3,411,1777.796381,13.8890342265625,71.99924657738404,0.24305809896484376
128,3,412,1787.195364,13.96246378125,71.62059760132637,0.24434311617187499
128,3,413,1787.908216,13.9680329375,71.59204194853368,0.24444057640625003
128,3,414,1782.745683,13.9277006484375,71.79936051484466,0.2437347613476563
128,3,415,1789.774771,13.9826153984375,71.51737865233324,0.24469576947265625
128,3,416,1786.32109,13.955633515625,71.65565066468538,0.24422358652343748
128,3,417,1782.993596,13.92963746875,71.78937730744379,0.243768655703125
128,3,418,1818.143522,14.204246265625,70.40148285939331,0.24857430964843752
128,3,419,1788.026063,13.9689536171875,71.58732338903272,0.24445668830078124
128,3,420,1704.448012,13.31600009375,75.09762638627197,0.233030001640625
128,3,421,1790.394812,13.98745946875,71.49261109454109,0.24478054070312502
128,3,422,1791.129359,13.9931981171875,71.46329178114935,0.24488096705078127
128,3,423,1787.302138,13.963297953125,71.61631896397363,0.2443577141796875
128,3,424,1792.807239,14.0063065546875,71.3964096170185,0.24511036470703124
128,3,425,1778.409904,13.893827375,71.97440798777737,0.2431419790625
128,3,426,1777.255769,13.8848106953125,72.0211475650582,0.24298418716796877
128,3,427,1785.051895,13.9457179296875,71.706598759696,0.24405006376953126
128,3,428,1806.561511,14.1137618046875,70.85283242259887,0.24699083158203125
128,3,429,1798.777654,14.052950421875,71.15943413871207,0.2459266323828125
128,3,430,1800.132605,14.0635359765625,71.1058727809666,0.24611187958984374
128,3,431,1815.13733,14.180760390625,70.51808030414976,0.2481633068359375
128,3,432,1798.937904,14.054202375,71.15309523212981,0.24594854156249998
128,3,433,1814.943729,14.1792478828125,70.52560250478156,0.24813683794921879
128,3,434,1806.754885,14.1152725390625,70.84524916062423,0.24701726943359376
128,3,435,1782.517459,13.9259176484375,71.80855332087943,0.24370355884765624
128,3,436,1802.851466,14.084777078125,70.99863877527001,0.24648359886718751
128,3,437,1794.715702,14.021216421875,71.32048817389797,0.24537128738281247
128,3,438,1786.629987,13.9580467734375,71.64326185688273,0.24426581853515625
128,3,439,1796.688423,14.0366283046875,71.24217998036268,0.24564099533203126
128,3,440,1768.038624,13.81280175,72.39660845780256,0.241724030625
128,3,441,1797.833171,14.0455716484375,71.19681740481137,0.24579750384765625
128,3,442,1767.020883,13.8048506484375,72.43830632192932,0.24158488634765624
128,3,443,1795.049045,14.0238206640625,71.30724386419202,0.24541686162109375
128,3,444,1799.590186,14.059298328125,71.12730498075744,0.24603772074218747
128,3,445,1778.82074,13.89703703125,71.95778479623529,0.24319814804687498
128,3,446,1779.958393,13.9059249453125,71.91179327751848,0.24335368654296874
128,3,447,1792.865763,14.0067637734375,71.39407904461166,0.24511836603515624
128,3,448,1801.636737,14.0752870078125,71.04650863921633,0.24631752263671877
128,3,449,1806.387698,14.112403890625,70.85964997531775,0.24696706808593752
128,3,450,1808.888076,14.13193809375,70.7617025609715,0.247308916640625
128,3,451,1798.048786,14.047256140625,71.18827976005763,0.2458269824609375
128,3,452,1807.902247,14.1242363046875,70.80028813084384,0.24717413533203125
128,3,453,1798.354699,14.0496460859375,71.17617012437879,0.24586880650390625
128,3,454,1806.660348,14.11453396875,70.84895627542714,0.24700434445312502
128,3,455,1803.840694,14.092505421875,70.95970305235835,0.24661884488281252
128,3,456,1797.273155,14.0411965234375,71.21900176603928,0.24572093916015628
128,3,457,1804.721323,14.0993853359375,70.92507766640934,0.24673924337890626
128,3,458,1797.876023,14.0459064296875,71.19512044351904,0.24580336251953125
128,3,459,1797.068687,14.0395991171875,71.22710496596618,0.24569298455078123
128,3,460,1803.935854,14.093248859375,70.95595983425694,0.24663185503906251
128,3,461,1800.479014,14.066242296875,71.09219213593123,0.2461592401953125
128,3,462,1803.382076,14.08892246875,70.9777488106741,0.246556143203125
128,3,463,1799.388477,14.0577224765625,71.13527825486904,0.24601014333984375
128,3,464,1813.207584,14.16568425,70.59313072010623,0.247899474375
128,3,465,1792.634364,14.00495596875,71.40329482158694,0.245086729453125
128,3,466,1788.347432,13.9714643125,71.5744590282723,0.24450062546875
128,3,467,1797.02827,14.039283359375,71.22870693625761,0.2456874587890625
128,3,468,1777.873554,13.889637140625,71.99612127196308,0.2430686499609375
128,3,469,1780.114524,13.90714471875,71.90548600905635,0.243375032578125
128,3,470,1791.225971,13.9939528984375,71.45943731964793,0.24489417572265626
128,3,471,1801.038646,14.070614421875,71.07010184610996,0.2462357523828125
128,3,472,1764.564718,13.785661859375,72.53913596610855,0.2412490825390625
128,3,473,1802.375692,14.08106009375,71.01738032095031,0.246418551640625
128,3,474,1802.801897,14.0843898203125,71.00059092072277,0.24647682185546876
128,3,475,1797.226363,14.0408309609375,71.2208560007641,0.24571454181640623
128,3,476,1797.61277,14.043849765625,71.20554667621771,0.2457673708984375
128,3,477,1796.138946,14.032335515625,71.26397447427766,0.2455658715234375
128,3,478,1789.003146,13.976587078125,71.54822521480351,0.2445902738671875
128,3,479,1790.662208,13.9895485,71.48193524615895,0.24481709875
128,3,480,1777.893539,13.8897932734375,71.99531197576393,0.24307138228515623
128,3,481,1781.17226,13.91540828125,71.86278546691491,0.243519644921875
128,3,482,1793.953989,14.0152655390625,71.35077085859419,0.24526714693359375
128,3,483,1803.232814,14.087756359375,70.98362397036549,0.2465357362890625
128,3,484,1789.955091,13.9840241484375,71.51017399463906,0.24472042259765628
128,3,485,1776.273077,13.8771334140625,72.06099200477833,0.24284983474609376
128,3,486,1788.076981,13.9693514140625,71.58528483959047,0.24446364974609375
128,3,487,1792.873605,14.0068250390625,71.39376676807063,0.24511943818359375
128,3,488,1792.5079,14.00396796875,71.40833242631733,0.245069439453125
128,3,489,1774.390833,13.8624283828125,72.13743309504575,0.24259249669921873
128,3,490,1773.224488,13.8533163125,72.18488175987788,0.24243303546875
128,3,491,1788.843862,13.975342671875,71.55459608246122,0.24456849675781248
128,3,492,1786.293194,13.955415578125,71.65676968928763,0.24421977261718752
128,3,493,1794.63392,14.0205775,71.32373826969682,0.24536010625
128,3,494,1711.585756,13.37176371875,74.78445035622276,0.23400586507812499
128,3,495,1788.229877,13.9705459140625,71.57916420384245,0.24448455349609374
128,3,496,1790.875391,13.9912139921875,71.47342614860914,0.24484624486328124
128,3,497,1784.731468,13.94321459375,71.71947281427101,0.244006255390625
128,3,498,1788.201358,13.970323109375,71.58030577896474,0.24448065441406253
128,3,499,1781.38453,13.917066640625,71.85422228854766,0.24354866621093751
128,3,500,1807.479928,14.1209369375,70.81683066966816,0.24711639640625
128,4,1,1789.500396,13.98047184375,71.52834404849162,0.24465825726562498
128,4,2,1780.839018,13.912804828125,71.87623289147857,0.24347408449218746
128,4,3,1784.140039,13.9385940546875,71.74324727992946,0.24392539595703125
128,4,4,1786.675188,13.95839990625,71.6414493578337,0.244271998359375
128,4,5,1796.24128,14.033135,71.25991448097663,0.2455798625
128,4,6,1795.481024,14.0271955,71.2900878867768,0.24547592125
128,4,7,1800.220607,14.0642234921875,71.10239684085563,0.24612391111328125
128,4,8,1817.897354,14.202323078125,70.41101617665923,0.2485406538671875
128,4,9,1805.377845,14.1045144140625,70.89928590543882,0.24682900224609375
128,4,10,1966.180694,15.360786671875,65.1008324873726,0.26881376675781243
128,4,11,1807.7554,14.1230890625,70.80603935687317,0.24715405859375
128,4,12,1819.983436,14.21862059375,70.33031041278115,0.248825860390625
128,4,13,1799.842653,14.0612707265625,71.11732783232357,0.24607223771484374
128,4,14,1789.745669,13.9823880390625,71.51854155429723,0.24469179068359376
128,4,15,1789.866474,13.983331828125,71.51371449175488,0.24470830699218749
128,4,16,1794.854481,14.0223006328125,71.31497363991593,0.24539026107421877
128,4,17,1795.063137,14.0239307578125,71.30668407236085,0.24541878826171876
128,4,18,1800.357712,14.065294625,71.09698208685764,0.24614265593749998
128,4,19,1800.895246,14.069494109375,71.07576094961827,0.24621614691406252
128,4,20,1809.765022,14.138789234375,70.72741402557618,0.2474288116015625
128,4,21,1784.870008,13.9442969375,71.71390601348487,0.24402519640625
128,4,22,1782.546136,13.9261416875,71.80739808913422,0.24370747953125
128,4,23,1794.271449,14.0177456953125,71.33814678450028,0.24531054966796875
128,4,24,1790.005444,13.98441753125,71.50816240757757,0.244727306796875
128,4,25,1805.642591,14.1065827421875,70.8888905467782,0.24686519798828127
128,4,26,1790.254218,13.986361078125,71.49822562239035,0.2447613188671875
128,4,27,1720.226525,13.4392697265625,74.40880496828754,0.23518722021484376
128,4,28,1800.244835,14.0644127734375,71.10143993275226,0.24612722353515626
128,4,29,1804.914713,14.1008961953125,70.91747830413969,0.24676568341796876
128,4,30,1795.422107,14.0267352109375,71.29242727988756,0.2454678661914063
128,4,31,1813.158109,14.1652977265625,70.59505696973942,0.24789271021484377
128,4,32,1810.490463,14.1444567421875,70.69907443086045,0.24752799298828126
128,4,33,1809.116573,14.1337232265625,70.75276513980617,0.24734015646484375
128,4,34,1796.484485,14.0350350390625,71.2502674355131,0.24561311318359375
128,4,35,1798.77363,14.052918984375,71.15959332803872,0.2459260822265625
128,4,36,1809.107887,14.1336553671875,70.75310484233161,0.24733896892578125
128,4,37,1807.350709,14.1199274140625,70.82189381540779,0.24709872974609376
128,4,38,1812.287948,14.15849959375,70.62895283349312,0.24777374289062498
128,4,39,1813.11796,14.1649840625,70.59662020004478,0.24788722109375003
128,4,40,1819.266418,14.213018890625,70.3580293317985,0.24872783058593748
128,4,41,1818.739364,14.20890128125,70.37841844390849,0.248655772421875
128,4,42,1822.1131,14.23525859375,70.24810918707516,0.249117025390625
128,4,43,1809.456921,14.1363821953125,70.7394569688128,0.24738668841796874
128,4,44,1815.570217,14.1841423203125,70.50126665522406,0.24822249060546875
128,4,45,1811.265165,14.1505091015625,70.66883550427029,0.24763390927734374
128,4,46,1801.012968,14.0704138125,71.07111513036035,0.24623224171875
128,4,47,1807.717723,14.1227947109375,70.80751511777926,0.24714890744140625
128,4,48,1814.360377,14.1746904453125,70.5482778518592,0.24805708279296873
128,4,49,1810.817622,14.147012671875,70.68630128451444,0.2475727217578125
128,4,50,1817.814844,14.20167846875,70.41421210883236,0.24852937320312501
128,4,51,1804.40472,14.096911875,70.9375222649606,0.2466959578125
128,4,52,1808.038068,14.12529740625,70.79496956697926,0.247192704609375
128,4,53,1805.836813,14.1081001015625,70.88126627973443,0.24689175177734374
128,4,54,1808.298565,14.1273325390625,70.78477109779712,0.24722831943359375
128,4,55,1812.21667,14.157942734375,70.63173080733222,0.2477639978515625
128,4,56,1815.405918,14.182858734375,70.50764720488259,0.24820002785156248
128,4,57,1808.771177,14.1310248203125,70.76627581621398,0.24729293435546876
128,4,58,1808.652004,14.13009378125,70.77093864210265,0.247276641171875
128,4,59,1816.20711,14.189118046875,70.47654383425467,0.24830956582031252
128,4,60,1797.637594,14.044043703125,71.20456338208957,0.2457707648046875
128,4,61,1796.131958,14.032280921875,71.26425173266696,0.2455649161328125
128,4,62,1795.807349,14.0297449140625,71.27713341371341,0.24552053599609375
128,4,63,1803.507991,14.0899061796875,70.97279337754817,0.24657335814453127
128,4,64,1806.800244,14.11562690625,70.84347061888043,0.247023470859375
128,4,65,1794.818584,14.0220201875,71.31639996435428,0.24538535328125002
128,4,66,1790.379055,13.9873363671875,71.49324029597743,0.24477838642578126
128,4,67,1798.55338,14.05119828125,71.16830749832957,0.245895969921875
128,4,68,1802.58867,14.082723984375,71.0089895328145,0.2464476697265625
128,4,69,1807.767198,14.123181234375,70.80557725663523,0.2471556716015625
128,4,70,1790.317623,13.9868564296875,71.49569347673231,0.24476998751953125
128,4,71,1807.861965,14.1239216015625,70.80186567230535,0.24716862802734374
128,4,72,1785.449335,13.9488229296875,71.69063691185615,0.24410440126953126
128,4,73,1799.345875,14.0573896484375,71.13696248087933,0.24600431884765622
128,4,74,1793.682297,14.0131429453125,71.3615784769046,0.24523000154296876
128,4,75,1793.846751,14.0144277421875,71.35503628091138,0.24525248548828124
128,4,76,1775.363739,13.8700292109375,72.09790151064925,0.24272551119140623
128,4,77,1789.96482,13.98410015625,71.509785315222,0.244721752734375
128,4,78,1787.369517,13.9638243515625,71.6136192223088,0.24436692615234376
128,4,79,1792.993599,14.0077624921875,71.38898882371304,0.24513584361328122
128,4,80,1797.309437,14.0414799765625,71.21756407936783,0.24572589958984373
128,4,81,1798.789722,14.053044703125,71.15895673324289,0.2459282823046875
128,4,82,1795.418984,14.0267108125,71.29255128785026,0.24546743921874997
128,4,83,1808.551264,14.12930675,70.77488072795929,0.24726286812499998
128,4,84,1806.374744,14.1123026875,70.8601581289602,0.24696529703125
128,4,85,1810.170534,14.141957296875,70.71156976417781,0.24748425269531252
128,4,86,1809.972092,14.14040696875,70.71932245019389,0.247457121953125
128,4,87,1803.107199,14.0867749921875,70.98856910503633,0.24651856236328126
128,4,88,1808.983481,14.1326834453125,70.75797061963331,0.24732196029296877
128,4,89,1809.199278,14.134369359375,70.74953077667544,0.2473514637890625
128,4,90,1809.954469,14.1402692890625,70.72001102365851,0.24745471255859375
128,4,91,1805.901933,14.1086088515625,70.87871033360258,0.24690065490234378
128,4,92,1804.315568,14.096215375,70.94102731812154,0.2466837690625
128,4,93,1812.288234,14.158501828125,70.62894168742916,0.2477737819921875
128,4,94,1805.759564,14.10749659375,70.88429852558156,0.246881190390625
128,4,95,1806.238998,14.111242171875,70.86548354992388,0.2469467380078125
128,4,96,1795.491243,14.0272753359375,71.28968214076664,0.24547731837890624
128,4,97,1807.148278,14.118345921875,70.82982705860731,0.24707105363281248
128,4,98,1807.87522,14.12402515625,70.80134656638526,0.24717044023437498
128,4,99,1796.881651,14.0381378984375,71.23451893938896,0.24566741322265626
128,4,100,1809.205095,14.1344148046875,70.74930330107212,0.24735225908203126
128,4,101,1796.867777,14.0380295078125,71.23506895632867,0.24566551638671874
128,4,102,1816.180687,14.1889116171875,70.47756917371073,0.24830595330078126
128,4,103,1820.451956,14.22228090625,70.31220987630392,0.248889915859375
128,4,104,1807.249719,14.1191384296875,70.82585137754282,0.24708492251953124
128,4,105,1816.023919,14.1876868671875,70.48365313959282,0.24828452017578123
128,4,106,1826.398461,14.2687379765625,70.083282883362,0.24970291458984376
128,4,107,1832.040809,14.3128188203125,69.86743929021289,0.25047432935546876
128,4,108,1827.246206,14.275360984375,70.05076796968869,0.24981881722656252
128,4,109,1824.104037,14.2508127890625,70.17143617011796,0.24938922380859377
128,4,110,1807.299092,14.11952415625,70.8239165097749,0.24709167273437502
128,4,111,1809.591486,14.137433484375,70.73419663514045,0.2474050859765625
128,4,112,1811.083185,14.1490873828125,70.67593640101076,0.24760902919921876
128,4,113,1784.689042,13.942883140625,71.7211777445317,0.2440004549609375
128,4,114,1797.753826,14.044951765625,71.19995972129279,0.24578665589843748
128,4,115,1805.469138,14.105227640625,70.8957009045258,0.2468414837109375
128,4,116,1791.167004,13.99349221875,71.46178983542733,0.244886113828125
128,4,117,1785.493713,13.9491696328125,71.68885505899286,0.24411046857421878
128,4,118,1800.172151,14.0638449296875,71.10431073433487,0.24611728626953122
128,4,119,1787.891488,13.96790225,71.59271178318849,0.244438289375
128,4,120,1805.415983,14.1048123671875,70.89778821349894,0.24683421642578124
128,4,121,1782.165283,13.9231662734375,71.82274350251721,0.24365540978515626
128,4,122,1795.410055,14.0266410546875,71.29290584261544,0.24546621845703126
128,4,123,1802.881039,14.0850081171875,70.9974741711175,0.24648764205078127
128,4,124,1807.564276,14.12159590625,70.81352608010936,0.247127928359375
128,4,125,1794.516001,14.0196562578125,71.32842500633686,0.24534398451171877
128,4,126,1800.08354,14.06315265625,71.10781091859769,0.246105171484375
128,4,127,1787.944532,13.96831665625,71.59058780018127,0.24444554148437497
128,4,128,1808.838758,14.131552796875,70.76363187923243,0.2473021739453125
128,4,129,1810.17936,14.14202625,70.71122499153896,0.247485459375
128,4,130,1799.101807,14.0554828671875,71.146612994314,0.24597095017578124
128,4,131,1802.757824,14.0840455,71.00232671074515,0.24647079625
128,4,132,1804.978099,14.1013913984375,70.91498787210493,0.24677434947265625
128,4,133,1799.189294,14.056166359375,71.14315343408218,0.24598291128906252
128,4,134,1809.760422,14.138753296875,70.7275937986006,0.2474281826953125
128,4,135,1798.274093,14.0490163515625,71.17936053144263,0.24585778615234374
128,4,136,1800.976905,14.0701320703125,71.07253826777973,0.24622731123046876
128,4,137,1808.456278,14.128564671875,70.77859805466638,0.2472498817578125
128,4,138,1803.188581,14.0874107890625,70.98536522952837,0.24652968880859377
128,4,139,1807.694486,14.122613171875,70.8084253126388,0.24714573050781252
128,4,140,1796.669692,14.03648196875,71.24292270857764,0.245638434453125
128,4,141,1795.372696,14.0263491875,71.29438934054059,0.24546111078125
128,4,142,1788.455549,13.9723089765625,71.57013215764302,0.24451540708984376
128,4,143,1787.283981,13.9631561015625,71.6170465134382,0.24435523177734375
128,4,144,1806.318673,14.1118646328125,70.86235774079273,0.24695763107421873
128,4,145,1797.594881,14.0437100078125,71.20625528750602,0.24576492513671874
128,4,146,1810.98343,14.148308046875,70.67982946702058,0.2475953908203125
128,4,147,1812.169998,14.157578109375,70.63354991047589,0.2477576169140625
128,4,148,1801.715687,14.0759038046875,71.04339542779371,0.24632831658203122
128,4,149,1808.482858,14.128772328125,70.7775577931411,0.2472535157421875
128,4,150,1811.481664,14.1522005,70.66038952740954,0.24766350874999998
128,4,151,1809.030525,14.1330509765625,70.75613055230232,0.24732839208984372
128,4,152,1813.986865,14.1717723828125,70.5628042130283,0.24800601669921873
128,4,153,1806.958075,14.1168599609375,70.83728270784589,0.24704504931640625
128,4,154,1813.115538,14.164965140625,70.59671450457782,0.2478868899609375
128,4,155,1777.169991,13.8841405546875,72.02462378288043,0.24297245970703124
128,4,156,1780.22037,13.907971640625,71.90121074729642,0.2433895037109375
128,4,157,1787.773064,13.9669770625,71.59745416099412,0.24442209859375
128,4,158,1792.530445,14.0041441015625,71.40743430999298,0.24507252177734376
128,4,159,1800.563898,14.066905453125,71.08884063607944,0.2461708454296875
128,4,160,1810.900826,14.147662703125,70.68305351802849,0.2475840973046875
128,4,161,1797.293478,14.041355296875,71.21819645305584,0.2457237176953125
128,4,162,1793.703947,14.0133120859375,71.36071714291656,0.24523296150390625
128,4,163,1801.503399,14.0742453046875,71.05176713574438,0.24629929283203125
128,4,164,1784.399797,13.9406234140625,71.7328034979596,0.24396090974609377
128,4,165,1772.94285,13.851116015625,72.1963485737851,0.2423945302734375
128,4,166,1775.064318,13.867689984375,72.11006311265393,0.2426845747265625
128,4,167,1780.966478,13.913800609375,71.87108886167367,0.2434915106640625
128,4,168,1775.099028,13.86796115625,72.10865308411401,0.242689320234375
128,4,169,1772.904863,13.8508192421875,72.19789548290049,0.24238933673828125
128,4,170,1773.372868,13.85447553125,72.178841973802,0.242453321796875
128,4,171,1777.88308,13.8897115625,71.99573551259624,0.24306995234375
128,4,172,1785.472646,13.949005046875,71.68970092415519,0.24410758832031249
128,4,173,1767.915249,13.8118378828125,72.40166069748065,0.24170716294921873
128,4,174,1780.948349,13.9136589765625,71.87182046681579,0.24348903208984377
128,4,175,1791.11794,13.99310890625,71.46374738449663,0.24487940585937504
128,4,176,1793.238902,14.009678921875,71.37922329101914,0.2451693811328125
128,4,177,1792.660856,14.0051629375,71.40223962139106,0.24509035140625
128,4,178,1799.565066,14.059102078125,71.1282978417186,0.2460342863671875
128,4,179,1790.49456,13.98823875,71.48862825922241,0.244794178125
128,4,180,1794.625373,14.0205107265625,71.3240779528419,0.24535893771484377
128,4,181,1797.051963,14.0394684609375,71.22776783055104,0.24569069806640625
128,4,182,1809.882723,14.1397087734375,70.72281445276828,0.24744490353515625
128,4,183,1806.190349,14.1108621015625,70.8673922828053,0.24694008677734375
128,4,184,1811.017225,14.1485720703125,70.67851052603875,0.24760001123046876
128,4,185,1812.708866,14.161788015625,70.61255251785148,0.2478312902734375
128,4,186,1813.310776,14.1664904375,70.58911340192687,0.24791358265625002
128,4,187,1813.3647,14.16691171875,70.587014294477,0.247920955078125
128,4,188,1809.470179,14.1364857734375,70.73893866034253,0.24738850103515625
128,4,189,1813.73164,14.1697784375,70.57273368181414,0.24797112265625001
128,4,190,1816.484232,14.1912830625,70.46579196510196,0.24834745359375002
128,4,191,1815.228603,14.1814734609375,70.51453452664661,0.24817578556640627
128,4,192,1807.472811,14.1208813359375,70.81710951390903,0.24711542337890627
128,4,193,1817.87619,14.202157734375,70.41183591276368,0.2485377603515625
128,4,194,1819.892641,14.2179112578125,70.33381921345986,0.24881344701171876
128,4,195,1805.120447,14.1025034921875,70.9093956653852,0.24679381111328128
128,4,196,1799.78706,14.06083640625,71.11952455086548,0.246064637109375
128,4,197,1811.69727,14.153884921875,70.65198039405337,0.2476929861328125
128,4,198,1795.835198,14.029962484375,71.27602808016685,0.24552434347656252
128,4,199,1801.032062,14.070562984375,71.07036165578268,0.24623485222656252
128,4,200,1787.601138,13.965633890625,71.60434018475098,0.2443985930859375
128,4,201,1780.581338,13.910791703125,71.88663458855144,0.2434388548046875
128,4,202,1796.312314,14.033689953125,71.25709655409065,0.2455895741796875
128,4,203,1780.940868,13.91360053125,71.87212237076925,0.243488009296875
128,4,204,1788.835393,13.9752765078125,71.55493484804948,0.24456733888671878
128,4,205,1798.854354,14.053549640625,71.15640002503504,0.2459371187109375
128,4,206,1784.739691,13.9432788359375,71.71914237435985,0.24400737962890626
128,4,207,1794.166336,14.0169245,71.34232620001627,0.24529617874999998
128,4,208,1775.889563,13.8741372109375,72.07655400810529,0.24279740119140625
128,4,209,1791.341019,13.9948517109375,71.45484787226881,0.24490990494140624
128,4,210,1762.341033,13.7682893203125,72.63066432840641,0.24094506310546873
128,4,211,1770.250221,13.8300798515625,72.3061624179286,0.24202639740234375
128,4,212,1754.867259,13.7099004609375,72.93998981606164,0.23992325806640627
128,4,213,1758.165736,13.7356698125,72.80314783702508,0.24037422171875
128,4,214,1762.18921,13.767103203125,72.63692188876811,0.24092430605468748
128,4,215,1761.787396,13.76396403125,72.65348832135703,0.240869370546875
128,4,216,1761.937444,13.76513628125,72.64730109226285,0.240889884921875
128,4,217,1756.278338,13.720924515625,72.8813862988043,0.2401161790234375
128,4,218,1766.45034,13.80039328125,72.46170305585834,0.241506882421875
128,4,219,1795.136408,14.0245031875,71.30377359044684,0.24542880578125
128,4,220,1782.451068,13.92539896875,71.81122797588068,0.24369448195312501
128,4,221,1778.74463,13.896442421875,71.96086376941024,0.2431877423828125
128,4,222,1793.646488,14.0128631875,71.36300316498041,0.24522510578125004
128,4,223,1780.395083,13.9093365859375,71.8941549671759,0.24341339025390626
128,4,224,1796.46576,14.03488875,71.25101009439778,0.245610553125
128,4,225,1778.451186,13.894149890625,71.97273729389838,0.24314762308593751
128,4,226,1774.521672,13.8634505625,72.13211425912638,0.24261038484375
128,4,227,1773.011414,13.851651671875,72.19355667385456,0.24240390425781252
128,4,228,1772.966735,13.8513026171875,72.19537596118519,0.24239779580078125
128,4,229,1783.859499,13.9364023359375,71.75453003543976,0.24388704087890625
128,4,230,1785.883577,13.9522154453125,71.67320515653076,0.24416377029296876
128,4,231,1785.658013,13.9504532265625,71.68225890295378,0.24413293146484374
128,4,232,1793.400013,14.0109376015625,71.37281090228252,0.24519140802734377
128,4,233,1800.525525,14.0666056640625,71.09035568934797,0.24616559912109376
128,4,234,1804.49644,14.0976284375,70.9339166111073,0.24670849765625
128,4,235,1794.513825,14.0196392578125,71.32851149809336,0.24534368701171874
128,4,236,1783.055966,13.930124734375,71.78686616727319,0.2437771828515625
128,4,237,1803.637125,14.0909150390625,70.96771197809537,0.24659101318359375
128,4,238,1808.608975,14.1297576171875,70.77262236852496,0.24727075830078127
128,4,239,1797.676918,14.044350921875,71.2030057894975,0.2457761411328125
128,4,240,1786.237236,13.95497840625,71.65901450281939,0.244212122109375
128,4,241,1805.403887,14.1047178671875,70.89826322058872,0.24683256267578124
128,4,242,1811.400886,14.151569421875,70.66354057199021,0.2476524648828125
128,4,243,1803.26103,14.087976796875,70.98251327485295,0.24653959394531247
128,4,244,1802.081618,14.078762640625,71.02896934382913,0.2463783462109375
128,4,245,1802.753406,14.084010984375,71.00250071584111,0.24647019222656252
128,4,246,1805.383109,14.1045555390625,70.89907918264454,0.24682972193359376
128,4,247,1806.453268,14.11291615625,70.85707793687581,0.246976032734375
128,4,248,1806.624852,14.11425665625,70.85034829355929,0.246999491484375
128,4,249,1793.893669,14.0147942890625,71.35317004120604,0.24525890005859374
128,4,250,1810.141757,14.1417324765625,70.71269391196084,0.24748031833984377
128,4,251,1797.781179,14.0451654609375,71.19887642343596,0.24579039556640625
128,4,252,1811.477178,14.152165453125,70.66056451305731,0.24766289542968753
128,4,253,1804.163013,14.0950235390625,70.94702589382925,0.24666291193359377
128,4,254,1836.314273,14.3462052578125,69.70484403570282,0.25105859201171876
128,4,255,1803.962403,14.0934562734375,70.95491557204033,0.24663548478515626
128,4,256,1795.718942,14.029054234375,71.28064253609683,0.2455084491015625
128,4,257,1795.653596,14.02854371875,71.28323652464647,0.245499515078125
128,4,258,1796.426542,14.034582359375,71.25256558361406,0.2456051912890625
128,4,259,1789.004322,13.976596265625,71.5481781826573,0.24459043464843752
128,4,260,1807.741825,14.1229830078125,70.80657106553365,0.24715220263671875
128,4,261,1799.937052,14.06200821875,71.11359803264942,0.24608514382812502
128,4,262,1804.574073,14.0982349453125,70.93086502523413,0.24671911154296877
128,4,263,1802.720547,14.0837542734375,71.00379491042658,0.24646569978515623
128,4,264,1808.986954,14.132710578125,70.75783477430208,0.2473224351171875
128,4,265,1803.527087,14.0900553671875,70.97204190756909,0.24657596892578124
128,4,266,1805.306031,14.1039533671875,70.90210623685664,0.24681918392578125
128,4,267,1805.06471,14.102068046875,70.91158521402814,0.24678619082031253
128,4,268,1813.12975,14.165076171875,70.5961611407016,0.2478888330078125
128,4,269,1812.850998,14.162898421875,70.6070163191647,0.24785072238281247
128,4,270,1812.452903,14.1597883046875,70.62252474981966,0.24779629533203126
128,4,271,1816.809943,14.1938276796875,70.45315911726051,0.24839198439453125
128,4,272,1800.75998,14.06843734375,71.08109988095137,0.246197653515625
128,4,273,1805.590084,14.10617253125,70.89095201300408,0.246858019296875
128,4,274,1806.406866,14.112553640625,70.85889807506965,0.2469696887109375
128,4,275,1802.371168,14.08102475,71.01755857648074,0.246417933125
128,4,276,1800.446062,14.065984859375,71.0934932745572,0.2461547350390625
128,4,277,1786.370002,13.956015640625,71.65368868526264,0.24423027371093753
128,4,278,1788.313217,13.9711970078125,71.57582843050699,0.24449594763671875
128,4,279,1785.956722,13.952786890625,71.67026973456528,0.24417377058593748
128,4,280,1794.012463,14.0157223671875,71.34844525324795,0.24527514142578125
128,4,281,1782.367462,13.924745796875,71.8145964448716,0.2436830514453125
128,4,282,1809.655343,14.1379323671875,70.73170064958607,0.24741381642578125
128,4,283,1802.301071,14.0804771171875,71.020320666502,0.24640834955078125
128,4,284,1812.257857,14.1582645078125,70.63012556716977,0.24776962888671875
128,4,285,1811.410055,14.1516410546875,70.66318288710173,0.24765371845703127
128,4,286,1802.435219,14.0815251484375,71.0150349098344,0.24642669009765622
128,4,287,1786.840171,13.9596888359375,71.63483454055387,0.24429455462890626
128,4,288,1813.467925,14.1677181640625,70.5829963879841,0.24793506787109373
128,4,289,1803.688107,14.0913133359375,70.96570604598438,0.24659798337890623
128,4,290,1797.295791,14.0413733671875,71.21810479997947,0.24572403392578124
128,4,291,1780.14531,13.907385234375,71.9042424688353,0.24337924160156252
128,4,292,1789.086319,13.9772368671875,71.54489900271827,0.24460164517578126
128,4,293,1782.336002,13.924500015625,71.81586404379885,0.24367875027343752
128,4,294,1788.733571,13.9744810234375,71.55900804636936,0.24455341791015625
128,4,295,1776.80107,13.881258359375,72.03957840930387,0.24292202128906248
128,4,296,1781.156793,13.9152874453125,71.86340950052453,0.24351753029296877
128,4,297,1779.213467,13.9001052109375,71.94190150540267,0.24325184119140625
128,4,298,1778.628279,13.8955334296875,71.96557117149041,0.24317183501953124
128,4,299,1772.911845,13.8508737890625,72.19761115646446,0.24239029130859377
128,4,300,1775.352447,13.8699409921875,72.09836008410335,0.24272396736328125
128,4,301,1753.011845,13.6954050390625,73.01719059405443,0.23966958818359377
128,4,302,1765.338698,13.791708578125,72.50733252775497,0.2413549001171875
128,4,303,1768.373981,13.8154217265625,72.38287906024105,0.24176988021484375
128,4,304,1797.651572,14.04415290625,71.20400971673948,0.245772675859375
128,4,305,1781.205611,13.9156688359375,71.86143991997564,0.24352420462890625
128,4,306,1782.603009,13.9265860078125,71.80510711232621,0.24371525513671874
128,4,307,1785.226355,13.9470808984375,71.6995912823615,0.24407391572265624
128,4,308,1796.624291,14.0361272734375,71.24472302929583,0.24563222728515627
128,4,309,1800.166037,14.0637971640625,71.1045522297008,0.24611645037109375
128,4,310,1797.605321,14.0437915703125,71.20584174105257,0.24576635248046874
128,4,311,1795.013305,14.0235414453125,71.3086636424681,0.24541197529296874
128,4,312,1803.428879,14.0892881171875,70.97590677985366,0.24656254205078124
128,4,313,1794.325828,14.01817053125,71.33598480420468,0.245317984296875
128,4,314,1809.318565,14.1353012890625,70.74486631379919,0.24736777255859374
128,4,315,1804.043165,14.0940872265625,70.95173911761695,0.24664652646484375
128,4,316,1809.511495,14.1368085546875,70.7373235006722,0.24739414970703122
128,4,317,1811.409625,14.1516376953125,70.6631996614239,0.24765365966796876
128,4,318,1817.721974,14.200952921875,70.41780967104047,0.2485166761328125
128,4,319,1809.020982,14.132976421875,70.75650380709625,0.2473270873828125
128,4,320,1817.404085,14.1984694140625,70.43012671560051,0.24847321474609374
128,4,321,1806.394445,14.1124566015625,70.85938530994541,0.24696799052734375
128,4,322,1813.994022,14.171828296875,70.56252581189597,0.2480069951953125
128,4,323,1792.33991,14.002655546875,71.41502528948318,0.2450464720703125
128,4,324,1802.489475,14.0819490234375,71.0128973152534,0.24643410791015627
128,4,325,1800.338692,14.06514603125,71.09773320363655,0.24614005554687501
128,4,326,1796.692808,14.0366625625,71.24200610703396,0.24564159484375
128,4,327,1790.44614,13.98786046875,71.49056156472822,0.244787558203125
128,4,328,1789.393955,13.9796402734375,71.53259886808995,0.24464370478515624
128,4,329,1792.8939,14.00698359375,71.39295861288836,0.245122212890625
128,4,330,1797.755691,14.0449663359375,71.19988585812798,0.24578691087890628
128,4,331,1805.049881,14.1019521953125,70.91216777294146,0.24678416341796872
128,4,332,1821.256028,14.22856271875,70.28116751962783,0.24899984757812502
128,4,333,1814.521006,14.175945359375,70.54203262279566,0.2480790437890625
128,4,334,1802.708798,14.083662484375,71.00425767157098,0.24646409347656248
128,4,335,1819.865072,14.217695875,70.33488469523195,0.24880967781250002
128,4,336,1791.488998,13.996007796875,71.4489456217135,0.2449301364453125
128,4,337,1807.624772,14.12206853125,70.8111561551448,0.247136199296875
128,4,338,1813.596292,14.16872103125,70.57800049802925,0.247952618046875
128,4,339,1814.021249,14.1720410078125,70.56146672513427,0.24801071763671872
128,4,340,1803.965904,14.093483625,70.95477786812982,0.2466359634375
128,4,341,1792.065577,14.0005123203125,71.42595764507561,0.24500896560546878
128,4,342,1796.331808,14.03384225,71.25632326385883,0.245592239375
128,4,343,1778.844281,13.8972209453125,71.95683251602168,0.24320136654296876
128,4,344,1776.821201,13.8814156328125,72.03876221645781,0.24292477357421874
128,4,345,1789.524761,13.9806621953125,71.5273701652905,0.24466158841796876
128,4,346,1778.986095,13.8983288671875,71.95109639122839,0.24322075517578126
128,4,347,1778.882612,13.89752040625,71.9552820048589,0.24320660710937503
128,4,348,1775.456776,13.8707560625,72.09412345614885,0.24273823109374998
128,4,349,1781.108589,13.9149108515625,71.86535441495195,0.24351093990234374
128,4,350,1788.69796,13.9742028125,71.56043270715197,0.24454854921875
128,4,351,1789.92564,13.9837940625,71.51135060560394,0.24471639609374998
128,4,352,1762.072766,13.766193484375,72.64172199344917,0.2409083859765625
128,4,353,1780.05848,13.906706875,71.90774990718283,0.2433673703125
128,4,354,1762.686766,13.770990359375,72.61641856565683,0.2409923312890625
128,4,355,1773.731894,13.857280421875,72.16423205388898,0.24250240738281248
128,4,356,1765.318096,13.791547625,72.50817871863022,0.2413520834375
128,4,357,1781.842528,13.92064475,71.83575315360304,0.243611283125
128,4,358,1768.187493,13.8139647890625,72.39051317053966,0.24174438380859373
128,4,359,1778.169819,13.8919517109375,71.98412583112233,0.24310915494140625
128,4,360,1783.777269,13.9357599140625,71.75783783350812,0.24387579849609375
128,4,361,1779.997009,13.9062266328125,71.91023319298174,0.24335896607421872
128,4,362,1796.100172,14.03203259375,71.26551291260608,0.245560570390625
128,4,363,1804.68322,14.09908765625,70.92657513599535,0.24673403398437496
128,4,364,1800.530483,14.0666443984375,71.0901599326047,0.24616627697265625
128,4,365,1800.286845,14.0647409765625,71.09978076854748,0.24613296708984375
128,4,366,1797.599031,14.0437424296875,71.20609089825439,0.24576549251953125
128,4,367,1806.678611,14.1146766484375,70.84824009133077,0.24700684134765627
128,4,368,1796.772194,14.037282765625,71.23885845263699,0.24565244839843747
128,4,369,1799.329797,14.0572640390625,71.13759812871035,0.24600212068359378
128,4,370,1800.902208,14.0695485,71.07548618209036,0.24621709875
128,4,371,1803.138139,14.0870167109375,70.9873510140423,0.24652279244140624
128,4,372,1811.604173,14.1531576015625,70.65561114712668,0.24768025802734375
128,4,373,1809.421942,14.136108921875,70.74082447486978,0.2473819061328125
128,4,374,1799.64911,14.059758671875,71.1249761349311,0.24604577675781253
128,4,375,1803.178891,14.0873350859375,70.98574669372613,0.24652836400390626
128,4,376,1812.679874,14.161561515625,70.61368189494226,0.24782732652343747
128,4,377,1812.932306,14.163533640625,70.60384967291769,0.2478618387109375
128,4,378,1822.921592,14.2415749375,70.21695313815779,0.24922756140624996
128,4,379,1797.523635,14.0431533984375,71.20907759301868,0.24575518447265626
128,4,380,1800.281516,14.06469934375,71.09999123048264,0.24613223851562502
128,4,381,1803.092333,14.0866588515625,70.98915438624961,0.24651652990234377
128,4,382,1794.344566,14.018316921875,71.33523985604447,0.24532054613281248
128,4,383,1795.346202,14.026142203125,71.29544143486595,0.2454574885546875
128,4,384,1779.396821,13.9015376640625,71.93448841167734,0.24327690912109376
128,4,385,1809.747774,14.138654484375,70.7280881009665,0.2474264534765625
128,4,386,1802.581956,14.08267153125,71.00925401696409,0.246446751796875
128,4,387,1806.294041,14.1116721953125,70.86332407382392,0.24695426341796878
128,4,388,1793.655251,14.0129316484375,71.36265451715839,0.24522630384765623
128,4,389,1802.811723,14.0844665859375,71.00020394087485,0.24647816525390623
128,4,390,1804.912166,14.100876296875,70.91757837926835,0.2467653351953125
128,4,391,1794.217074,14.017320890625,71.34030873680116,0.24530311558593748
128,4,392,1790.718322,13.989986890625,71.47969528621375,0.2448247705859375
128,4,393,1799.055126,14.055118171875,71.14845907173164,0.2459645680078125
128,4,394,1788.074757,13.9693340390625,71.58537387707219,0.24446334568359376
128,4,395,1786.731712,13.9588415,71.6391829508201,0.24427972625000002
128,4,396,1794.322269,14.0181427265625,71.33612629761103,0.24531749771484374
128,4,397,1791.832557,13.9986918515625,71.43524627898587,0.24497710740234374
128,4,398,1800.44005,14.065937890625,71.09373066878845,0.24615391308593748
128,4,399,1797.859342,14.045776109375,71.19578101010308,0.2458010819140625
128,4,400,1799.632892,14.05963196875,71.12561710169054,0.246043559453125
128,4,401,1805.494172,14.10542321875,70.89471790330431,0.24684490632812497
128,4,402,1820.040817,14.2190688828125,70.32809308693652,0.24883370544921876
128,4,403,1839.448818,14.370693890625,69.58606227444378,0.2514871430859375
128,4,404,1800.496706,14.066380515625,71.09149357144118,0.2461616590234375
128,4,405,1832.088488,14.3131913125,69.8656210321649,0.25048084796875003
128,4,406,1804.006305,14.0937992578125,70.95318882491378,0.24664148701171876
128,4,407,1799.131816,14.0557173125,71.14542628932087,0.24597505296875002
128,4,408,1806.477562,14.113105953125,70.85612503168196,0.2469793541796875
128,4,409,1803.420424,14.0892220625,70.976239537143,0.24656138609375
128,4,410,1823.842609,14.2487703828125,70.18149448223578,0.24935348169921875
128,4,411,1807.14094,14.11828859375,70.83011466720465,0.247070050390625
128,4,412,1811.869249,14.1552285078125,70.64527424958797,0.24771649888671876
128,4,413,1823.253908,14.24417115625,70.20415502106798,0.24927299523437496
128,4,414,1812.910445,14.1633628515625,70.60470105019446,0.24785884990234375
128,4,415,1807.386808,14.1202094375,70.82047928724288,0.24710366515625
128,4,416,1825.786136,14.2639541875,70.10678714015606,0.24961919828124998
128,4,417,1795.528793,14.0275686953125,71.28819125542144,0.24548245216796874
128,4,418,1794.589079,14.0202271796875,71.32552042015408,0.24535397564453126
128,4,419,1799.094456,14.0554254375,71.14690369542221,0.24596994515624998
128,4,420,1798.617583,14.0516998671875,71.16576709235918,0.24590474767578124
128,4,421,1789.771529,13.9825900703125,71.5175081992267,0.24469532623046877
128,4,422,1781.11207,13.914938046875,71.86521396152237,0.2435114158203125
128,4,423,1713.198382,13.384362359375,74.71405608647136,0.2342263412890625
128,4,424,1779.740479,13.9042224921875,71.9205982615626,0.24332389361328124
128,4,425,1793.653194,14.012915578125,71.36273635738303,0.2452260226171875
128,4,426,1786.498754,13.957021515625,71.6485246426318,0.2442478765234375
128,4,427,1795.597417,14.0281048203125,71.28546676896896,0.24549183435546873
128,4,428,1799.26712,14.056774375,71.14007618835385,0.2459935515625
128,4,429,1807.982077,14.1248599765625,70.79716200084876,0.24718504958984375
128,4,430,1805.111705,14.1024351953125,70.90973907346083,0.24679261591796875
128,4,431,1795.714994,14.029023390625,71.28079925137608,0.2455079093359375
128,4,432,1787.830403,13.9674250234375,71.59515789932566,0.24442993791015624
128,4,433,1796.022592,14.0314265,71.26859125834426,0.24554996375000002
128,4,434,1787.566074,13.965359953125,71.60574473959277,0.2443937991796875
128,4,435,1783.810694,13.936021046875,71.75649323694435,0.2438803683203125
128,4,436,1796.890333,14.0382057265625,71.23417475695217,0.24566860021484377
128,4,437,1793.819353,14.0142136953125,71.3561261260403,0.24524873966796876
128,4,438,1799.118759,14.0556153046875,71.14594262312397,0.24597326783203124
128,4,439,1801.888722,14.077255640625,71.03657314527551,0.2463519737109375
128,4,440,1790.577703,13.9888883046875,71.48530878360883,0.24480554533203125
128,4,441,1795.681626,14.028762703125,71.2821238167528,0.2455033473046875
128,4,442,1807.940336,14.124533875,70.79879653727689,0.24717934281249998
128,4,443,1807.316301,14.1196586015625,70.8232421348586,0.24709402552734375
128,4,444,1796.403435,14.0344018359375,71.25348209991594,0.24560203212890624
128,4,445,1810.835565,14.1471528515625,70.68560087619,0.24757517490234376
128,4,446,1814.845608,14.1784813125,70.52941552480534,0.24812342296875
128,4,447,1808.203112,14.1265868125,70.78850774591523,0.24721526921875
128,4,448,1802.442428,14.08158146875,71.0147508800209,0.24642767570312502
128,4,449,1815.853377,14.1863545078125,70.49027284982162,0.24826120388671874
128,4,450,1797.962096,14.046578875,71.19171215275719,0.2458151303125
128,4,451,1803.246901,14.0878664140625,70.98306944490903,0.24653766224609375
128,4,452,1792.881792,14.006889,71.3934407561879,0.2451205575
128,4,453,1808.162477,14.1262693515625,70.79009858249592,0.24720971365234376
128,4,454,1814.856104,14.1785633125,70.52900762649114,0.24812485796875
128,4,455,1805.441635,14.1050127734375,70.89678088652254,0.24683772353515623
128,4,456,1808.002747,14.1250214609375,70.79635261195762,0.24718787556640626
128,4,457,1806.430093,14.1127351015625,70.85798697442316,0.24697286427734375
128,4,458,1813.434636,14.16745809375,70.58429207150094,0.247930516640625
128,4,459,1803.031517,14.0861837265625,70.99154884046322,0.24650821521484376
128,4,460,1803.017783,14.0860764296875,70.99208959937363,0.24650633751953127
128,4,461,1804.135809,14.0948110078125,70.94809568185894,0.24665919263671876
128,4,462,1802.571778,14.082592015625,71.00965496198954,0.2464453602734375
128,4,463,1800.159122,14.063743140625,71.10482536554343,0.2461155049609375
128,4,464,1793.31049,14.010238203125,71.37637387042776,0.24517916855468752
128,4,465,1797.550433,14.0433627578125,71.20801600340968,0.24575884826171876
128,4,466,1804.857065,14.1004458203125,70.9197434423983,0.24675780185546872
128,4,467,1800.738366,14.068268484375,71.08195305702728,0.2461946984765625
128,4,468,1811.604333,14.1531588515625,70.65560490685799,0.24768027990234376
128,4,469,1929.361407,15.0731359921875,66.34319497404563,0.2637798798632813
128,4,470,1816.815781,14.1938732890625,70.45293272912186,0.24839278255859376
128,4,471,1810.164428,14.14190959375,70.71180828662268,0.247483417890625
128,4,472,1817.429026,14.198664265625,70.42916018663828,0.2484766246484375
128,4,473,1804.251502,14.095714859375,70.94354631719187,0.2466750100390625
128,4,474,1797.739626,14.044840828125,71.2005221160987,0.2457847144921875
128,4,475,1797.201029,14.0406330390625,71.22185995587921,0.24571107818359378
128,4,476,1794.486309,14.0194242890625,71.32960522353031,0.24533992505859373
128,4,477,1795.409079,14.0266334296875,71.29294459805948,0.24546608501953124
128,4,478,1800.651325,14.0675884765625,71.08538906053897,0.24618279833984374
128,4,479,1815.083756,14.18034184375,70.5201617153363,0.248155982265625
128,4,480,1805.913835,14.1087018359375,70.87824320256121,0.24690228212890625
128,4,481,1798.642416,14.051893875,71.16478454047534,0.24590814281249998
128,4,482,1793.205499,14.0094179609375,71.38055291007113,0.24516481431640624
128,4,483,1792.424184,14.0033139375,71.41166758548935,0.24505799390625
128,4,484,1816.754482,14.193394390625,70.45530987714386,0.2483844018359375
128,4,485,1811.407162,14.151618453125,70.66329574333437,0.2476533229296875
128,4,486,1805.732917,14.1072884140625,70.88534455729811,0.24687754724609376
128,4,487,1801.235096,14.0721491875,71.06235065275455,0.24626261078125
128,4,488,1808.378113,14.1279540078125,70.78165737565526,0.24723919513671874
128,4,489,1802.104022,14.078937671875,71.02808630211247,0.2463814092578125
128,4,490,1798.795263,14.0530879921875,71.15873753554575,0.24592903986328124
128,4,491,1805.072104,14.1021258125,70.9112947434924,0.24678720171875
128,4,492,1802.823965,14.0845622265625,70.99972181698838,0.24647983896484377
128,4,493,1796.729668,14.03695053125,71.24054457367596,0.245646634296875
128,4,494,1804.075806,14.094342234375,70.95045539344703,0.24665098910156252
128,4,495,1801.691211,14.0757125859375,71.04436055330238,0.24632497025390626
128,4,496,1806.42912,14.1127275,70.8580251407816,0.24697273125000002
128,4,497,1798.373959,14.0497965546875,71.17540785075391,0.24587143970703124
128,4,498,1800.075551,14.0630902421875,71.10812650551911,0.24610407923828123
128,4,499,1799.996169,14.0624700703125,71.11126245958138,0.24609322623046875
128,4,500,1801.749905,14.0761711328125,71.04204620452028,0.24633299482421872
128,5,1,1818.684661,14.2084739140625,70.38053530930395,0.24864829349609374
128,5,2,1815.994072,14.1874536875,70.48481158257877,0.24828043953124998
128,5,3,1810.399828,14.14374865625,70.70261387585593,0.247515601484375
128,5,4,1809.287708,14.13506021875,70.74607285178107,0.24736355382812503
128,5,5,1811.768888,14.1544444375,70.6491875690052,0.24770277765625
128,5,6,1821.084903,14.2272258046875,70.28777175031031,0.24897645158203124
128,5,7,1804.574985,14.0982420703125,70.93082917804051,0.24671923623046874
128,5,8,1818.6571,14.20825859375,70.38160189735603,0.24864452539062498
128,5,9,1807.564183,14.1215951796875,70.81352972349751,0.24712791564453124
128,5,10,1813.912589,14.1711921015625,70.56569361512932,0.24799586177734376
128,5,11,1799.39167,14.057747421875,71.13515202612892,0.2460105798828125
128,5,12,1809.434425,14.1362064453125,70.74033644518508,0.24738361279296872
128,5,13,1803.00241,14.085956328125,70.99269490161136,0.24650423574218752
128,5,14,1799.767868,14.06068646875,71.12028294084423,0.24606201320312499
128,5,15,1800.229406,14.064292234375,71.10204931293073,0.24612511410156251
128,5,16,1813.355617,14.1668407578125,70.58736786100572,0.24791971326171874
128,5,17,1804.149541,14.0949182890625,70.94755567160605,0.24666107005859372
128,5,18,1813.35279,14.166818671875,70.58747790605048,0.24791932675781247
128,5,19,1818.46826,14.20678328125,70.38891071983846,0.248618707421875
128,5,20,1811.197433,14.1499799453125,70.67147825402202,0.24762464904296877
128,5,21,1800.057124,14.06294628125,71.10885443211079,0.246101559921875
128,5,22,1811.248456,14.1503785625,70.66948743336845,0.24763162484375
128,5,23,1806.472008,14.1130625625,70.85634287890943,0.24697859484374998
128,5,24,1792.863935,14.0067494921875,71.39415183785265,0.24511811611328127
128,5,25,1814.432684,14.17525534375,70.54546643076233,0.248066968515625
128,5,26,1821.742406,14.232362546875,70.26240349811563,0.24906634457031251
128,5,27,1810.218129,14.1423291328125,70.7097105864859,0.24749075982421878
128,5,28,1807.414641,14.1204268828125,70.81938869831252,0.24710747044921877
128,5,29,1798.582332,14.05142446875,71.16716189337058,0.245899928203125
128,5,30,1797.045425,14.0394173828125,71.22802697099323,0.24568980419921874
128,5,31,1798.324377,14.0494091953125,71.17737024369993,0.24586466091796874
128,5,32,1806.902337,14.1164245078125,70.83946784446492,0.24703742888671873
128,5,33,1803.705576,14.0914498125,70.96501873873456,0.24660037171875002
128,5,34,1803.53873,14.090146328125,70.97158373748924,0.2465775607421875
128,5,35,1805.601999,14.1062656171875,70.89048421019166,0.24685964830078125
128,5,36,1800.852973,14.0691638515625,71.07742937324178,0.24621036740234375
128,5,37,1796.793883,14.0374522109375,71.23799853230021,0.24565541369140625
128,5,38,1802.004441,14.0781596953125,71.03201140224049,0.24636779466796876
128,5,39,1809.260625,14.1348486328125,70.74713185669422,0.24735985107421873
128,5,40,1802.464204,14.08175159375,71.01389293387598,0.24643065289062502
128,5,41,1785.315283,13.9477756484375,71.69601986765718,0.2440860738476562
128,5,42,1777.376615,13.8857548046875,72.01625075954992,0.24300070908203125
128,5,43,1768.547417,13.8167766953125,72.37578069415144,0.24179359216796875
128,5,44,1793.80146,14.01407390625,71.35683789665329,0.24524629335937498
128,5,45,1796.487861,14.0350614140625,71.25013354042362,0.24561357474609374
128,5,46,1789.523933,13.9806557265625,71.5274032604961,0.24466147521484374
128,5,47,1806.884897,14.1162882578125,70.84015158492966,0.24703504451171876
128,5,48,1792.452946,14.003538640625,71.41052170191809,0.2450619262109375
128,5,49,1794.326712,14.0181774375,71.33594965954005,0.24531810515625
128,5,50,1787.863042,13.967680015625,71.5938508672411,0.2444344002734375
128,5,51,1788.738115,13.9745165234375,71.55882626227819,0.24455403916015628
128,5,52,1792.887373,14.0069326015625,71.39321851869609,0.24512132052734376
128,5,53,1777.440253,13.8862519765625,72.01367234930062,0.24300940958984377
128,5,54,1781.198504,13.9156133125,71.86172664784587,0.24352323296875
128,5,55,1775.350686,13.869927234375,72.09843159967102,0.2427237266015625
128,5,56,1790.176504,13.9857539375,71.50132945773485,0.24475069390625
128,5,57,1784.676871,13.9427880546875,71.72166686302062,0.24399879095703125
128,5,58,1792.200592,14.001567125,71.42057678775726,0.2450274246875
128,5,59,1780.507297,13.9102132578125,71.88962393789055,0.24342873201171875
128,5,60,1793.140031,14.0089064921875,71.38315903226858,0.24515586361328123
128,5,61,1799.769648,14.060700375,71.12021260178514,0.24606225656249997
128,5,62,1790.347682,13.987091265625,71.49449310148016,0.2447740971484375
128,5,63,1773.50526,13.85550984375,72.17345383007209,0.242471422265625
128,5,64,1789.333266,13.979166140625,71.53502504658626,0.2446354074609375
128,5,65,1707.037204,13.33622815625,74.98372015563875,0.233383992734375
128,5,66,1774.990416,13.867112625,72.11306542626424,0.24267447093750003
128,5,67,1789.486272,13.9803615,71.52890860511725,0.24465632625
128,5,68,1770.512439,13.8321284296875,72.29545366667712,0.24206224751953126
128,5,69,1776.880218,13.881876703125,72.03636953315443,0.2429328423046875
128,5,70,1792.248181,14.0019389140625,71.41868037973475,0.24503393099609375
128,5,71,1795.138403,14.0245187734375,71.30369434807307,0.24542907853515625
128,5,72,1778.37834,13.89358078125,71.97568544385219,0.243137663671875
128,5,73,1786.274811,13.9552719609375,71.65750712699268,0.24421725931640625
128,5,74,1782.16527,13.923166171875,71.82274402642804,0.2436554080078125
128,5,75,1789.832903,13.9830695546875,71.51505583870697,0.24470371720703124
128,5,76,1801.808,14.076625,71.03975562324065,0.2463409375
128,5,77,1805.954028,14.10901584375,70.8766657486588,0.24690777726562502
128,5,78,1789.720509,13.9821914765625,71.5195469663135,0.24468835083984375
128,5,79,1795.39529,14.026525703125,71.29349214233486,0.2454641998046875
128,5,80,1792.96554,14.00754328125,71.39010602512751,0.245132007421875
128,5,81,1795.651178,14.028524828125,71.28333251370495,0.24549918449218752
128,5,82,1785.615309,13.9501196015625,71.68397322471657,0.24412709302734376
128,5,83,1783.85178,13.93634203125,71.7548405282865,0.243885985546875
128,5,84,1788.640192,13.9737515,71.56274390595824,0.24454065125
128,5,85,1796.574964,14.03574190625,71.24667913384103,0.24562548335937498
128,5,86,1813.456093,14.1676257265625,70.58345691085889,0.24793345021484375
128,5,87,1806.911516,14.11649621875,70.83910798430043,0.247038683828125
128,5,88,1788.933705,13.9760445703125,71.5510025006768,0.24458077998046876
128,5,89,1814.992298,14.179627328125,70.52371524719275,0.2481434782421875
128,5,90,1808.139167,14.1260872421875,70.7910111876914,0.24720652673828128
128,5,91,1809.345781,14.1355139140625,70.74380217652825,0.24737149349609378
128,5,92,1816.526722,14.191615015625,70.4641437143692,0.2483532627734375
128,5,93,1791.367741,13.9950604765625,71.45378197362548,0.24491355833984374
128,5,94,1802.38832,14.08115875,71.01688275476619,0.246420278125
128,5,95,1800.867411,14.0692766484375,71.07685952788891,0.24621234134765624
128,5,96,1805.032706,14.101818015625,70.91284250668863,0.2467818152734375
128,5,97,1792.883935,14.0069057421875,71.39335542096873,0.24512085048828125
128,5,98,1785.670094,13.950547609375,71.681773934665,0.24413458316406253
128,5,99,1795.060656,14.023911375,71.3067826271827,0.24541844906250002
128,5,100,1800.364437,14.0653471640625,71.09671651440202,0.24614357537109374
128,5,101,1800.973913,14.0701086953125,71.07265634224653,0.24622690216796875
128,5,102,1806.537815,14.1135766796875,70.85376178521898,0.24698759189453126
128,5,103,1796.913186,14.038384265625,71.23326880634288,0.2456717246484375
128,5,104,1813.806109,14.1703602265625,70.56983619410667,0.24798130396484377
128,5,105,1803.446373,14.0894247890625,70.97521829111798,0.24656493380859373
128,5,106,1804.13949,14.094839765625,70.94795092590097,0.2466596958984375
128,5,107,1779.068958,13.898976234375,71.94774515311396,0.24323208410156252
128,5,108,1791.629059,13.9971020234375,71.44336008450507,0.24494928541015626
128,5,109,1801.853868,14.07698334375,71.03794723490861,0.246347208515625
128,5,110,1806.26056,14.111410625,70.8646376024509,0.2469496859375
128,5,111,1791.16533,13.993479140625,71.46185662269379,0.24488588496093752
128,5,112,1786.242051,13.9550160234375,71.6588213385421,0.24421278041015626
128,5,113,1780.677059,13.9115395234375,71.88277029406038,0.24345194166015624
128,5,114,1792.414259,14.0032363984375,71.41206300791876,0.24505663697265623
128,5,115,1787.053308,13.96135396875,71.62629084817429,0.244323694453125
128,5,116,1780.586354,13.910830890625,71.8864320803393,0.2434395405859375
128,5,117,1775.552139,13.8715010859375,72.09025135814387,0.24275126900390623
128,5,118,1775.983806,13.874873484375,72.07272924874857,0.24281028597656248
128,5,119,1781.06479,13.914568671875,71.86712168960457,0.24350495175781248
128,5,120,1775.977096,13.8748210625,72.07300155406959,0.24280936859375002
128,5,121,1794.425429,14.0189486640625,71.33202524405377,0.24533160162109374
128,5,122,1789.930809,13.9838344453125,71.51114409361507,0.24471710279296874
128,5,123,1777.095445,13.8835581640625,72.02764508802171,0.24296226787109373
128,5,124,1780.520099,13.9103132734375,71.88910704905219,0.24343048228515626
128,5,125,1778.626149,13.8955167890625,71.96565735411326,0.24317154380859377
128,5,126,1786.934863,13.9604286171875,71.63103851760265,0.24430750080078123
128,5,127,1798.789852,14.05304571875,71.15895159052742,0.245928300078125
128,5,128,1805.414888,14.1048038125,70.89783121363071,0.24683406671875
128,5,129,1805.836375,14.1080966796875,70.88128347176526,0.24689169189453125
128,5,130,1794.821375,14.0220419921875,71.31628906525587,0.24538573486328125
128,5,131,1807.78687,14.123334921875,70.80480676353181,0.2471583611328125
128,5,132,1802.267114,14.080211828125,71.02165877948767,0.2464037069921875
128,5,133,1800.23392,14.0643275,71.10187102796064,0.24612573124999998
128,5,134,1803.844884,14.09253815625,70.95953822601523,0.246619417734375
128,5,135,1790.883323,13.9912759609375,71.47310958571029,0.24484732931640624
128,5,136,1793.960084,14.01531315625,71.3505284435303,0.24526798023437502
128,5,137,1794.314412,14.01808134375,71.33643866646935,0.245316423515625
128,5,138,1805.918585,14.1087389453125,70.8780567757433,0.24690293154296872
128,5,139,1790.713651,13.9899503984375,71.47988173794292,0.24482413197265626
128,5,140,1805.218353,14.1032683828125,70.90554989499378,0.24680719669921874
128,5,141,1805.231298,14.103369515625,70.90504144361451,0.24680896652343748
128,5,142,1802.668588,14.08334834375,71.00584147972073,0.246458596015625
128,5,143,1802.504772,14.08206853125,71.01229466259632,0.246436199296875
128,5,144,1795.471555,14.0271215234375,71.29046385811442,0.24547462666015626
128,5,145,1806.376928,14.11231975,70.86007245548699,0.24696559562499998
128,5,146,1803.581495,14.0904804296875,70.96990091928173,0.24658340751953126
128,5,147,1807.771771,14.1232169609375,70.80539814447629,0.24715629681640625
128,5,148,1799.110083,14.0555475234375,71.14628571619205,0.24597208166015624
128,5,149,1805.996329,14.1093463203125,70.87500563795443,0.24691356060546873
128,5,150,1799.454854,14.058241046875,71.13265426774635,0.2460192183203125
128,5,151,1796.97013,14.038829140625,71.23101150267868,0.2456795099609375
128,5,152,1779.540273,13.9026583828125,71.92868964084411,0.24329652169921878
128,5,153,1783.758734,13.935615109375,71.7585834677124,0.2438732644140625
128,5,154,1787.746584,13.9667701875,71.59851465838405,0.24441847828125
128,5,155,1798.396889,14.0499756953125,71.17450034690312,0.24587457466796878
128,5,156,1786.29116,13.9553996875,71.65685128285581,0.24421949453125
128,5,157,1790.453727,13.9879197421875,71.49025862537691,0.24478859548828125
128,5,158,1790.423135,13.9876807421875,71.49148014108967,0.24478441298828124
128,5,159,1793.321937,14.0103276328125,71.37591826603524,0.24518073357421874
128,5,160,1795.118148,14.02436053125,71.3044988947435,0.24542630929687498
128,5,161,1808.006447,14.1250503671875,70.79620773055795,0.24718838142578126
128,5,162,1800.040126,14.062813484375,71.10952592175714,0.24609923597656252
128,5,163,1803.187799,14.0874046796875,70.98539601420629,0.24652958189453125
128,5,164,1793.67331,14.013072734375,71.36193602613176,0.2452287728515625
128,5,165,1803.23367,14.087763046875,70.98359027424327,0.2465358533203125
128,5,166,1820.123603,14.2197156484375,70.32489430334583,0.24884502384765625
128,5,167,1815.198737,14.1812401328125,70.51569472307318,0.24817170232421873
128,5,168,1812.39528,14.159338125,70.62477011085572,0.2477884171875
128,5,169,1804.054639,14.0941768671875,70.95128785619892,0.24664809517578123
128,5,170,1798.353207,14.0496344296875,71.17622917554037,0.24586860251953127
128,5,171,1804.407584,14.09693425,70.93740967118435,0.246696349375
128,5,172,1816.950567,14.1949263046875,70.4477063519362,0.24841121033203126
128,5,173,1805.263881,14.1036240703125,70.90376168668274,0.24681342123046876
128,5,174,1812.119726,14.157185359375,70.63550943322163,0.24775074378906248
128,5,175,1811.730353,14.1541433828125,70.6506902575474,0.24769750919921873
128,5,176,1815.47877,14.183427890625,70.50481785584307,0.24820998808593747
128,5,177,1805.400355,14.1046902734375,70.89840192260293,0.24683207978515626
128,5,178,1807.86765,14.123966015625,70.8016430295658,0.2471694052734375
128,5,179,1805.274933,14.1037104140625,70.90332760965667,0.24681493224609374
128,5,180,1814.531833,14.1760299453125,70.54161171059488,0.24808052404296876
128,5,181,1803.707799,14.0914671796875,70.9649312770976,0.24660067564453125
128,5,182,1800.988113,14.0702196328125,71.07209596557732,0.24622884357421876
128,5,183,1804.496177,14.0976263828125,70.9339269495166,0.24670846169921876
128,5,184,1803.573739,14.0904198359375,70.97020611476091,0.24658234712890623
128,5,185,1817.725212,14.20097821875,70.41768423246143,0.248517118828125
128,5,186,1817.106559,14.1961449921875,70.44165867214835,0.24843253736328125
128,5,187,1813.305397,14.1664484140625,70.58932279789602,0.24791284724609375
128,5,188,1787.159305,13.9621820703125,71.62204266955374,0.24433818623046874
128,5,189,1805.070367,14.1021122421875,70.91136298067653,0.24678696423828125
128,5,190,1788.877418,13.975604828125,71.55325385185225,0.24457308449218748
128,5,191,1788.088226,13.969439265625,71.58483465121815,0.2444651871484375
128,5,192,1794.401242,14.018759703125,71.33298673898265,0.24532829480468749
128,5,193,1789.558334,13.980924484375,71.52602827642723,0.24466617847656252
128,5,194,1804.060103,14.0942195546875,70.95107296433571,0.24664884220703126
128,5,195,1800.127981,14.0634998515625,71.1060554310666,0.24611124740234377
128,5,196,1799.158374,14.055924796875,71.14437608703813,0.24597868394531253
128,5,197,1808.849054,14.131633234375,70.76322909141982,0.24730358160156252
128,5,198,1799.750814,14.060553234375,71.12095685930886,0.2460596816015625
128,5,199,1809.82274,14.13924015625,70.72515842076335,0.247436702734375
128,5,200,1785.275899,13.9474679609375,71.69760151453207,0.24408068931640625
128,5,201,1784.430538,13.940863578125,71.73156773222628,0.2439651126171875
128,5,202,1787.662357,13.9661121640625,71.60188807399048,0.24440696287109376
128,5,203,1782.931287,13.9291506796875,71.79188616706348,0.24376013689453127
128,5,204,1792.961869,14.0075146015625,71.3902521928089,0.24513150552734372
128,5,205,1786.831867,13.9596239609375,71.6351674513761,0.24429341931640627
128,5,206,1790.353674,13.987138078125,71.49425382194066,0.2447749163671875
128,5,207,1794.061372,14.01610446875,71.3465001798166,0.24528182820312497
128,5,208,1785.516358,13.949346546875,71.68794585750862,0.24411356457031252
128,5,209,1783.710336,13.935237,71.76053051699084,0.2438666475
128,5,210,1796.717879,14.0368584296875,71.24101201199211,0.24564502251953127
128,5,211,1789.070958,13.977116859375,71.54551328869093,0.2445995450390625
128,5,212,1798.924954,14.054101203125,71.15360744503853,0.2459467710546875
128,5,213,1797.858057,14.0457660703125,71.1958318965333,0.24580090623046874
128,5,214,1788.024561,13.9689418828125,71.58738352476134,0.24445648294921876
128,5,215,1792.457907,14.0035773984375,71.41032405844942,0.24506260447265624
128,5,216,1779.830452,13.90492540625,71.91696257144386,0.24333619460937497
128,5,217,1777.835927,13.8893431796875,71.99764503352844,0.24306350564453127
128,5,218,1776.566574,13.879426359375,72.04908719621109,0.24288996128906248
128,5,219,1780.704314,13.911752453125,71.88167007495665,0.2434556679296875
128,5,220,1784.671024,13.942742375,71.72190183998863,0.24399799156250002
128,5,221,1786.469113,13.9567899453125,71.6497134311216,0.24424382404296877
128,5,222,1781.735204,13.91980628125,71.8400802277688,0.243596609921875
128,5,223,1779.825199,13.9048843671875,71.91717482813321,0.24333547642578124
128,5,224,1801.682941,14.0756479765625,71.04468665777304,0.24632383958984375
128,5,225,1786.654407,13.9582375546875,71.64228263647632,0.24426915720703124
128,5,226,1796.681261,14.0365723515625,71.24246396868276,0.24564001615234374
128,5,227,1800.6264,14.06739375,71.08637305328857,0.24617939062500002
128,5,228,1785.408927,13.9485072421875,71.69225943945334,0.24409887673828123
128,5,229,1793.000293,14.0078147890625,71.38872229955626,0.24513675880859376
128,5,230,1792.068971,14.0005388359375,71.42582237143148,0.24500942962890623
128,5,231,1797.804611,14.0453485234375,71.19794844046041,0.24579359916015625
128,5,232,1936.572039,15.1294690546875,66.09617273318486,0.26476570845703123
128,5,233,1773.754242,13.857455015625,72.16332283759523,0.2425054627734375
128,5,234,1803.170203,14.0872672109375,70.98608871588591,0.24652717619140624
128,5,235,1799.702978,14.060179515625,71.12284725018664,0.24605314152343752
128,5,236,1806.466904,14.1130226875,70.85654307675044,0.24697789703125003
128,5,237,1805.504216,14.1055016875,70.8943235167721,0.24684627953125002
128,5,238,1812.725126,14.161915046875,70.61191912887955,0.2478335133203125
128,5,239,1800.558644,14.06686440625,71.08904807212711,0.246170127109375
128,5,240,1820.476369,14.2224716328125,70.311266973661,0.24889325357421876
128,5,241,1802.471778,14.081810765625,71.0135945329625,0.2464316883984375
128,5,242,1806.626352,14.114268375,70.85028946815672,0.24699969656249998
128,5,243,1809.150394,14.133987453125,70.7514424585754,0.2473447804296875
128,5,244,1811.626851,14.1533347734375,70.65472667803819,0.24768335853515627
128,5,245,1809.377211,14.1357594609375,70.74257331297846,0.24737579056640624
128,5,246,1802.069822,14.078670484375,71.02943428570438,0.2463767334765625
128,5,247,1800.921353,14.0696980703125,71.07473060207533,0.24621971623046876
128,5,248,1804.754565,14.0996450390625,70.92377128853529,0.24674378818359374
128,5,249,1794.390736,14.018677625,71.33340438734855,0.24532685843750002
128,5,250,1794.360971,14.0184450859375,71.33458767143459,0.24532278900390625
128,5,251,1794.18421,14.017064140625,71.34161547436649,0.24529862246093748
128,5,252,1790.315385,13.9868389453125,71.495782850573,0.24476968154296874
128,5,253,1792.221649,14.0017316328125,71.41973765991486,0.24503030357421876
128,5,254,1793.262551,14.0098636796875,71.37828196357623,0.24517261439453125
128,5,255,1794.105411,14.0164485234375,71.34474887328679,0.24528784916015625
128,5,256,1795.808676,14.02975528125,71.27708074398456,0.245520717421875
128,5,257,1794.659005,14.0207734765625,71.32274133603447,0.24536353583984374
128,5,258,1783.624679,13.9345678046875,71.76397675309357,0.24385493658203125
128,5,259,1794.484106,14.019407078125,71.32969279138324,0.24533962386718752
128,5,260,1776.085425,13.8756673828125,72.06860559649039,0.24282417919921875
128,5,261,1784.236768,13.93934975,71.73935785634477,0.243938620625
128,5,262,1784.458047,13.9410784921875,71.73046192662886,0.24396887361328126
128,5,263,1777.203542,13.884402671875,72.02326406346988,0.2429770467578125
128,5,264,1784.880471,13.9443786796875,71.7134856253352,0.24402662689453122
128,5,265,1796.73357,14.036981015625,71.24038985924886,0.2456471677734375
128,5,266,1789.409236,13.97975965625,71.53198800187707,0.244645793984375
128,5,267,1784.808429,13.9438158515625,71.71638026817051,0.24401677740234373
128,5,268,1795.597631,14.0281064921875,71.28545827314025,0.24549186361328126
128,5,269,1784.625011,13.9423828984375,71.72375104631995,0.24399170072265627
128,5,270,1800.60889,14.067256953125,71.08706433188831,0.2461769966796875
128,5,271,1802.148789,14.0792874140625,71.02632190043882,0.24638752974609374
128,5,272,1807.562773,14.1215841640625,70.81358496200895,0.24712772287109377
128,5,273,1806.925745,14.1166073828125,70.83855014750482,0.24704062919921876
128,5,274,1811.128953,14.1494449453125,70.67415038999711,0.24761528654296874
128,5,275,1810.344238,14.143314359375,70.70478493162692,0.2475080012890625
128,5,276,1815.595808,14.18434225,70.50027293299412,0.248225989375
128,5,277,1807.724554,14.122848078125,70.80724755149838,0.24714984136718748
128,5,278,1805.71305,14.107133203125,70.88612445925448,0.24687483105468752
128,5,279,1807.836847,14.1237253671875,70.8028493900921,0.24716519392578126
128,5,280,1816.209443,14.1891362734375,70.47645330406974,0.24830988478515625
128,5,281,1791.279305,13.9943695703125,71.45730966841042,0.24490146748046873
128,5,282,1804.286327,14.0959869296875,70.94217701733989,0.24667977126953125
128,5,283,1805.442684,14.10502096875,70.89673969400847,0.246837866953125
128,5,284,1792.549334,14.004291671875,71.40668185370009,0.2450751042578125
128,5,285,1812.418935,14.1595229296875,70.62384834331915,0.24779165126953123
128,5,286,1814.453096,14.1754148125,70.54467281748902,0.24806975921875
128,5,287,1811.542221,14.1526736015625,70.65802746200526,0.24767178802734374
128,5,288,1808.163868,14.12628021875,70.79004412447424,0.24720990382812502
128,5,289,1813.886644,14.17098940625,70.56670295434405,0.24799231460937501
128,5,290,1804.889825,14.1007017578125,70.91845619995115,0.24676228076171874
128,5,291,1803.459082,14.089524078125,70.9747181278161,0.24656667136718752
128,5,292,1795.957477,14.0309177890625,71.27117520277459,0.24554106130859374
128,5,293,1801.843352,14.0769011875,71.03836182980238,0.24634577078125003
128,5,294,1808.912435,14.1321283984375,70.76074967664204,0.24731224697265625
128,5,295,1808.063042,14.125492515625,70.79399170640202,0.2471961190234375
128,5,296,1804.885074,14.100664640625,70.91864287864348,0.2467616312109375
128,5,297,1801.828965,14.0767887890625,71.03892904729723,0.24634380380859375
128,5,298,1823.093857,14.2429207578125,70.2103183050767,0.24925111326171875
128,5,299,1804.901123,14.1007900234375,70.91801227717447,0.24676382541015626
128,5,300,1807.014387,14.1172998984375,70.83507520518707,0.24705274822265624
128,5,301,1807.591089,14.1218053828125,70.81247566384745,0.24713159419921873
128,5,302,1793.677653,14.0131066640625,71.3617632387373,0.24522936662109374
128,5,303,1812.543106,14.160493015625,70.61901015004054,0.2478086277734375
128,5,304,1806.771273,14.1154005703125,70.84460657129343,0.24701950998046876
128,5,305,1806.497071,14.1132583671875,70.8553598313584,0.24698202142578127
128,5,306,1802.180088,14.0795319375,71.02508836508684,0.24639180890625
128,5,307,1804.673827,14.0990142734375,70.9269442959567,0.24673274978515627
128,5,308,1796.461401,14.0348546953125,71.25118298046861,0.24560995716796877
128,5,309,1800.838668,14.06905209375,71.07799397830344,0.246208411640625
128,5,310,1797.719763,14.0446856484375,71.20130881044332,0.24578199884765628
128,5,311,1798.373415,14.0497923046875,71.17542938099983,0.24587136533203124
128,5,312,1795.139596,14.02452809375,71.3036469616149,0.24542924164062502
128,5,313,1792.109553,14.0008558828125,71.42420494647071,0.24501497794921875
128,5,314,1802.818592,14.08452025,70.99993341981244,0.246479104375
128,5,315,1805.241705,14.1034508203125,70.9046326846299,0.24681038935546876
128,5,316,1805.781382,14.107667046875,70.88344207992283,0.2468841733203125
128,5,317,1803.438015,14.0893594921875,70.97554722444951,0.24656379111328125
128,5,318,1807.650657,14.1222707578125,70.81014216122402,0.24713973826171876
128,5,319,1805.041644,14.10188784375,70.91249136853709,0.24678303726562498
128,5,320,1810.87775,14.147482421875,70.6839542315874,0.2475809423828125
128,5,321,1812.011704,14.1563414375,70.63972032710446,0.24773597515624998
128,5,322,1805.863894,14.108311671875,70.8802033338621,0.2468954542578125
128,5,323,1803.80737,14.092245078125,70.96101398011253,0.2466142888671875
128,5,324,1794.678604,14.02092659375,71.32196244760046,0.245366215390625
128,5,325,1811.344736,14.15113075,70.66573107594246,0.247644788125
128,5,326,1814.997435,14.1796674609375,70.52351564342568,0.24814418056640625
128,5,327,1814.070943,14.1724292421875,70.55953378996381,0.24801751173828124
128,5,328,1808.743424,14.130808,70.76736163990056,0.24728914
128,5,329,1802.505577,14.0820748203125,71.01226294846578,0.24643630935546873
128,5,330,1802.157026,14.079351765625,71.02599726512399,0.24638865589843753
128,5,331,1806.668126,14.114594734375,70.84865125915218,0.2470054078515625
128,5,332,1804.728416,14.09944075,70.9247989144534,0.246740213125
128,5,333,1791.52011,13.996250859375,71.44770482090765,0.2449343900390625
128,5,334,1800.897964,14.06951534375,71.07565367873335,0.246216518515625
128,5,335,1783.162419,13.9309563984375,71.78258056368335,0.24379173697265624
128,5,336,1800.745554,14.068324640625,71.08166932061741,0.24619568121093752
128,5,337,1787.375382,13.963870171875,71.61338423312803,0.2443677280078125
128,5,338,1800.326961,14.0650543828125,71.09819647921165,0.24613845169921875
128,5,339,1790.922341,13.9915807890625,71.47155243399803,0.24485266380859375
128,5,340,1784.99482,13.94527203125,71.70889156978058,0.24404226054687497
128,5,341,1804.660755,14.0989121484375,70.92745805291256,0.24673096259765626
128,5,342,1795.96148,14.0309490625,71.27101634718802,0.24554160859375
128,5,343,1790.841796,13.99095153125,71.47476694250663,0.244841651796875
128,5,344,1811.976441,14.1560659453125,70.64109505163262,0.24773115404296875
128,5,345,1812.606575,14.1609888671875,70.61653740277313,0.24781730517578127
128,5,346,1803.813938,14.092296390625,70.9607555987296,0.2466151868359375
128,5,347,1802.094957,14.0788668515625,71.02844359161035,0.24638016990234377
128,5,348,1800.924407,14.0697219296875,71.07461007384748,0.24622013376953125
128,5,349,1796.29924,14.0335878125,71.25761518442773,0.24558778671875
128,5,350,1802.126777,14.0791154453125,71.0271894483925,0.24638452029296876
128,5,351,1799.679256,14.0599941875,71.12378473733989,0.24604989828124998
128,5,352,1803.380375,14.0889091796875,70.97781575891887,0.24655591064453125
128,5,353,1790.581697,13.9889195078125,71.48514933133487,0.24480609138671874
128,5,354,1794.839903,14.0221867421875,71.31555287246141,0.24538826798828126
128,5,355,1798.607025,14.0516173828125,71.16618484240603,0.24590330419921874
128,5,356,1808.242446,14.126894109375,70.78696791082848,0.24722064691406248
128,5,357,1808.599742,14.129685484375,70.7729836666094,0.24726949597656253
128,5,358,1814.756116,14.17778215625,70.5328935780812,0.248111187734375
128,5,359,1799.352639,14.0574424921875,71.13669506780877,0.24600524361328124
128,5,360,1804.94479,14.101131171875,70.91629655885485,0.2467697955078125
128,5,361,1804.341496,14.0964179375,70.9400079107863,0.24668731390625
128,5,362,1803.602033,14.0906408828125,70.9690927699237,0.24658621544921874
128,5,363,1808.596547,14.1296605234375,70.77310869155386,0.24726905916015626
128,5,364,1919.576936,14.9966948125,66.68135962642135,0.26244215921874997
128,5,365,1805.748394,14.107409328125,70.88473700173758,0.2468796632421875
128,5,366,1815.254502,14.181675796875,70.51352846610376,0.24817932644531251
128,5,367,1800.207741,14.0641229765625,71.1029050063395,0.24612215208984375
128,5,368,1811.745557,14.1542621640625,70.65009736353392,0.24769958787109375
128,5,369,1790.988825,13.9921001953125,71.46889931041306,0.24486175341796873
128,5,370,1778.345814,13.893326671875,71.9770018813675,0.2431332167578125
128,5,371,1804.699861,14.0992176640625,70.92592112744668,0.24673630912109376
128,5,372,1805.492856,14.1054129375,70.8947695775319,0.24684472640625
128,5,373,1788.446246,13.972236296875,71.57050444556666,0.24451413519531248
128,5,374,1797.601552,14.043762125,71.20599103710609,0.2457658371875
128,5,375,1779.251389,13.9004014765625,71.94036817469642,0.24325702583984374
128,5,376,1752.54154,13.69173078125,73.03678519369076,0.239605288671875
128,5,377,1767.109358,13.805541859375,72.43467950668847,0.24159698253906248
128,5,378,1772.381806,13.846732859375,72.21920218695813,0.24231782503906252
128,5,379,1785.765738,13.951294828125,71.67793472359699,0.2441476594921875
128,5,380,1765.053309,13.7894789765625,72.51905613690448,0.24131588208984375
128,5,381,1776.002449,13.8750191328125,72.07197268904216,0.24281283482421875
128,5,382,1773.372306,13.854471140625,72.1788648480225,0.2424532449609375
128,5,383,1790.790001,13.9905468828125,71.47683420642463,0.24483457044921877
128,5,384,1771.705276,13.84144746875,72.24677926623728,0.242225330703125
128,5,385,1808.717275,14.1306037109375,70.76838473829471,0.24728556494140624
128,5,386,1806.955407,14.1168391171875,70.83738730028328,0.24704468455078124
128,5,387,1789.244787,13.9784748984375,71.5385624873697,0.24462331072265628
128,5,388,1796.762099,14.0372038984375,71.23925870388699,0.24565106822265625
128,5,389,1809.214725,14.1344900390625,70.74892672012714,0.24735357568359376
128,5,390,1771.680138,13.841251078125,72.24780436072146,0.2422218938671875
128,5,391,1774.132598,13.860410921875,72.1479331050542,0.2425571911328125
128,5,392,1774.23242,13.86119078125,72.14387391252832,0.242570838671875
128,5,393,1787.732623,13.9666611171875,71.59907379505262,0.24441656955078128
128,5,394,1796.547551,14.0355277421875,71.24776626633246,0.24562173548828128
128,5,395,1801.214032,14.071984625,71.06318167967726,0.24625973093750003
128,5,396,1804.347327,14.0964634921875,70.9397786582583,0.24668811111328126
128,5,397,1810.637223,14.1456033046875,70.69334396424259,0.24754805783203124
128,5,398,1809.813972,14.13917165625,70.72550106271365,0.24743550398437497
128,5,399,1804.003453,14.0937769765625,70.95330099681355,0.24664109708984375
128,5,400,1799.165459,14.0559801484375,71.14409592497628,0.24597965259765628
128,5,401,1799.891137,14.0616495078125,71.11541213172828,0.24607886638671878
128,5,402,1792.699622,14.005465796875,71.40069559293967,0.2450956514453125
128,5,403,1799.960995,14.0621952734375,71.11265208277472,0.24608841728515624
128,5,404,1799.145322,14.055822828125,71.14489220787914,0.2459768994921875
128,5,405,1797.067206,14.039587546875,71.22716366568653,0.24569278207031248
128,5,406,1819.653177,14.2160404453125,70.34307505292257,0.24878070779296874
128,5,407,1802.790126,14.084297859375,71.00105450655214,0.24647521253906252
128,5,408,1812.969483,14.1638240859375,70.60240186072674,0.24786692150390627
128,5,409,1804.310191,14.0961733671875,70.94123872850197,0.24668303392578125
128,5,410,1808.185446,14.126448796875,70.78919935073961,0.2472128539453125
128,5,411,1804.172657,14.0950988828125,70.94664665456129,0.24666423044921876
128,5,412,1808.658058,14.130141078125,70.77070175527894,0.24727746886718752
128,5,413,1803.125335,14.0869166796875,70.98785509549728,0.24652104189453122
128,5,414,1780.07617,13.906845078125,71.9070353040005,0.24336978886718752
128,5,415,1798.746838,14.052709671875,71.16065323696208,0.2459224192578125
128,5,416,1802.264729,14.0801931953125,71.02175276493467,0.24640338091796873
128,5,417,1787.351781,13.9636857890625,71.61432984859067,0.24436450130859375
128,5,418,1793.13892,14.0088978125,71.38320326012443,0.24515571171875
128,5,419,1805.017203,14.1016968984375,70.91345156559153,0.24677969572265626
128,5,420,1803.491122,14.089774390625,70.97345722337302,0.24657105183593747
128,5,421,1807.578469,14.1217067890625,70.81297005646066,0.24712986880859375
128,5,422,1817.667466,14.200527078125,70.419921352105,0.2485092238671875
128,5,423,1810.870411,14.1474250859375,70.68424069578549,0.24757993900390626
128,5,424,1821.843584,14.233153,70.25850140162197,0.2490801775
128,5,425,1799.409475,14.0578865234375,71.13444814999654,0.24601301416015625
128,5,426,1807.430553,14.1205511953125,70.8187652286522,0.24710964591796875
128,5,427,1792.829392,14.006479625,71.39552741112134,0.24511339343750002
128,5,428,1814.385172,14.17488415625,70.54731375417127,0.248060472734375
128,5,429,1820.531115,14.2228993359375,70.30915261231335,0.24890073837890625
128,5,430,1813.121392,14.165010875,70.5964865699406,0.24788769031250002
128,5,431,1780.996379,13.9140342109375,71.86988222394359,0.24349559869140622
128,5,432,1798.211642,14.048528453125,71.18183255539172,0.2458492479296875
128,5,433,1797.67284,14.0443190625,71.20316731269078,0.24577558359374999
128,5,434,1793.384971,14.0108200859375,71.37340954107951,0.24518935150390625
128,5,435,1792.224757,14.0017559140625,71.4196138068413,0.24503072849609372
128,5,436,1785.49958,13.94921546875,71.68861949550276,0.244111270703125
128,5,437,1787.899161,13.9679621953125,71.59240453382594,0.24443933841796878
128,5,438,1793.953102,14.015258609375,71.35080613718296,0.2452670256640625
128,5,439,1793.055007,14.0082422421875,71.38654391543717,0.24514423923828124
128,5,440,1776.177848,13.8763894375,72.06485552340926,0.24283681515625
128,5,441,1753.888855,13.7022566796875,72.98067926886964,0.23978949189453125
128,5,442,1754.602593,13.7078327578125,72.95099215666097,0.23988707326171876
128,5,443,1788.957259,13.9762285859375,71.55006043663114,0.24458400025390625
128,5,444,1806.307218,14.111775140625,70.86280712631245,0.24695606496093747
128,5,445,1805.681794,14.106889015625,70.88735148425603,0.2468705577734375
128,5,446,1782.167608,13.9231844375,71.82264980320527,0.24365572765625002
128,5,447,1794.630642,14.020551890625,71.3238685467625,0.2453596580859375
128,5,448,1785.615258,13.950119203125,71.68397527212439,0.2441270860546875
128,5,449,1763.842149,13.7800167890625,72.56885207815725,0.24115029380859374
128,5,450,1784.000208,13.937501625,71.74887055842765,0.24390627843749998
128,5,451,1779.396335,13.9015338671875,71.93450805888054,0.24327684267578123
128,5,452,1764.000695,13.7812554296875,72.56232968774425,0.24117197001953125
128,5,453,1774.452808,13.8629125625,72.13491360430703,0.24260096984375
128,5,454,1794.99803,14.023422109375,71.30927046198485,0.24540988691406249
128,5,455,1791.483098,13.995961703125,71.44918092886189,0.24492932980468748
128,5,456,1798.832135,14.0533760546875,71.1572789419842,0.24593408095703126
128,5,457,1811.136179,14.1495013984375,70.6738684170474,0.24761627447265627
128,5,458,1813.476781,14.1677873515625,70.58265170035281,0.24793627865234377
128,5,459,1813.078262,14.164673921875,70.59816593841,0.2478817936328125
128,5,460,1806.970161,14.1169543828125,70.83680890954126,0.24704670169921875
128,5,461,1803.227399,14.0877140546875,70.98383713057146,0.24653499595703127
128,5,462,1804.794708,14.09995865625,70.92219377230133,0.24674927648437497
128,5,463,1826.823113,14.2720555703125,70.06699175696274,0.24976097248046875
128,5,464,1811.732404,14.15415940625,70.65061027632865,0.247697789609375
128,5,465,1797.613648,14.043856625,71.20551189762662,0.24576749093750003
128,5,466,1792.264956,14.00206996875,71.4180119247949,0.24503622445312498
128,5,467,1799.44723,14.058181484375,71.1329556466071,0.2460181759765625
128,5,468,1800.295532,14.06480884375,71.09943768943376,0.246134154765625
128,5,469,1797.624396,14.04394059375,71.205086159723,0.24576896039062499
128,5,470,1804.59161,14.098371953125,70.9301757199237,0.2467215091796875
128,5,471,1800.036196,14.06278278125,71.10968117443345,0.246098698671875
128,5,472,1786.393943,13.9562026796875,71.65272839261972,0.24423354689453125
128,5,473,1788.886398,13.975674984375,71.55289466290637,0.2445743122265625
128,5,474,1805.090686,14.102270984375,70.91056476704905,0.2467897422265625
128,5,475,1799.775747,14.0607480234375,71.119971592772,0.24606309041015623
128,5,476,1817.784412,14.20144071875,70.41539093140821,0.24852521257812502
128,5,477,1801.012183,14.0704076796875,71.07114610784396,0.24623213439453123
128,5,478,1808.154121,14.1262040703125,70.79042572389214,0.24720857123046874
128,5,479,1818.101534,14.203918234375,70.40310874079049,0.24856856910156247
128,5,480,1809.584167,14.1373763046875,70.7344827249475,0.24740408533203126
128,5,481,1827.239346,14.275307390625,70.0510309611076,0.2498178793359375
128,5,482,1814.342673,14.1745521328125,70.54896624811954,0.24805466232421874
128,5,483,1814.82356,14.1783090625,70.53027237534872,0.24812040859375
128,5,484,1809.200698,14.134380453125,70.74947524699661,0.24735165792968752
128,5,485,1804.811902,14.100092984375,70.92151811396909,0.24675162722656246
128,5,486,1798.084079,14.0475318671875,71.1868824683587,0.24583180767578125
128,5,487,1806.447562,14.112871578125,70.85730175211141,0.24697525261718753
128,5,488,1805.471776,14.10524825,70.89559731782813,0.24684184437500004
128,5,489,1794.393178,14.018696703125,71.33330730930811,0.24532719230468752
128,5,490,1796.101691,14.0320444609375,71.26545264190166,0.24556077806640628
128,5,491,1789.253236,13.97854090625,71.53822467643144,0.244624465859375
128,5,492,1787.421157,13.9642277890625,71.61155024864685,0.24437398630859375
128,5,493,1781.546569,13.9183325703125,71.84768685100815,0.24357081998046876
128,5,494,1790.190473,13.9858630703125,71.50077152712007,0.24475260373046875
128,5,495,1804.351318,14.096494671875,70.93962174831853,0.2466886567578125
128,5,496,1794.590547,14.0202386484375,71.32546207488744,0.24535417634765624
128,5,497,1801.940343,14.0776589296875,71.0345381284357,0.24635903126953124
128,5,498,1790.285388,13.98660459375,71.496980793098,0.244765580390625
128,5,499,1786.1658,13.9544203125,71.6618804368553,0.24420235546875
128,5,500,1802.635578,14.083090453125,71.00714174409799,0.24645408292968748
